
go build -race -o main/kvsrv1d main/kvsrv1d.go
go build -race -o main/shardgrp1d main/shardgrp1d.go
cd shardkv1; go test -timeout 15m -v -race -run 5A 
=== RUN   TestOneConcurrentClerkUnreliable5A
Test (5A): one concurrent clerk unreliable ... (unreliable network)...
2026/05/03 01:58:54 RSM node0: Start executed for op.ID={0 1} op.command={Key:k0 Value:{"Id":0,"V":0} Version:0}. index=1, term=1, isLeader=true
2026/05/03 01:58:54 RSM node0: Submit enqueued. op.ID={0 1} index=1 term=1 queued.len=1
2026/05/03 01:58:54 RSM node0: READER: applying op. applyOp.ID={0 1} applyOp.index=1 applyOp.command=rpc.PutArgs applyOp.command={Key:k0 Value:{"Id":0,"V":0} Version:0}
2026/05/03 01:58:54 RSM node0: READER: dequeuing matched submit. applyOp.ID={0 1} index=1 queued.id={0 1} queued.index=1 queued.len(after)=0
2026/05/03 01:58:54 RSM node0: READER: sending OK response. applyOp.command={Key:k0 Value:{"Id":0,"V":0} Version:0} applyOp.command.type=rpc.PutArgs applyOp.ID={0 1} applyOp.index=1; queueed.command={Key:k0 Value:{"Id":0,"V":0} Version:0} queued.id={0 1} queued.index=1; DoOP.result={Err:OK} DoOP.result.type=rpc.PutReply
2026/05/03 01:58:54 RSM node0: Submit received result for op.ID={0 1} queued.CommandIndex=1: error=OK result={OK}
2026/05/03 01:58:54 RSM node0: Start executed for op.ID={0 2} op.command={Key:k0}. index=2, term=1, isLeader=true
2026/05/03 01:58:54 RSM node0: Submit enqueued. op.ID={0 2} index=2 term=1 queued.len=1
2026/05/03 01:58:54 RSM node0: READER: applying op. applyOp.ID={0 2} applyOp.index=2 applyOp.command=rpc.GetArgs applyOp.command={Key:k0}
2026/05/03 01:58:54 RSM node0: READER: dequeuing matched submit. applyOp.ID={0 2} index=2 queued.id={0 2} queued.index=2 queued.len(after)=0
2026/05/03 01:58:54 RSM node0: READER: sending OK response. applyOp.command={Key:k0} applyOp.command.type=rpc.GetArgs applyOp.ID={0 2} applyOp.index=2; queueed.command={Key:k0} queued.id={0 2} queued.index=2; DoOP.result={Value:{"Id":0,"V":0} Version:1 Err:OK} DoOP.result.type=rpc.GetReply
2026/05/03 01:58:54 RSM node0: Submit received result for op.ID={0 2} queued.CommandIndex=2: error=OK result={{"Id":0,"V":0} 1 OK}
2026/05/03 01:58:54 RSM node1: READER: applying op. applyOp.ID={0 1} applyOp.index=1 applyOp.command=rpc.PutArgs applyOp.command={Key:k0 Value:{"Id":0,"V":0} Version:0}
2026/05/03 01:58:54 RSM node2: READER: applying op. applyOp.ID={0 1} applyOp.index=1 applyOp.command=rpc.PutArgs applyOp.command={Key:k0 Value:{"Id":0,"V":0} Version:0}
2026/05/03 01:58:54 RSM node0: Start executed for op.ID={0 3} op.command={Key:k0 Value:{"Id":0,"V":1} Version:1}. index=3, term=1, isLeader=true
2026/05/03 01:58:54 RSM node0: Submit enqueued. op.ID={0 3} index=3 term=1 queued.len=1
2026/05/03 01:58:54 RSM node0: READER: applying op. applyOp.ID={0 3} applyOp.index=3 applyOp.command=rpc.PutArgs applyOp.command={Key:k0 Value:{"Id":0,"V":1} Version:1}
2026/05/03 01:58:54 RSM node0: READER: dequeuing matched submit. applyOp.ID={0 3} index=3 queued.id={0 3} queued.index=3 queued.len(after)=0
2026/05/03 01:58:54 RSM node0: READER: sending OK response. applyOp.command={Key:k0 Value:{"Id":0,"V":1} Version:1} applyOp.command.type=rpc.PutArgs applyOp.ID={0 3} applyOp.index=3; queueed.command={Key:k0 Value:{"Id":0,"V":1} Version:1} queued.id={0 3} queued.index=3; DoOP.result={Err:OK} DoOP.result.type=rpc.PutReply
2026/05/03 01:58:54 RSM node0: Submit received result for op.ID={0 3} queued.CommandIndex=3: error=OK result={OK}
2026/05/03 01:58:54 RSM node1: READER: applying op. applyOp.ID={0 2} applyOp.index=2 applyOp.command=rpc.GetArgs applyOp.command={Key:k0}
2026/05/03 01:58:54 RSM node2: READER: applying op. applyOp.ID={0 2} applyOp.index=2 applyOp.command=rpc.GetArgs applyOp.command={Key:k0}
2026/05/03 01:58:54 RSM node0: Start executed for op.ID={0 4} op.command={Key:k0}. index=4, term=1, isLeader=true
2026/05/03 01:58:54 RSM node0: Submit enqueued. op.ID={0 4} index=4 term=1 queued.len=1
2026/05/03 01:58:54 RSM node1: READER: applying op. applyOp.ID={0 3} applyOp.index=3 applyOp.command=rpc.PutArgs applyOp.command={Key:k0 Value:{"Id":0,"V":1} Version:1}
2026/05/03 01:58:54 RSM node0: READER: applying op. applyOp.ID={0 4} applyOp.index=4 applyOp.command=rpc.GetArgs applyOp.command={Key:k0}
2026/05/03 01:58:54 RSM node0: READER: dequeuing matched submit. applyOp.ID={0 4} index=4 queued.id={0 4} queued.index=4 queued.len(after)=0
2026/05/03 01:58:54 RSM node0: READER: sending OK response. applyOp.command={Key:k0} applyOp.command.type=rpc.GetArgs applyOp.ID={0 4} applyOp.index=4; queueed.command={Key:k0} queued.id={0 4} queued.index=4; DoOP.result={Value:{"Id":0,"V":1} Version:2 Err:OK} DoOP.result.type=rpc.GetReply
2026/05/03 01:58:54 RSM node0: Submit received result for op.ID={0 4} queued.CommandIndex=4: error=OK result={{"Id":0,"V":1} 2 OK}
2026/05/03 01:58:54 RSM node2: READER: applying op. applyOp.ID={0 3} applyOp.index=3 applyOp.command=rpc.PutArgs applyOp.command={Key:k0 Value:{"Id":0,"V":1} Version:1}
2026/05/03 01:58:54 RSM node1: READER: applying op. applyOp.ID={0 4} applyOp.index=4 applyOp.command=rpc.GetArgs applyOp.command={Key:k0}
2026/05/03 01:58:54 RSM node2: READER: applying op. applyOp.ID={0 4} applyOp.index=4 applyOp.command=rpc.GetArgs applyOp.command={Key:k0}
2026/05/03 01:58:54 RSM node0: Start executed for op.ID={0 5} op.command={Key:k0 Value:{"Id":0,"V":2} Version:2}. index=5, term=1, isLeader=true
2026/05/03 01:58:54 RSM node0: Submit enqueued. op.ID={0 5} index=5 term=1 queued.len=1
2026/05/03 01:58:54 RSM node0: READER: applying op. applyOp.ID={0 5} applyOp.index=5 applyOp.command=rpc.PutArgs applyOp.command={Key:k0 Value:{"Id":0,"V":2} Version:2}
2026/05/03 01:58:54 RSM node0: READER: dequeuing matched submit. applyOp.ID={0 5} index=5 queued.id={0 5} queued.index=5 queued.len(after)=0
2026/05/03 01:58:54 RSM node0: READER: sending OK response. applyOp.command={Key:k0 Value:{"Id":0,"V":2} Version:2} applyOp.command.type=rpc.PutArgs applyOp.ID={0 5} applyOp.index=5; queueed.command={Key:k0 Value:{"Id":0,"V":2} Version:2} queued.id={0 5} queued.index=5; DoOP.result={Err:OK} DoOP.result.type=rpc.PutReply
2026/05/03 01:58:54 RSM node0: Submit received result for op.ID={0 5} queued.CommandIndex=5: error=OK result={OK}
2026/05/03 01:58:54 RSM node1: READER: applying op. applyOp.ID={0 5} applyOp.index=5 applyOp.command=rpc.PutArgs applyOp.command={Key:k0 Value:{"Id":0,"V":2} Version:2}
2026/05/03 01:58:54 RSM node2: READER: applying op. applyOp.ID={0 5} applyOp.index=5 applyOp.command=rpc.PutArgs applyOp.command={Key:k0 Value:{"Id":0,"V":2} Version:2}
2026/05/03 01:58:54 RSM node0: Start executed for op.ID={0 6} op.command={Key:k0}. index=6, term=1, isLeader=true
2026/05/03 01:58:54 RSM node0: Submit enqueued. op.ID={0 6} index=6 term=1 queued.len=1
2026/05/03 01:58:54 RSM node0: READER: applying op. applyOp.ID={0 6} applyOp.index=6 applyOp.command=rpc.GetArgs applyOp.command={Key:k0}
2026/05/03 01:58:54 RSM node0: READER: dequeuing matched submit. applyOp.ID={0 6} index=6 queued.id={0 6} queued.index=6 queued.len(after)=0
2026/05/03 01:58:54 RSM node0: READER: sending OK response. applyOp.command={Key:k0} applyOp.command.type=rpc.GetArgs applyOp.ID={0 6} applyOp.index=6; queueed.command={Key:k0} queued.id={0 6} queued.index=6; DoOP.result={Value:{"Id":0,"V":2} Version:3 Err:OK} DoOP.result.type=rpc.GetReply
2026/05/03 01:58:54 RSM node0: Submit received result for op.ID={0 6} queued.CommandIndex=6: error=OK result={{"Id":0,"V":2} 3 OK}
2026/05/03 01:58:54 RSM node2: READER: applying op. applyOp.ID={0 6} applyOp.index=6 applyOp.command=rpc.GetArgs applyOp.command={Key:k0}
2026/05/03 01:58:54 RSM node1: READER: applying op. applyOp.ID={0 6} applyOp.index=6 applyOp.command=rpc.GetArgs applyOp.command={Key:k0}
2026/05/03 01:58:54 RSM node0: Start executed for op.ID={0 7} op.command={Key:k0 Value:{"Id":0,"V":3} Version:3}. index=7, term=1, isLeader=true
2026/05/03 01:58:54 RSM node0: Submit enqueued. op.ID={0 7} index=7 term=1 queued.len=1
2026/05/03 01:58:54 RSM node0: READER: applying op. applyOp.ID={0 7} applyOp.index=7 applyOp.command=rpc.PutArgs applyOp.command={Key:k0 Value:{"Id":0,"V":3} Version:3}
2026/05/03 01:58:54 RSM node0: READER: dequeuing matched submit. applyOp.ID={0 7} index=7 queued.id={0 7} queued.index=7 queued.len(after)=0
2026/05/03 01:58:54 RSM node1: Start executed for op.ID={1 1} op.command={Shard:0 Num:2}. index=-1, term=1, isLeader=false
2026/05/03 01:58:54 RSM node0: READER: sending OK response. applyOp.command={Key:k0 Value:{"Id":0,"V":3} Version:3} applyOp.command.type=rpc.PutArgs applyOp.ID={0 7} applyOp.index=7; queueed.command={Key:k0 Value:{"Id":0,"V":3} Version:3} queued.id={0 7} queued.index=7; DoOP.result={Err:OK} DoOP.result.type=rpc.PutReply
2026/05/03 01:58:54 RSM node0: Submit received result for op.ID={0 7} queued.CommandIndex=7: error=OK result={OK}
2026/05/03 01:58:54 RSM node0: Start executed for op.ID={0 8} op.command={Key:k0}. index=8, term=1, isLeader=true
2026/05/03 01:58:54 RSM node0: Submit enqueued. op.ID={0 8} index=8 term=1 queued.len=1
2026/05/03 01:58:54 RSM node2: READER: applying op. applyOp.ID={0 7} applyOp.index=7 applyOp.command=rpc.PutArgs applyOp.command={Key:k0 Value:{"Id":0,"V":3} Version:3}
2026/05/03 01:58:54 RSM node1: READER: applying op. applyOp.ID={0 7} applyOp.index=7 applyOp.command=rpc.PutArgs applyOp.command={Key:k0 Value:{"Id":0,"V":3} Version:3}
2026/05/03 01:58:54 RSM node0: READER: applying op. applyOp.ID={0 8} applyOp.index=8 applyOp.command=rpc.GetArgs applyOp.command={Key:k0}
2026/05/03 01:58:54 RSM node0: READER: dequeuing matched submit. applyOp.ID={0 8} index=8 queued.id={0 8} queued.index=8 queued.len(after)=0
2026/05/03 01:58:54 RSM node0: READER: sending OK response. applyOp.command={Key:k0} applyOp.command.type=rpc.GetArgs applyOp.ID={0 8} applyOp.index=8; queueed.command={Key:k0} queued.id={0 8} queued.index=8; DoOP.result={Value:{"Id":0,"V":3} Version:4 Err:OK} DoOP.result.type=rpc.GetReply
2026/05/03 01:58:54 RSM node0: Submit received result for op.ID={0 8} queued.CommandIndex=8: error=OK result={{"Id":0,"V":3} 4 OK}
2026/05/03 01:58:54 RSM node0: Start executed for op.ID={0 9} op.command={Key:k0 Value:{"Id":0,"V":4} Version:4}. index=9, term=1, isLeader=true
2026/05/03 01:58:54 RSM node0: Submit enqueued. op.ID={0 9} index=9 term=1 queued.len=1
2026/05/03 01:58:54 RSM node2: READER: applying op. applyOp.ID={0 8} applyOp.index=8 applyOp.command=rpc.GetArgs applyOp.command={Key:k0}
2026/05/03 01:58:54 RSM node0: READER: applying op. applyOp.ID={0 9} applyOp.index=9 applyOp.command=rpc.PutArgs applyOp.command={Key:k0 Value:{"Id":0,"V":4} Version:4}
2026/05/03 01:58:54 RSM node0: READER: dequeuing matched submit. applyOp.ID={0 9} index=9 queued.id={0 9} queued.index=9 queued.len(after)=0
2026/05/03 01:58:54 RSM node0: READER: sending OK response. applyOp.command={Key:k0 Value:{"Id":0,"V":4} Version:4} applyOp.command.type=rpc.PutArgs applyOp.ID={0 9} applyOp.index=9; queueed.command={Key:k0 Value:{"Id":0,"V":4} Version:4} queued.id={0 9} queued.index=9; DoOP.result={Err:OK} DoOP.result.type=rpc.PutReply
2026/05/03 01:58:54 RSM node0: Submit received result for op.ID={0 9} queued.CommandIndex=9: error=OK result={OK}
2026/05/03 01:58:54 RSM node1: READER: applying op. applyOp.ID={0 8} applyOp.index=8 applyOp.command=rpc.GetArgs applyOp.command={Key:k0}
2026/05/03 01:58:54 RSM node0: Start executed for op.ID={0 10} op.command={Key:k0}. index=10, term=1, isLeader=true
2026/05/03 01:58:54 RSM node0: Submit enqueued. op.ID={0 10} index=10 term=1 queued.len=1
2026/05/03 01:58:54 RSM node2: Start executed for op.ID={2 1} op.command={Shard:0 Num:2}. index=-1, term=1, isLeader=false
2026/05/03 01:58:54 RSM node1: READER: applying op. applyOp.ID={0 9} applyOp.index=9 applyOp.command=rpc.PutArgs applyOp.command={Key:k0 Value:{"Id":0,"V":4} Version:4}
2026/05/03 01:58:54 RSM node0: READER: applying op. applyOp.ID={0 10} applyOp.index=10 applyOp.command=rpc.GetArgs applyOp.command={Key:k0}
2026/05/03 01:58:54 RSM node0: READER: dequeuing matched submit. applyOp.ID={0 10} index=10 queued.id={0 10} queued.index=10 queued.len(after)=0
2026/05/03 01:58:54 RSM node0: READER: sending OK response. applyOp.command={Key:k0} applyOp.command.type=rpc.GetArgs applyOp.ID={0 10} applyOp.index=10; queueed.command={Key:k0} queued.id={0 10} queued.index=10; DoOP.result={Value:{"Id":0,"V":4} Version:5 Err:OK} DoOP.result.type=rpc.GetReply
2026/05/03 01:58:54 RSM node0: Submit received result for op.ID={0 10} queued.CommandIndex=10: error=OK result={{"Id":0,"V":4} 5 OK}
2026/05/03 01:58:54 RSM node2: READER: applying op. applyOp.ID={0 9} applyOp.index=9 applyOp.command=rpc.PutArgs applyOp.command={Key:k0 Value:{"Id":0,"V":4} Version:4}
2026/05/03 01:58:54 RSM node0: Start executed for op.ID={0 11} op.command={Key:k0 Value:{"Id":0,"V":5} Version:5}. index=11, term=1, isLeader=true
2026/05/03 01:58:54 RSM node0: Submit enqueued. op.ID={0 11} index=11 term=1 queued.len=1
2026/05/03 01:58:54 RSM node1: READER: applying op. applyOp.ID={0 10} applyOp.index=10 applyOp.command=rpc.GetArgs applyOp.command={Key:k0}
2026/05/03 01:58:54 RSM node0: READER: applying op. applyOp.ID={0 11} applyOp.index=11 applyOp.command=rpc.PutArgs applyOp.command={Key:k0 Value:{"Id":0,"V":5} Version:5}
2026/05/03 01:58:54 RSM node0: READER: dequeuing matched submit. applyOp.ID={0 11} index=11 queued.id={0 11} queued.index=11 queued.len(after)=0
2026/05/03 01:58:54 RSM node0: READER: sending OK response. applyOp.command={Key:k0 Value:{"Id":0,"V":5} Version:5} applyOp.command.type=rpc.PutArgs applyOp.ID={0 11} applyOp.index=11; queueed.command={Key:k0 Value:{"Id":0,"V":5} Version:5} queued.id={0 11} queued.index=11; DoOP.result={Err:OK} DoOP.result.type=rpc.PutReply
2026/05/03 01:58:54 RSM node0: Submit received result for op.ID={0 11} queued.CommandIndex=11: error=OK result={OK}
2026/05/03 01:58:54 RSM node2: READER: applying op. applyOp.ID={0 10} applyOp.index=10 applyOp.command=rpc.GetArgs applyOp.command={Key:k0}
2026/05/03 01:58:54 RSM node2: READER: applying op. applyOp.ID={0 11} applyOp.index=11 applyOp.command=rpc.PutArgs applyOp.command={Key:k0 Value:{"Id":0,"V":5} Version:5}
2026/05/03 01:58:54 RSM node1: READER: applying op. applyOp.ID={0 11} applyOp.index=11 applyOp.command=rpc.PutArgs applyOp.command={Key:k0 Value:{"Id":0,"V":5} Version:5}
2026/05/03 01:58:54 RSM node0: Start executed for op.ID={0 12} op.command={Key:k0}. index=12, term=1, isLeader=true
2026/05/03 01:58:54 RSM node0: Submit enqueued. op.ID={0 12} index=12 term=1 queued.len=1
2026/05/03 01:58:54 RSM node0: READER: applying op. applyOp.ID={0 12} applyOp.index=12 applyOp.command=rpc.GetArgs applyOp.command={Key:k0}
2026/05/03 01:58:54 RSM node0: READER: dequeuing matched submit. applyOp.ID={0 12} index=12 queued.id={0 12} queued.index=12 queued.len(after)=0
2026/05/03 01:58:54 RSM node0: READER: sending OK response. applyOp.command={Key:k0} applyOp.command.type=rpc.GetArgs applyOp.ID={0 12} applyOp.index=12; queueed.command={Key:k0} queued.id={0 12} queued.index=12; DoOP.result={Value:{"Id":0,"V":5} Version:6 Err:OK} DoOP.result.type=rpc.GetReply
2026/05/03 01:58:54 RSM node0: Submit received result for op.ID={0 12} queued.CommandIndex=12: error=OK result={{"Id":0,"V":5} 6 OK}
2026/05/03 01:58:54 RSM node0: Start executed for op.ID={0 13} op.command={Shard:0 Num:2}. index=13, term=1, isLeader=true
2026/05/03 01:58:54 RSM node0: Submit enqueued. op.ID={0 13} index=13 term=1 queued.len=1
2026/05/03 01:58:54 RSM node2: READER: applying op. applyOp.ID={0 12} applyOp.index=12 applyOp.command=rpc.GetArgs applyOp.command={Key:k0}
2026/05/03 01:58:54 RSM node1: READER: applying op. applyOp.ID={0 12} applyOp.index=12 applyOp.command=rpc.GetArgs applyOp.command={Key:k0}
2026/05/03 01:58:54 RSM node0: READER: applying op. applyOp.ID={0 13} applyOp.index=13 applyOp.command=shardrpc.FreezeShardArgs applyOp.command={Shard:0 Num:2}
2026/05/03 01:58:54 RSM node0: READER: dequeuing matched submit. applyOp.ID={0 13} index=13 queued.id={0 13} queued.index=13 queued.len(after)=0
2026/05/03 01:58:54 RSM node0: READER: sending OK response. applyOp.command={Shard:0 Num:2} applyOp.command.type=shardrpc.FreezeShardArgs applyOp.ID={0 13} applyOp.index=13; queueed.command={Shard:0 Num:2} queued.id={0 13} queued.index=13; DoOP.result={State:[15 255 167 4 1 2 255 168 0 1 12 1 255 166 0 0 34 255 165 3 1 2 255 166 0 1 2 1 5 86 97 108 117 101 1 12 0 1 7 86 101 114 115 105 111 110 1 6 0 0 0 4 255 168 0 0] Num:2 Err:OK} DoOP.result.type=shardrpc.FreezeShardReply
2026/05/03 01:58:54 RSM node0: Submit received result for op.ID={0 13} queued.CommandIndex=13: error=OK result={[15 255 167 4 1 2 255 168 0 1 12 1 255 166 0 0 34 255 165 3 1 2 255 166 0 1 2 1 5 86 97 108 117 101 1 12 0 1 7 86 101 114 115 105 111 110 1 6 0 0 0 4 255 168 0 0] 2 OK}
2026/05/03 01:58:54 RSM node0: Start executed for op.ID={0 1} op.command={Shard:0 State:[15 255 167 4 1 2 255 168 0 1 12 1 255 166 0 0 34 255 165 3 1 2 255 166 0 1 2 1 5 86 97 108 117 101 1 12 0 1 7 86 101 114 115 105 111 110 1 6 0 0 0 4 255 168 0 0] Num:2}. index=1, term=2, isLeader=true
2026/05/03 01:58:54 RSM node0: Submit enqueued. op.ID={0 1} index=1 term=2 queued.len=1
2026/05/03 01:58:54 RSM node0: Start executed for op.ID={0 14} op.command={Key:k0 Value:{"Id":0,"V":6} Version:6}. index=14, term=1, isLeader=true
2026/05/03 01:58:54 RSM node0: Submit enqueued. op.ID={0 14} index=14 term=1 queued.len=1
2026/05/03 01:58:54 RSM node1: READER: applying op. applyOp.ID={0 13} applyOp.index=13 applyOp.command=shardrpc.FreezeShardArgs applyOp.command={Shard:0 Num:2}
2026/05/03 01:58:54 RSM node0: READER: applying op. applyOp.ID={0 14} applyOp.index=14 applyOp.command=rpc.PutArgs applyOp.command={Key:k0 Value:{"Id":0,"V":6} Version:6}
2026/05/03 01:58:54 RSM node0: READER: dequeuing matched submit. applyOp.ID={0 14} index=14 queued.id={0 14} queued.index=14 queued.len(after)=0
2026/05/03 01:58:54 RSM node0: READER: sending OK response. applyOp.command={Key:k0 Value:{"Id":0,"V":6} Version:6} applyOp.command.type=rpc.PutArgs applyOp.ID={0 14} applyOp.index=14; queueed.command={Key:k0 Value:{"Id":0,"V":6} Version:6} queued.id={0 14} queued.index=14; DoOP.result={Err:OK} DoOP.result.type=rpc.PutReply
2026/05/03 01:58:54 RSM node0: Submit received result for op.ID={0 14} queued.CommandIndex=14: error=OK result={OK}
2026/05/03 01:58:54 RSM node0: READER: applying op. applyOp.ID={0 1} applyOp.index=1 applyOp.command=shardrpc.InstallShardArgs applyOp.command={Shard:0 State:[15 255 167 4 1 2 255 168 0 1 12 1 255 166 0 0 34 255 165 3 1 2 255 166 0 1 2 1 5 86 97 108 117 101 1 12 0 1 7 86 101 114 115 105 111 110 1 6 0 0 0 4 255 168 0 0] Num:2}
2026/05/03 01:58:54 RSM node0: READER: dequeuing matched submit. applyOp.ID={0 1} index=1 queued.id={0 1} queued.index=1 queued.len(after)=0
2026/05/03 01:58:54 RSM node0: Submit received result for op.ID={0 1} queued.CommandIndex=1: error=OK result={OK}
2026/05/03 01:58:54 RSM node0: READER: sending OK response. applyOp.command={Shard:0 State:[15 255 167 4 1 2 255 168 0 1 12 1 255 166 0 0 34 255 165 3 1 2 255 166 0 1 2 1 5 86 97 108 117 101 1 12 0 1 7 86 101 114 115 105 111 110 1 6 0 0 0 4 255 168 0 0] Num:2} applyOp.command.type=shardrpc.InstallShardArgs applyOp.ID={0 1} applyOp.index=1; queueed.command={Shard:0 State:[15 255 167 4 1 2 255 168 0 1 12 1 255 166 0 0 34 255 165 3 1 2 255 166 0 1 2 1 5 86 97 108 117 101 1 12 0 1 7 86 101 114 115 105 111 110 1 6 0 0 0 4 255 168 0 0] Num:2} queued.id={0 1} queued.index=1; DoOP.result={Err:OK} DoOP.result.type=shardrpc.InstallShardReply
2026/05/03 01:58:54 RSM node1: READER: applying op. applyOp.ID={0 14} applyOp.index=14 applyOp.command=rpc.PutArgs applyOp.command={Key:k0 Value:{"Id":0,"V":6} Version:6}
2026/05/03 01:58:54 RSM node2: READER: applying op. applyOp.ID={0 13} applyOp.index=13 applyOp.command=shardrpc.FreezeShardArgs applyOp.command={Shard:0 Num:2}
2026/05/03 01:58:54 RSM node2: READER: applying op. applyOp.ID={0 1} applyOp.index=1 applyOp.command=shardrpc.InstallShardArgs applyOp.command={Shard:0 State:[15 255 167 4 1 2 255 168 0 1 12 1 255 166 0 0 34 255 165 3 1 2 255 166 0 1 2 1 5 86 97 108 117 101 1 12 0 1 7 86 101 114 115 105 111 110 1 6 0 0 0 4 255 168 0 0] Num:2}
2026/05/03 01:58:54 RSM node2: READER: applying op. applyOp.ID={0 14} applyOp.index=14 applyOp.command=rpc.PutArgs applyOp.command={Key:k0 Value:{"Id":0,"V":6} Version:6}
2026/05/03 01:58:54 RSM node0: Start executed for op.ID={0 15} op.command={Key:k0}. index=15, term=1, isLeader=true
2026/05/03 01:58:54 RSM node0: Submit enqueued. op.ID={0 15} index=15 term=1 queued.len=1
2026/05/03 01:58:54 RSM node1: READER: applying op. applyOp.ID={0 1} applyOp.index=1 applyOp.command=shardrpc.InstallShardArgs applyOp.command={Shard:0 State:[15 255 167 4 1 2 255 168 0 1 12 1 255 166 0 0 34 255 165 3 1 2 255 166 0 1 2 1 5 86 97 108 117 101 1 12 0 1 7 86 101 114 115 105 111 110 1 6 0 0 0 4 255 168 0 0] Num:2}
2026/05/03 01:58:54 RSM node0: READER: applying op. applyOp.ID={0 15} applyOp.index=15 applyOp.command=rpc.GetArgs applyOp.command={Key:k0}
2026/05/03 01:58:54 RSM node0: READER: dequeuing matched submit. applyOp.ID={0 15} index=15 queued.id={0 15} queued.index=15 queued.len(after)=0
2026/05/03 01:58:54 RSM node0: READER: sending OK response. applyOp.command={Key:k0} applyOp.command.type=rpc.GetArgs applyOp.ID={0 15} applyOp.index=15; queueed.command={Key:k0} queued.id={0 15} queued.index=15; DoOP.result={Value:{"Id":0,"V":6} Version:7 Err:OK} DoOP.result.type=rpc.GetReply
2026/05/03 01:58:54 RSM node0: Submit received result for op.ID={0 15} queued.CommandIndex=15: error=OK result={{"Id":0,"V":6} 7 OK}
2026/05/03 01:58:55 RSM node0: Start executed for op.ID={0 16} op.command={Key:k0 Value:{"Id":0,"V":7} Version:7}. index=16, term=1, isLeader=true
2026/05/03 01:58:55 RSM node0: Submit enqueued. op.ID={0 16} index=16 term=1 queued.len=1
2026/05/03 01:58:55 RSM node2: READER: applying op. applyOp.ID={0 15} applyOp.index=15 applyOp.command=rpc.GetArgs applyOp.command={Key:k0}
2026/05/03 01:58:55 RSM node0: READER: applying op. applyOp.ID={0 16} applyOp.index=16 applyOp.command=rpc.PutArgs applyOp.command={Key:k0 Value:{"Id":0,"V":7} Version:7}
2026/05/03 01:58:55 RSM node0: READER: dequeuing matched submit. applyOp.ID={0 16} index=16 queued.id={0 16} queued.index=16 queued.len(after)=0
2026/05/03 01:58:55 RSM node0: READER: sending OK response. applyOp.command={Key:k0 Value:{"Id":0,"V":7} Version:7} applyOp.command.type=rpc.PutArgs applyOp.ID={0 16} applyOp.index=16; queueed.command={Key:k0 Value:{"Id":0,"V":7} Version:7} queued.id={0 16} queued.index=16; DoOP.result={Err:OK} DoOP.result.type=rpc.PutReply
2026/05/03 01:58:55 RSM node0: Submit received result for op.ID={0 16} queued.CommandIndex=16: error=OK result={OK}
2026/05/03 01:58:55 RSM node1: READER: applying op. applyOp.ID={0 15} applyOp.index=15 applyOp.command=rpc.GetArgs applyOp.command={Key:k0}
2026/05/03 01:58:55 RSM node1: Start executed for op.ID={1 1} op.command={Shard:0 State:[15 255 167 4 1 2 255 168 0 1 12 1 255 166 0 0 34 255 165 3 1 2 255 166 0 1 2 1 5 86 97 108 117 101 1 12 0 1 7 86 101 114 115 105 111 110 1 6 0 0 0 4 255 168 0 0] Num:2}. index=-1, term=2, isLeader=false
2026/05/03 01:58:55 RSM node1: READER: applying op. applyOp.ID={0 16} applyOp.index=16 applyOp.command=rpc.PutArgs applyOp.command={Key:k0 Value:{"Id":0,"V":7} Version:7}
2026/05/03 01:58:55 RSM node2: READER: applying op. applyOp.ID={0 16} applyOp.index=16 applyOp.command=rpc.PutArgs applyOp.command={Key:k0 Value:{"Id":0,"V":7} Version:7}
2026/05/03 01:58:55 RSM node2: Start executed for op.ID={2 1} op.command={Shard:0 State:[15 255 167 4 1 2 255 168 0 1 12 1 255 166 0 0 34 255 165 3 1 2 255 166 0 1 2 1 5 86 97 108 117 101 1 12 0 1 7 86 101 114 115 105 111 110 1 6 0 0 0 4 255 168 0 0] Num:2}. index=-1, term=2, isLeader=false
2026/05/03 01:58:55 RSM node1: Start executed for op.ID={1 2} op.command={Key:k0}. index=-1, term=1, isLeader=false
2026/05/03 01:58:55 RSM node0: Start executed for op.ID={0 2} op.command={Shard:0 State:[15 255 167 4 1 2 255 168 0 1 12 1 255 166 0 0 34 255 165 3 1 2 255 166 0 1 2 1 5 86 97 108 117 101 1 12 0 1 7 86 101 114 115 105 111 110 1 6 0 0 0 4 255 168 0 0] Num:2}. index=2, term=2, isLeader=true
2026/05/03 01:58:55 RSM node0: Submit enqueued. op.ID={0 2} index=2 term=2 queued.len=1
2026/05/03 01:58:55 RSM node0: READER: applying op. applyOp.ID={0 2} applyOp.index=2 applyOp.command=shardrpc.InstallShardArgs applyOp.command={Shard:0 State:[15 255 167 4 1 2 255 168 0 1 12 1 255 166 0 0 34 255 165 3 1 2 255 166 0 1 2 1 5 86 97 108 117 101 1 12 0 1 7 86 101 114 115 105 111 110 1 6 0 0 0 4 255 168 0 0] Num:2}
2026/05/03 01:58:55 RSM node0: READER: dequeuing matched submit. applyOp.ID={0 2} index=2 queued.id={0 2} queued.index=2 queued.len(after)=0
2026/05/03 01:58:55 RSM node0: Submit received result for op.ID={0 2} queued.CommandIndex=2: error=OK result={OK}
2026/05/03 01:58:55 RSM node0: READER: sending OK response. applyOp.command={Shard:0 State:[15 255 167 4 1 2 255 168 0 1 12 1 255 166 0 0 34 255 165 3 1 2 255 166 0 1 2 1 5 86 97 108 117 101 1 12 0 1 7 86 101 114 115 105 111 110 1 6 0 0 0 4 255 168 0 0] Num:2} applyOp.command.type=shardrpc.InstallShardArgs applyOp.ID={0 2} applyOp.index=2; queueed.command={Shard:0 State:[15 255 167 4 1 2 255 168 0 1 12 1 255 166 0 0 34 255 165 3 1 2 255 166 0 1 2 1 5 86 97 108 117 101 1 12 0 1 7 86 101 114 115 105 111 110 1 6 0 0 0 4 255 168 0 0] Num:2} queued.id={0 2} queued.index=2; DoOP.result={Err:OK} DoOP.result.type=shardrpc.InstallShardReply
2026/05/03 01:58:55 RSM node0: Start executed for op.ID={0 17} op.command={Shard:0 Num:2}. index=17, term=1, isLeader=true
2026/05/03 01:58:55 RSM node0: Submit enqueued. op.ID={0 17} index=17 term=1 queued.len=1
2026/05/03 01:58:55 RSM node0: READER: applying op. applyOp.ID={0 17} applyOp.index=17 applyOp.command=shardrpc.DeleteShardArgs applyOp.command={Shard:0 Num:2}
2026/05/03 01:58:55 RSM node0: READER: dequeuing matched submit. applyOp.ID={0 17} index=17 queued.id={0 17} queued.index=17 queued.len(after)=0
2026/05/03 01:58:55 RSM node0: READER: sending OK response. applyOp.command={Shard:0 Num:2} applyOp.command.type=shardrpc.DeleteShardArgs applyOp.ID={0 17} applyOp.index=17; queueed.command={Shard:0 Num:2} queued.id={0 17} queued.index=17; DoOP.result={Err:OK} DoOP.result.type=shardrpc.DeleteShardReply
2026/05/03 01:58:55 RSM node0: Submit received result for op.ID={0 17} queued.CommandIndex=17: error=OK result={OK}
2026/05/03 01:58:55 RSM node1: READER: applying op. applyOp.ID={0 2} applyOp.index=2 applyOp.command=shardrpc.InstallShardArgs applyOp.command={Shard:0 State:[15 255 167 4 1 2 255 168 0 1 12 1 255 166 0 0 34 255 165 3 1 2 255 166 0 1 2 1 5 86 97 108 117 101 1 12 0 1 7 86 101 114 115 105 111 110 1 6 0 0 0 4 255 168 0 0] Num:2}
2026/05/03 01:58:55 RSM node2: READER: applying op. applyOp.ID={0 2} applyOp.index=2 applyOp.command=shardrpc.InstallShardArgs applyOp.command={Shard:0 State:[15 255 167 4 1 2 255 168 0 1 12 1 255 166 0 0 34 255 165 3 1 2 255 166 0 1 2 1 5 86 97 108 117 101 1 12 0 1 7 86 101 114 115 105 111 110 1 6 0 0 0 4 255 168 0 0] Num:2}
2026/05/03 01:58:55 RSM node1: READER: applying op. applyOp.ID={0 17} applyOp.index=17 applyOp.command=shardrpc.DeleteShardArgs applyOp.command={Shard:0 Num:2}
2026/05/03 01:58:55 RSM node2: READER: applying op. applyOp.ID={0 17} applyOp.index=17 applyOp.command=shardrpc.DeleteShardArgs applyOp.command={Shard:0 Num:2}
2026/05/03 01:58:55 RSM node0: Start executed for op.ID={0 18} op.command={Key:k0}. index=18, term=1, isLeader=true
2026/05/03 01:58:55 RSM node0: Submit enqueued. op.ID={0 18} index=18 term=1 queued.len=1
2026/05/03 01:58:55 RSM node0: READER: applying op. applyOp.ID={0 18} applyOp.index=18 applyOp.command=rpc.GetArgs applyOp.command={Key:k0}
2026/05/03 01:58:55 RSM node0: READER: dequeuing matched submit. applyOp.ID={0 18} index=18 queued.id={0 18} queued.index=18 queued.len(after)=0
2026/05/03 01:58:55 RSM node0: READER: sending OK response. applyOp.command={Key:k0} applyOp.command.type=rpc.GetArgs applyOp.ID={0 18} applyOp.index=18; queueed.command={Key:k0} queued.id={0 18} queued.index=18; DoOP.result={Value:{"Id":0,"V":7} Version:8 Err:OK} DoOP.result.type=rpc.GetReply
2026/05/03 01:58:55 RSM node0: Submit received result for op.ID={0 18} queued.CommandIndex=18: error=OK result={{"Id":0,"V":7} 8 OK}
2026/05/03 01:58:55 RSM node0: Start executed for op.ID={0 19} op.command={Key:k0 Value:{"Id":0,"V":8} Version:8}. index=19, term=1, isLeader=true
2026/05/03 01:58:55 RSM node0: Submit enqueued. op.ID={0 19} index=19 term=1 queued.len=1
2026/05/03 01:58:55 RSM node2: READER: applying op. applyOp.ID={0 18} applyOp.index=18 applyOp.command=rpc.GetArgs applyOp.command={Key:k0}
2026/05/03 01:58:55 RSM node1: READER: applying op. applyOp.ID={0 18} applyOp.index=18 applyOp.command=rpc.GetArgs applyOp.command={Key:k0}
2026/05/03 01:58:55 RSM node0: READER: applying op. applyOp.ID={0 19} applyOp.index=19 applyOp.command=rpc.PutArgs applyOp.command={Key:k0 Value:{"Id":0,"V":8} Version:8}
2026/05/03 01:58:55 RSM node0: READER: dequeuing matched submit. applyOp.ID={0 19} index=19 queued.id={0 19} queued.index=19 queued.len(after)=0
2026/05/03 01:58:55 RSM node0: READER: sending OK response. applyOp.command={Key:k0 Value:{"Id":0,"V":8} Version:8} applyOp.command.type=rpc.PutArgs applyOp.ID={0 19} applyOp.index=19; queueed.command={Key:k0 Value:{"Id":0,"V":8} Version:8} queued.id={0 19} queued.index=19; DoOP.result={Err:OK} DoOP.result.type=rpc.PutReply
2026/05/03 01:58:55 RSM node0: Submit received result for op.ID={0 19} queued.CommandIndex=19: error=OK result={OK}
2026/05/03 01:58:55 RSM node0: Start executed for op.ID={0 20} op.command={Key:k0}. index=20, term=1, isLeader=true
2026/05/03 01:58:55 RSM node0: Submit enqueued. op.ID={0 20} index=20 term=1 queued.len=1
2026/05/03 01:58:55 RSM node1: READER: applying op. applyOp.ID={0 19} applyOp.index=19 applyOp.command=rpc.PutArgs applyOp.command={Key:k0 Value:{"Id":0,"V":8} Version:8}
2026/05/03 01:58:55 RSM node0: READER: applying op. applyOp.ID={0 20} applyOp.index=20 applyOp.command=rpc.GetArgs applyOp.command={Key:k0}
2026/05/03 01:58:55 RSM node0: READER: dequeuing matched submit. applyOp.ID={0 20} index=20 queued.id={0 20} queued.index=20 queued.len(after)=0
2026/05/03 01:58:55 RSM node0: READER: sending OK response. applyOp.command={Key:k0} applyOp.command.type=rpc.GetArgs applyOp.ID={0 20} applyOp.index=20; queueed.command={Key:k0} queued.id={0 20} queued.index=20; DoOP.result={Value:{"Id":0,"V":8} Version:9 Err:OK} DoOP.result.type=rpc.GetReply
2026/05/03 01:58:55 RSM node0: Submit received result for op.ID={0 20} queued.CommandIndex=20: error=OK result={{"Id":0,"V":8} 9 OK}
2026/05/03 01:58:55 RSM node1: Start executed for op.ID={1 3} op.command={Shard:1 Num:2}. index=-1, term=1, isLeader=false
2026/05/03 01:58:55 RSM node0: Start executed for op.ID={0 21} op.command={Key:k0 Value:{"Id":0,"V":9} Version:9}. index=21, term=1, isLeader=true
2026/05/03 01:58:55 RSM node0: Submit enqueued. op.ID={0 21} index=21 term=1 queued.len=1
2026/05/03 01:58:55 RSM node2: READER: applying op. applyOp.ID={0 19} applyOp.index=19 applyOp.command=rpc.PutArgs applyOp.command={Key:k0 Value:{"Id":0,"V":8} Version:8}
2026/05/03 01:58:55 RSM node2: READER: applying op. applyOp.ID={0 20} applyOp.index=20 applyOp.command=rpc.GetArgs applyOp.command={Key:k0}
2026/05/03 01:58:55 RSM node0: READER: applying op. applyOp.ID={0 21} applyOp.index=21 applyOp.command=rpc.PutArgs applyOp.command={Key:k0 Value:{"Id":0,"V":9} Version:9}
2026/05/03 01:58:55 RSM node0: READER: dequeuing matched submit. applyOp.ID={0 21} index=21 queued.id={0 21} queued.index=21 queued.len(after)=0
2026/05/03 01:58:55 RSM node0: READER: sending OK response. applyOp.command={Key:k0 Value:{"Id":0,"V":9} Version:9} applyOp.command.type=rpc.PutArgs applyOp.ID={0 21} applyOp.index=21; queueed.command={Key:k0 Value:{"Id":0,"V":9} Version:9} queued.id={0 21} queued.index=21; DoOP.result={Err:OK} DoOP.result.type=rpc.PutReply
2026/05/03 01:58:55 RSM node0: Submit received result for op.ID={0 21} queued.CommandIndex=21: error=OK result={OK}
2026/05/03 01:58:55 RSM node1: READER: applying op. applyOp.ID={0 20} applyOp.index=20 applyOp.command=rpc.GetArgs applyOp.command={Key:k0}
2026/05/03 01:58:55 RSM node0: Start executed for op.ID={0 22} op.command={Key:k0}. index=22, term=1, isLeader=true
2026/05/03 01:58:55 RSM node0: Submit enqueued. op.ID={0 22} index=22 term=1 queued.len=1
2026/05/03 01:58:55 RSM node2: READER: applying op. applyOp.ID={0 21} applyOp.index=21 applyOp.command=rpc.PutArgs applyOp.command={Key:k0 Value:{"Id":0,"V":9} Version:9}
2026/05/03 01:58:55 RSM node0: READER: applying op. applyOp.ID={0 22} applyOp.index=22 applyOp.command=rpc.GetArgs applyOp.command={Key:k0}
2026/05/03 01:58:55 RSM node0: READER: dequeuing matched submit. applyOp.ID={0 22} index=22 queued.id={0 22} queued.index=22 queued.len(after)=0
2026/05/03 01:58:55 RSM node0: READER: sending OK response. applyOp.command={Key:k0} applyOp.command.type=rpc.GetArgs applyOp.ID={0 22} applyOp.index=22; queueed.command={Key:k0} queued.id={0 22} queued.index=22; DoOP.result={Value:{"Id":0,"V":9} Version:10 Err:OK} DoOP.result.type=rpc.GetReply
2026/05/03 01:58:55 RSM node0: Submit received result for op.ID={0 22} queued.CommandIndex=22: error=OK result={{"Id":0,"V":9} 10 OK}
2026/05/03 01:58:55 RSM node1: READER: applying op. applyOp.ID={0 21} applyOp.index=21 applyOp.command=rpc.PutArgs applyOp.command={Key:k0 Value:{"Id":0,"V":9} Version:9}
2026/05/03 01:58:55 RSM node0: Start executed for op.ID={0 23} op.command={Key:k0 Value:{"Id":0,"V":10} Version:10}. index=23, term=1, isLeader=true
2026/05/03 01:58:55 RSM node0: Submit enqueued. op.ID={0 23} index=23 term=1 queued.len=1
2026/05/03 01:58:55 RSM node1: READER: applying op. applyOp.ID={0 22} applyOp.index=22 applyOp.command=rpc.GetArgs applyOp.command={Key:k0}
2026/05/03 01:58:55 RSM node2: READER: applying op. applyOp.ID={0 22} applyOp.index=22 applyOp.command=rpc.GetArgs applyOp.command={Key:k0}
2026/05/03 01:58:55 RSM node0: READER: applying op. applyOp.ID={0 23} applyOp.index=23 applyOp.command=rpc.PutArgs applyOp.command={Key:k0 Value:{"Id":0,"V":10} Version:10}
2026/05/03 01:58:55 RSM node0: READER: dequeuing matched submit. applyOp.ID={0 23} index=23 queued.id={0 23} queued.index=23 queued.len(after)=0
2026/05/03 01:58:55 RSM node0: READER: sending OK response. applyOp.command={Key:k0 Value:{"Id":0,"V":10} Version:10} applyOp.command.type=rpc.PutArgs applyOp.ID={0 23} applyOp.index=23; queueed.command={Key:k0 Value:{"Id":0,"V":10} Version:10} queued.id={0 23} queued.index=23; DoOP.result={Err:OK} DoOP.result.type=rpc.PutReply
2026/05/03 01:58:55 RSM node0: Submit received result for op.ID={0 23} queued.CommandIndex=23: error=OK result={OK}
2026/05/03 01:58:55 RSM node2: Start executed for op.ID={2 2} op.command={Shard:1 Num:2}. index=-1, term=1, isLeader=false
2026/05/03 01:58:55 RSM node1: READER: applying op. applyOp.ID={0 23} applyOp.index=23 applyOp.command=rpc.PutArgs applyOp.command={Key:k0 Value:{"Id":0,"V":10} Version:10}
2026/05/03 01:58:55 RSM node0: Start executed for op.ID={0 24} op.command={Key:k0}. index=24, term=1, isLeader=true
2026/05/03 01:58:55 RSM node0: Submit enqueued. op.ID={0 24} index=24 term=1 queued.len=1
2026/05/03 01:58:55 RSM node2: READER: applying op. applyOp.ID={0 23} applyOp.index=23 applyOp.command=rpc.PutArgs applyOp.command={Key:k0 Value:{"Id":0,"V":10} Version:10}
2026/05/03 01:58:55 RSM node0: READER: applying op. applyOp.ID={0 24} applyOp.index=24 applyOp.command=rpc.GetArgs applyOp.command={Key:k0}
2026/05/03 01:58:55 RSM node0: READER: dequeuing matched submit. applyOp.ID={0 24} index=24 queued.id={0 24} queued.index=24 queued.len(after)=0
2026/05/03 01:58:55 RSM node0: READER: sending OK response. applyOp.command={Key:k0} applyOp.command.type=rpc.GetArgs applyOp.ID={0 24} applyOp.index=24; queueed.command={Key:k0} queued.id={0 24} queued.index=24; DoOP.result={Value:{"Id":0,"V":10} Version:11 Err:OK} DoOP.result.type=rpc.GetReply
2026/05/03 01:58:55 RSM node0: Submit received result for op.ID={0 24} queued.CommandIndex=24: error=OK result={{"Id":0,"V":10} 11 OK}
2026/05/03 01:58:55 RSM node0: Start executed for op.ID={0 25} op.command={Key:k0 Value:{"Id":0,"V":11} Version:11}. index=25, term=1, isLeader=true
2026/05/03 01:58:55 RSM node0: Submit enqueued. op.ID={0 25} index=25 term=1 queued.len=1
2026/05/03 01:58:55 RSM node1: READER: applying op. applyOp.ID={0 24} applyOp.index=24 applyOp.command=rpc.GetArgs applyOp.command={Key:k0}
2026/05/03 01:58:55 RSM node2: READER: applying op. applyOp.ID={0 24} applyOp.index=24 applyOp.command=rpc.GetArgs applyOp.command={Key:k0}
2026/05/03 01:58:55 RSM node0: READER: applying op. applyOp.ID={0 25} applyOp.index=25 applyOp.command=rpc.PutArgs applyOp.command={Key:k0 Value:{"Id":0,"V":11} Version:11}
2026/05/03 01:58:55 RSM node0: READER: dequeuing matched submit. applyOp.ID={0 25} index=25 queued.id={0 25} queued.index=25 queued.len(after)=0
2026/05/03 01:58:55 RSM node0: READER: sending OK response. applyOp.command={Key:k0 Value:{"Id":0,"V":11} Version:11} applyOp.command.type=rpc.PutArgs applyOp.ID={0 25} applyOp.index=25; queueed.command={Key:k0 Value:{"Id":0,"V":11} Version:11} queued.id={0 25} queued.index=25; DoOP.result={Err:OK} DoOP.result.type=rpc.PutReply
2026/05/03 01:58:55 RSM node0: Submit received result for op.ID={0 25} queued.CommandIndex=25: error=OK result={OK}
2026/05/03 01:58:55 RSM node0: Start executed for op.ID={0 26} op.command={Shard:1 Num:2}. index=26, term=1, isLeader=true
2026/05/03 01:58:55 RSM node0: Submit enqueued. op.ID={0 26} index=26 term=1 queued.len=1
2026/05/03 01:58:55 RSM node0: Start executed for op.ID={0 27} op.command={Key:k0}. index=27, term=1, isLeader=true
2026/05/03 01:58:55 RSM node0: Submit enqueued. op.ID={0 27} index=27 term=1 queued.len=2
2026/05/03 01:58:55 RSM node2: READER: applying op. applyOp.ID={0 25} applyOp.index=25 applyOp.command=rpc.PutArgs applyOp.command={Key:k0 Value:{"Id":0,"V":11} Version:11}
2026/05/03 01:58:55 RSM node0: READER: applying op. applyOp.ID={0 26} applyOp.index=26 applyOp.command=shardrpc.FreezeShardArgs applyOp.command={Shard:1 Num:2}
2026/05/03 01:58:55 RSM node0: READER: dequeuing matched submit. applyOp.ID={0 26} index=26 queued.id={0 26} queued.index=26 queued.len(after)=1
2026/05/03 01:58:55 RSM node0: READER: sending OK response. applyOp.command={Shard:1 Num:2} applyOp.command.type=shardrpc.FreezeShardArgs applyOp.ID={0 26} applyOp.index=26; queueed.command={Shard:1 Num:2} queued.id={0 26} queued.index=26; DoOP.result={State:[15 255 167 4 1 2 255 168 0 1 12 1 255 166 0 0 34 255 165 3 1 2 255 166 0 1 2 1 5 86 97 108 117 101 1 12 0 1 7 86 101 114 115 105 111 110 1 6 0 0 0 4 255 168 0 0] Num:2 Err:OK} DoOP.result.type=shardrpc.FreezeShardReply
2026/05/03 01:58:55 RSM node0: Submit received result for op.ID={0 26} queued.CommandIndex=26: error=OK result={[15 255 167 4 1 2 255 168 0 1 12 1 255 166 0 0 34 255 165 3 1 2 255 166 0 1 2 1 5 86 97 108 117 101 1 12 0 1 7 86 101 114 115 105 111 110 1 6 0 0 0 4 255 168 0 0] 2 OK}
2026/05/03 01:58:55 RSM node0: READER: applying op. applyOp.ID={0 27} applyOp.index=27 applyOp.command=rpc.GetArgs applyOp.command={Key:k0}
2026/05/03 01:58:55 RSM node0: READER: dequeuing matched submit. applyOp.ID={0 27} index=27 queued.id={0 27} queued.index=27 queued.len(after)=0
2026/05/03 01:58:55 RSM node0: READER: sending OK response. applyOp.command={Key:k0} applyOp.command.type=rpc.GetArgs applyOp.ID={0 27} applyOp.index=27; queueed.command={Key:k0} queued.id={0 27} queued.index=27; DoOP.result={Value:{"Id":0,"V":11} Version:12 Err:OK} DoOP.result.type=rpc.GetReply
2026/05/03 01:58:55 RSM node0: Submit received result for op.ID={0 27} queued.CommandIndex=27: error=OK result={{"Id":0,"V":11} 12 OK}
2026/05/03 01:58:55 RSM node1: READER: applying op. applyOp.ID={0 25} applyOp.index=25 applyOp.command=rpc.PutArgs applyOp.command={Key:k0 Value:{"Id":0,"V":11} Version:11}
2026/05/03 01:58:55 RSM node2: READER: applying op. applyOp.ID={0 26} applyOp.index=26 applyOp.command=shardrpc.FreezeShardArgs applyOp.command={Shard:1 Num:2}
2026/05/03 01:58:55 RSM node2: READER: applying op. applyOp.ID={0 27} applyOp.index=27 applyOp.command=rpc.GetArgs applyOp.command={Key:k0}
2026/05/03 01:58:55 RSM node1: READER: applying op. applyOp.ID={0 26} applyOp.index=26 applyOp.command=shardrpc.FreezeShardArgs applyOp.command={Shard:1 Num:2}
2026/05/03 01:58:55 RSM node1: READER: applying op. applyOp.ID={0 27} applyOp.index=27 applyOp.command=rpc.GetArgs applyOp.command={Key:k0}
2026/05/03 01:58:55 RSM node1: Start executed for op.ID={1 4} op.command={Shard:1 Num:2}. index=-1, term=1, isLeader=false
2026/05/03 01:58:55 RSM node1: Start executed for op.ID={1 5} op.command={Key:k0}. index=-1, term=1, isLeader=false
2026/05/03 01:58:55 RSM node2: Start executed for op.ID={2 3} op.command={Shard:1 Num:2}. index=-1, term=1, isLeader=false
2026/05/03 01:58:55 RSM node2: Start executed for op.ID={2 4} op.command={Key:k0}. index=-1, term=1, isLeader=false
2026/05/03 01:58:56 RSM node0: Start executed for op.ID={0 28} op.command={Shard:1 Num:2}. index=28, term=1, isLeader=true
2026/05/03 01:58:56 RSM node0: Submit enqueued. op.ID={0 28} index=28 term=1 queued.len=1
2026/05/03 01:58:56 RSM node0: READER: applying op. applyOp.ID={0 28} applyOp.index=28 applyOp.command=shardrpc.FreezeShardArgs applyOp.command={Shard:1 Num:2}
2026/05/03 01:58:56 RSM node0: READER: dequeuing matched submit. applyOp.ID={0 28} index=28 queued.id={0 28} queued.index=28 queued.len(after)=0
2026/05/03 01:58:56 RSM node0: READER: sending OK response. applyOp.command={Shard:1 Num:2} applyOp.command.type=shardrpc.FreezeShardArgs applyOp.ID={0 28} applyOp.index=28; queueed.command={Shard:1 Num:2} queued.id={0 28} queued.index=28; DoOP.result={State:[15 255 167 4 1 2 255 168 0 1 12 1 255 166 0 0 34 255 165 3 1 2 255 166 0 1 2 1 5 86 97 108 117 101 1 12 0 1 7 86 101 114 115 105 111 110 1 6 0 0 0 4 255 168 0 0] Num:2 Err:OK} DoOP.result.type=shardrpc.FreezeShardReply
2026/05/03 01:58:56 RSM node0: Submit received result for op.ID={0 28} queued.CommandIndex=28: error=OK result={[15 255 167 4 1 2 255 168 0 1 12 1 255 166 0 0 34 255 165 3 1 2 255 166 0 1 2 1 5 86 97 108 117 101 1 12 0 1 7 86 101 114 115 105 111 110 1 6 0 0 0 4 255 168 0 0] 2 OK}
2026/05/03 01:58:56 RSM node0: Start executed for op.ID={0 29} op.command={Key:k0}. index=29, term=1, isLeader=true
2026/05/03 01:58:56 RSM node0: Submit enqueued. op.ID={0 29} index=29 term=1 queued.len=1
2026/05/03 01:58:56 RSM node1: READER: applying op. applyOp.ID={0 28} applyOp.index=28 applyOp.command=shardrpc.FreezeShardArgs applyOp.command={Shard:1 Num:2}
2026/05/03 01:58:56 RSM node0: Start executed for op.ID={0 3} op.command={Shard:1 State:[15 255 167 4 1 2 255 168 0 1 12 1 255 166 0 0 34 255 165 3 1 2 255 166 0 1 2 1 5 86 97 108 117 101 1 12 0 1 7 86 101 114 115 105 111 110 1 6 0 0 0 4 255 168 0 0] Num:2}. index=3, term=2, isLeader=true
2026/05/03 01:58:56 RSM node0: Submit enqueued. op.ID={0 3} index=3 term=2 queued.len=1
2026/05/03 01:58:56 RSM node0: READER: applying op. applyOp.ID={0 29} applyOp.index=29 applyOp.command=rpc.GetArgs applyOp.command={Key:k0}
2026/05/03 01:58:56 RSM node0: READER: dequeuing matched submit. applyOp.ID={0 29} index=29 queued.id={0 29} queued.index=29 queued.len(after)=0
2026/05/03 01:58:56 RSM node0: READER: sending OK response. applyOp.command={Key:k0} applyOp.command.type=rpc.GetArgs applyOp.ID={0 29} applyOp.index=29; queueed.command={Key:k0} queued.id={0 29} queued.index=29; DoOP.result={Value:{"Id":0,"V":11} Version:12 Err:OK} DoOP.result.type=rpc.GetReply
2026/05/03 01:58:56 RSM node0: Submit received result for op.ID={0 29} queued.CommandIndex=29: error=OK result={{"Id":0,"V":11} 12 OK}
2026/05/03 01:58:56 RSM node1: READER: applying op. applyOp.ID={0 29} applyOp.index=29 applyOp.command=rpc.GetArgs applyOp.command={Key:k0}
2026/05/03 01:58:56 RSM node0: READER: applying op. applyOp.ID={0 3} applyOp.index=3 applyOp.command=shardrpc.InstallShardArgs applyOp.command={Shard:1 State:[15 255 167 4 1 2 255 168 0 1 12 1 255 166 0 0 34 255 165 3 1 2 255 166 0 1 2 1 5 86 97 108 117 101 1 12 0 1 7 86 101 114 115 105 111 110 1 6 0 0 0 4 255 168 0 0] Num:2}
2026/05/03 01:58:56 RSM node0: READER: dequeuing matched submit. applyOp.ID={0 3} index=3 queued.id={0 3} queued.index=3 queued.len(after)=0
2026/05/03 01:58:56 RSM node0: READER: sending OK response. applyOp.command={Shard:1 State:[15 255 167 4 1 2 255 168 0 1 12 1 255 166 0 0 34 255 165 3 1 2 255 166 0 1 2 1 5 86 97 108 117 101 1 12 0 1 7 86 101 114 115 105 111 110 1 6 0 0 0 4 255 168 0 0] Num:2} applyOp.command.type=shardrpc.InstallShardArgs applyOp.ID={0 3} applyOp.index=3; queueed.command={Shard:1 State:[15 255 167 4 1 2 255 168 0 1 12 1 255 166 0 0 34 255 165 3 1 2 255 166 0 1 2 1 5 86 97 108 117 101 1 12 0 1 7 86 101 114 115 105 111 110 1 6 0 0 0 4 255 168 0 0] Num:2} queued.id={0 3} queued.index=3; DoOP.result={Err:OK} DoOP.result.type=shardrpc.InstallShardReply
2026/05/03 01:58:56 RSM node0: Submit received result for op.ID={0 3} queued.CommandIndex=3: error=OK result={OK}
2026/05/03 01:58:56 RSM node0: Start executed for op.ID={0 30} op.command={Shard:1 Num:2}. index=30, term=1, isLeader=true
2026/05/03 01:58:56 RSM node0: Submit enqueued. op.ID={0 30} index=30 term=1 queued.len=1
2026/05/03 01:58:56 RSM node2: READER: applying op. applyOp.ID={0 28} applyOp.index=28 applyOp.command=shardrpc.FreezeShardArgs applyOp.command={Shard:1 Num:2}
2026/05/03 01:58:56 RSM node2: READER: applying op. applyOp.ID={0 29} applyOp.index=29 applyOp.command=rpc.GetArgs applyOp.command={Key:k0}
2026/05/03 01:58:56 RSM node0: READER: applying op. applyOp.ID={0 30} applyOp.index=30 applyOp.command=shardrpc.DeleteShardArgs applyOp.command={Shard:1 Num:2}
2026/05/03 01:58:56 RSM node0: READER: dequeuing matched submit. applyOp.ID={0 30} index=30 queued.id={0 30} queued.index=30 queued.len(after)=0
2026/05/03 01:58:56 RSM node0: READER: sending OK response. applyOp.command={Shard:1 Num:2} applyOp.command.type=shardrpc.DeleteShardArgs applyOp.ID={0 30} applyOp.index=30; queueed.command={Shard:1 Num:2} queued.id={0 30} queued.index=30; DoOP.result={Err:OK} DoOP.result.type=shardrpc.DeleteShardReply
2026/05/03 01:58:56 RSM node0: Submit received result for op.ID={0 30} queued.CommandIndex=30: error=OK result={OK}
2026/05/03 01:58:56 RSM node0: Start executed for op.ID={0 31} op.command={Key:k0 Value:{"Id":0,"V":12} Version:12}. index=31, term=1, isLeader=true
2026/05/03 01:58:56 RSM node0: Submit enqueued. op.ID={0 31} index=31 term=1 queued.len=1
2026/05/03 01:58:56 RSM node0: Start executed for op.ID={0 32} op.command={Shard:2 Num:2}. index=32, term=1, isLeader=true
2026/05/03 01:58:56 RSM node0: Submit enqueued. op.ID={0 32} index=32 term=1 queued.len=2
2026/05/03 01:58:56 RSM node1: READER: applying op. applyOp.ID={0 30} applyOp.index=30 applyOp.command=shardrpc.DeleteShardArgs applyOp.command={Shard:1 Num:2}
2026/05/03 01:58:56 RSM node0: READER: applying op. applyOp.ID={0 31} applyOp.index=31 applyOp.command=rpc.PutArgs applyOp.command={Key:k0 Value:{"Id":0,"V":12} Version:12}
2026/05/03 01:58:56 RSM node0: READER: dequeuing matched submit. applyOp.ID={0 31} index=31 queued.id={0 31} queued.index=31 queued.len(after)=1
2026/05/03 01:58:56 RSM node0: READER: sending OK response. applyOp.command={Key:k0 Value:{"Id":0,"V":12} Version:12} applyOp.command.type=rpc.PutArgs applyOp.ID={0 31} applyOp.index=31; queueed.command={Key:k0 Value:{"Id":0,"V":12} Version:12} queued.id={0 31} queued.index=31; DoOP.result={Err:OK} DoOP.result.type=rpc.PutReply
2026/05/03 01:58:56 RSM node0: Submit received result for op.ID={0 31} queued.CommandIndex=31: error=OK result={OK}
2026/05/03 01:58:56 RSM node0: READER: applying op. applyOp.ID={0 32} applyOp.index=32 applyOp.command=shardrpc.FreezeShardArgs applyOp.command={Shard:2 Num:2}
2026/05/03 01:58:56 RSM node0: READER: dequeuing matched submit. applyOp.ID={0 32} index=32 queued.id={0 32} queued.index=32 queued.len(after)=0
2026/05/03 01:58:56 RSM node0: READER: sending OK response. applyOp.command={Shard:2 Num:2} applyOp.command.type=shardrpc.FreezeShardArgs applyOp.ID={0 32} applyOp.index=32; queueed.command={Shard:2 Num:2} queued.id={0 32} queued.index=32; DoOP.result={State:[15 255 167 4 1 2 255 168 0 1 12 1 255 166 0 0 34 255 165 3 1 2 255 166 0 1 2 1 5 86 97 108 117 101 1 12 0 1 7 86 101 114 115 105 111 110 1 6 0 0 0 4 255 168 0 0] Num:2 Err:OK} DoOP.result.type=shardrpc.FreezeShardReply
2026/05/03 01:58:56 RSM node0: Submit received result for op.ID={0 32} queued.CommandIndex=32: error=OK result={[15 255 167 4 1 2 255 168 0 1 12 1 255 166 0 0 34 255 165 3 1 2 255 166 0 1 2 1 5 86 97 108 117 101 1 12 0 1 7 86 101 114 115 105 111 110 1 6 0 0 0 4 255 168 0 0] 2 OK}
2026/05/03 01:58:56 RSM node0: Start executed for op.ID={0 4} op.command={Shard:2 State:[15 255 167 4 1 2 255 168 0 1 12 1 255 166 0 0 34 255 165 3 1 2 255 166 0 1 2 1 5 86 97 108 117 101 1 12 0 1 7 86 101 114 115 105 111 110 1 6 0 0 0 4 255 168 0 0] Num:2}. index=4, term=2, isLeader=true
2026/05/03 01:58:56 RSM node0: Submit enqueued. op.ID={0 4} index=4 term=2 queued.len=1
2026/05/03 01:58:56 RSM node2: READER: applying op. applyOp.ID={0 30} applyOp.index=30 applyOp.command=shardrpc.DeleteShardArgs applyOp.command={Shard:1 Num:2}
2026/05/03 01:58:56 RSM node2: READER: applying op. applyOp.ID={0 31} applyOp.index=31 applyOp.command=rpc.PutArgs applyOp.command={Key:k0 Value:{"Id":0,"V":12} Version:12}
2026/05/03 01:58:56 RSM node2: READER: applying op. applyOp.ID={0 32} applyOp.index=32 applyOp.command=shardrpc.FreezeShardArgs applyOp.command={Shard:2 Num:2}
2026/05/03 01:58:56 RSM node1: READER: applying op. applyOp.ID={0 3} applyOp.index=3 applyOp.command=shardrpc.InstallShardArgs applyOp.command={Shard:1 State:[15 255 167 4 1 2 255 168 0 1 12 1 255 166 0 0 34 255 165 3 1 2 255 166 0 1 2 1 5 86 97 108 117 101 1 12 0 1 7 86 101 114 115 105 111 110 1 6 0 0 0 4 255 168 0 0] Num:2}
2026/05/03 01:58:56 RSM node0: Start executed for op.ID={0 33} op.command={Key:k0}. index=33, term=1, isLeader=true
2026/05/03 01:58:56 RSM node0: Submit enqueued. op.ID={0 33} index=33 term=1 queued.len=1
2026/05/03 01:58:56 RSM node0: READER: applying op. applyOp.ID={0 4} applyOp.index=4 applyOp.command=shardrpc.InstallShardArgs applyOp.command={Shard:2 State:[15 255 167 4 1 2 255 168 0 1 12 1 255 166 0 0 34 255 165 3 1 2 255 166 0 1 2 1 5 86 97 108 117 101 1 12 0 1 7 86 101 114 115 105 111 110 1 6 0 0 0 4 255 168 0 0] Num:2}
2026/05/03 01:58:56 RSM node0: READER: dequeuing matched submit. applyOp.ID={0 4} index=4 queued.id={0 4} queued.index=4 queued.len(after)=0
2026/05/03 01:58:56 RSM node0: READER: sending OK response. applyOp.command={Shard:2 State:[15 255 167 4 1 2 255 168 0 1 12 1 255 166 0 0 34 255 165 3 1 2 255 166 0 1 2 1 5 86 97 108 117 101 1 12 0 1 7 86 101 114 115 105 111 110 1 6 0 0 0 4 255 168 0 0] Num:2} applyOp.command.type=shardrpc.InstallShardArgs applyOp.ID={0 4} applyOp.index=4; queueed.command={Shard:2 State:[15 255 167 4 1 2 255 168 0 1 12 1 255 166 0 0 34 255 165 3 1 2 255 166 0 1 2 1 5 86 97 108 117 101 1 12 0 1 7 86 101 114 115 105 111 110 1 6 0 0 0 4 255 168 0 0] Num:2} queued.id={0 4} queued.index=4; DoOP.result={Err:OK} DoOP.result.type=shardrpc.InstallShardReply
2026/05/03 01:58:56 RSM node0: Submit received result for op.ID={0 4} queued.CommandIndex=4: error=OK result={OK}
2026/05/03 01:58:56 RSM node1: READER: applying op. applyOp.ID={0 31} applyOp.index=31 applyOp.command=rpc.PutArgs applyOp.command={Key:k0 Value:{"Id":0,"V":12} Version:12}
2026/05/03 01:58:56 RSM node1: READER: applying op. applyOp.ID={0 32} applyOp.index=32 applyOp.command=shardrpc.FreezeShardArgs applyOp.command={Shard:2 Num:2}
2026/05/03 01:58:56 RSM node2: READER: applying op. applyOp.ID={0 3} applyOp.index=3 applyOp.command=shardrpc.InstallShardArgs applyOp.command={Shard:1 State:[15 255 167 4 1 2 255 168 0 1 12 1 255 166 0 0 34 255 165 3 1 2 255 166 0 1 2 1 5 86 97 108 117 101 1 12 0 1 7 86 101 114 115 105 111 110 1 6 0 0 0 4 255 168 0 0] Num:2}
2026/05/03 01:58:56 RSM node0: Start executed for op.ID={0 34} op.command={Shard:2 Num:2}. index=34, term=1, isLeader=true
2026/05/03 01:58:56 RSM node0: Submit enqueued. op.ID={0 34} index=34 term=1 queued.len=2
2026/05/03 01:58:56 RSM node0: READER: applying op. applyOp.ID={0 33} applyOp.index=33 applyOp.command=rpc.GetArgs applyOp.command={Key:k0}
2026/05/03 01:58:56 RSM node0: READER: dequeuing matched submit. applyOp.ID={0 33} index=33 queued.id={0 33} queued.index=33 queued.len(after)=1
2026/05/03 01:58:56 RSM node0: READER: sending OK response. applyOp.command={Key:k0} applyOp.command.type=rpc.GetArgs applyOp.ID={0 33} applyOp.index=33; queueed.command={Key:k0} queued.id={0 33} queued.index=33; DoOP.result={Value:{"Id":0,"V":12} Version:13 Err:OK} DoOP.result.type=rpc.GetReply
2026/05/03 01:58:56 RSM node0: READER: applying op. applyOp.ID={0 34} applyOp.index=34 applyOp.command=shardrpc.DeleteShardArgs applyOp.command={Shard:2 Num:2}
2026/05/03 01:58:56 RSM node0: READER: dequeuing matched submit. applyOp.ID={0 34} index=34 queued.id={0 34} queued.index=34 queued.len(after)=0
2026/05/03 01:58:56 RSM node0: READER: sending OK response. applyOp.command={Shard:2 Num:2} applyOp.command.type=shardrpc.DeleteShardArgs applyOp.ID={0 34} applyOp.index=34; queueed.command={Shard:2 Num:2} queued.id={0 34} queued.index=34; DoOP.result={Err:OK} DoOP.result.type=shardrpc.DeleteShardReply
2026/05/03 01:58:56 RSM node0: Submit received result for op.ID={0 34} queued.CommandIndex=34: error=OK result={OK}
2026/05/03 01:58:56 RSM node0: Submit received result for op.ID={0 33} queued.CommandIndex=33: error=OK result={{"Id":0,"V":12} 13 OK}
2026/05/03 01:58:56 RSM node0: Start executed for op.ID={0 35} op.command={Key:k0 Value:{"Id":0,"V":13} Version:13}. index=35, term=1, isLeader=true
2026/05/03 01:58:56 RSM node0: Submit enqueued. op.ID={0 35} index=35 term=1 queued.len=1
2026/05/03 01:58:56 RSM node2: READER: applying op. applyOp.ID={0 33} applyOp.index=33 applyOp.command=rpc.GetArgs applyOp.command={Key:k0}
2026/05/03 01:58:56 RSM node2: READER: applying op. applyOp.ID={0 34} applyOp.index=34 applyOp.command=shardrpc.DeleteShardArgs applyOp.command={Shard:2 Num:2}
2026/05/03 01:58:56 RSM node0: READER: applying op. applyOp.ID={0 35} applyOp.index=35 applyOp.command=rpc.PutArgs applyOp.command={Key:k0 Value:{"Id":0,"V":13} Version:13}
2026/05/03 01:58:56 RSM node0: READER: dequeuing matched submit. applyOp.ID={0 35} index=35 queued.id={0 35} queued.index=35 queued.len(after)=0
2026/05/03 01:58:56 RSM node0: READER: sending OK response. applyOp.command={Key:k0 Value:{"Id":0,"V":13} Version:13} applyOp.command.type=rpc.PutArgs applyOp.ID={0 35} applyOp.index=35; queueed.command={Key:k0 Value:{"Id":0,"V":13} Version:13} queued.id={0 35} queued.index=35; DoOP.result={Err:OK} DoOP.result.type=rpc.PutReply
2026/05/03 01:58:56 RSM node0: Submit received result for op.ID={0 35} queued.CommandIndex=35: error=OK result={OK}
2026/05/03 01:58:56 RSM node1: READER: applying op. applyOp.ID={0 33} applyOp.index=33 applyOp.command=rpc.GetArgs applyOp.command={Key:k0}
2026/05/03 01:58:56 RSM node1: READER: applying op. applyOp.ID={0 34} applyOp.index=34 applyOp.command=shardrpc.DeleteShardArgs applyOp.command={Shard:2 Num:2}
2026/05/03 01:58:56 RSM node1: READER: applying op. applyOp.ID={0 4} applyOp.index=4 applyOp.command=shardrpc.InstallShardArgs applyOp.command={Shard:2 State:[15 255 167 4 1 2 255 168 0 1 12 1 255 166 0 0 34 255 165 3 1 2 255 166 0 1 2 1 5 86 97 108 117 101 1 12 0 1 7 86 101 114 115 105 111 110 1 6 0 0 0 4 255 168 0 0] Num:2}
2026/05/03 01:58:56 RSM node0: Start executed for op.ID={0 36} op.command={Key:k0}. index=36, term=1, isLeader=true
2026/05/03 01:58:56 RSM node0: Submit enqueued. op.ID={0 36} index=36 term=1 queued.len=1
2026/05/03 01:58:56 RSM node1: READER: applying op. applyOp.ID={0 35} applyOp.index=35 applyOp.command=rpc.PutArgs applyOp.command={Key:k0 Value:{"Id":0,"V":13} Version:13}
2026/05/03 01:58:56 RSM node2: READER: applying op. applyOp.ID={0 4} applyOp.index=4 applyOp.command=shardrpc.InstallShardArgs applyOp.command={Shard:2 State:[15 255 167 4 1 2 255 168 0 1 12 1 255 166 0 0 34 255 165 3 1 2 255 166 0 1 2 1 5 86 97 108 117 101 1 12 0 1 7 86 101 114 115 105 111 110 1 6 0 0 0 4 255 168 0 0] Num:2}
2026/05/03 01:58:56 RSM node0: READER: applying op. applyOp.ID={0 36} applyOp.index=36 applyOp.command=rpc.GetArgs applyOp.command={Key:k0}
2026/05/03 01:58:56 RSM node0: READER: dequeuing matched submit. applyOp.ID={0 36} index=36 queued.id={0 36} queued.index=36 queued.len(after)=0
2026/05/03 01:58:56 RSM node0: READER: sending OK response. applyOp.command={Key:k0} applyOp.command.type=rpc.GetArgs applyOp.ID={0 36} applyOp.index=36; queueed.command={Key:k0} queued.id={0 36} queued.index=36; DoOP.result={Value:{"Id":0,"V":13} Version:14 Err:OK} DoOP.result.type=rpc.GetReply
2026/05/03 01:58:56 RSM node0: Submit received result for op.ID={0 36} queued.CommandIndex=36: error=OK result={{"Id":0,"V":13} 14 OK}
2026/05/03 01:58:56 RSM node2: READER: applying op. applyOp.ID={0 35} applyOp.index=35 applyOp.command=rpc.PutArgs applyOp.command={Key:k0 Value:{"Id":0,"V":13} Version:13}
2026/05/03 01:58:56 RSM node0: Start executed for op.ID={0 37} op.command={Key:k0 Value:{"Id":0,"V":14} Version:14}. index=37, term=1, isLeader=true
2026/05/03 01:58:56 RSM node0: Submit enqueued. op.ID={0 37} index=37 term=1 queued.len=1
2026/05/03 01:58:56 RSM node2: READER: applying op. applyOp.ID={0 36} applyOp.index=36 applyOp.command=rpc.GetArgs applyOp.command={Key:k0}
2026/05/03 01:58:56 RSM node0: READER: applying op. applyOp.ID={0 37} applyOp.index=37 applyOp.command=rpc.PutArgs applyOp.command={Key:k0 Value:{"Id":0,"V":14} Version:14}
2026/05/03 01:58:56 RSM node0: READER: dequeuing matched submit. applyOp.ID={0 37} index=37 queued.id={0 37} queued.index=37 queued.len(after)=0
2026/05/03 01:58:56 RSM node0: READER: sending OK response. applyOp.command={Key:k0 Value:{"Id":0,"V":14} Version:14} applyOp.command.type=rpc.PutArgs applyOp.ID={0 37} applyOp.index=37; queueed.command={Key:k0 Value:{"Id":0,"V":14} Version:14} queued.id={0 37} queued.index=37; DoOP.result={Err:OK} DoOP.result.type=rpc.PutReply
2026/05/03 01:58:56 RSM node0: Submit received result for op.ID={0 37} queued.CommandIndex=37: error=OK result={OK}
2026/05/03 01:58:56 RSM node1: READER: applying op. applyOp.ID={0 36} applyOp.index=36 applyOp.command=rpc.GetArgs applyOp.command={Key:k0}
2026/05/03 01:58:56 RSM node1: Start executed for op.ID={1 6} op.command={Shard:3 Num:2}. index=-1, term=1, isLeader=false
2026/05/03 01:58:56 RSM node1: READER: applying op. applyOp.ID={0 37} applyOp.index=37 applyOp.command=rpc.PutArgs applyOp.command={Key:k0 Value:{"Id":0,"V":14} Version:14}
2026/05/03 01:58:56 RSM node1: Start executed for op.ID={1 7} op.command={Key:k0 Value:{"Id":0,"V":14} Version:14}. index=-1, term=1, isLeader=false
2026/05/03 01:58:56 RSM node2: READER: applying op. applyOp.ID={0 37} applyOp.index=37 applyOp.command=rpc.PutArgs applyOp.command={Key:k0 Value:{"Id":0,"V":14} Version:14}
2026/05/03 01:58:56 RSM node2: Start executed for op.ID={2 5} op.command={Shard:3 Num:2}. index=-1, term=1, isLeader=false
2026/05/03 01:58:56 RSM node2: Start executed for op.ID={2 6} op.command={Key:k0 Value:{"Id":0,"V":14} Version:14}. index=-1, term=1, isLeader=false
2026/05/03 01:58:56 RSM node0: Start executed for op.ID={0 38} op.command={Shard:3 Num:2}. index=38, term=1, isLeader=true
2026/05/03 01:58:56 RSM node0: Submit enqueued. op.ID={0 38} index=38 term=1 queued.len=1
2026/05/03 01:58:56 RSM node0: READER: applying op. applyOp.ID={0 38} applyOp.index=38 applyOp.command=shardrpc.FreezeShardArgs applyOp.command={Shard:3 Num:2}
2026/05/03 01:58:56 RSM node0: READER: dequeuing matched submit. applyOp.ID={0 38} index=38 queued.id={0 38} queued.index=38 queued.len(after)=0
2026/05/03 01:58:56 RSM node0: READER: sending OK response. applyOp.command={Shard:3 Num:2} applyOp.command.type=shardrpc.FreezeShardArgs applyOp.ID={0 38} applyOp.index=38; queueed.command={Shard:3 Num:2} queued.id={0 38} queued.index=38; DoOP.result={State:[15 255 167 4 1 2 255 168 0 1 12 1 255 166 0 0 34 255 165 3 1 2 255 166 0 1 2 1 5 86 97 108 117 101 1 12 0 1 7 86 101 114 115 105 111 110 1 6 0 0 0 4 255 168 0 0] Num:2 Err:OK} DoOP.result.type=shardrpc.FreezeShardReply
2026/05/03 01:58:56 RSM node0: Submit received result for op.ID={0 38} queued.CommandIndex=38: error=OK result={[15 255 167 4 1 2 255 168 0 1 12 1 255 166 0 0 34 255 165 3 1 2 255 166 0 1 2 1 5 86 97 108 117 101 1 12 0 1 7 86 101 114 115 105 111 110 1 6 0 0 0 4 255 168 0 0] 2 OK}
2026/05/03 01:58:56 RSM node1: READER: applying op. applyOp.ID={0 38} applyOp.index=38 applyOp.command=shardrpc.FreezeShardArgs applyOp.command={Shard:3 Num:2}
2026/05/03 01:58:56 RSM node2: READER: applying op. applyOp.ID={0 38} applyOp.index=38 applyOp.command=shardrpc.FreezeShardArgs applyOp.command={Shard:3 Num:2}
2026/05/03 01:58:56 RSM node0: Start executed for op.ID={0 39} op.command={Key:k0 Value:{"Id":0,"V":14} Version:14}. index=39, term=1, isLeader=true
2026/05/03 01:58:56 RSM node0: Submit enqueued. op.ID={0 39} index=39 term=1 queued.len=1
2026/05/03 01:58:56 RSM node1: Start executed for op.ID={1 2} op.command={Shard:3 State:[15 255 167 4 1 2 255 168 0 1 12 1 255 166 0 0 34 255 165 3 1 2 255 166 0 1 2 1 5 86 97 108 117 101 1 12 0 1 7 86 101 114 115 105 111 110 1 6 0 0 0 4 255 168 0 0] Num:2}. index=-1, term=2, isLeader=false
2026/05/03 01:58:56 RSM node0: READER: applying op. applyOp.ID={0 39} applyOp.index=39 applyOp.command=rpc.PutArgs applyOp.command={Key:k0 Value:{"Id":0,"V":14} Version:14}
2026/05/03 01:58:56 RSM node0: READER: dequeuing matched submit. applyOp.ID={0 39} index=39 queued.id={0 39} queued.index=39 queued.len(after)=0
2026/05/03 01:58:56 RSM node0: READER: sending OK response. applyOp.command={Key:k0 Value:{"Id":0,"V":14} Version:14} applyOp.command.type=rpc.PutArgs applyOp.ID={0 39} applyOp.index=39; queueed.command={Key:k0 Value:{"Id":0,"V":14} Version:14} queued.id={0 39} queued.index=39; DoOP.result={Err:ErrVersion} DoOP.result.type=rpc.PutReply
2026/05/03 01:58:56 RSM node0: Submit received result for op.ID={0 39} queued.CommandIndex=39: error=OK result={ErrVersion}
2026/05/03 01:58:56 RSM node0: Start executed for op.ID={0 40} op.command={Key:k0}. index=40, term=1, isLeader=true
2026/05/03 01:58:56 RSM node0: Submit enqueued. op.ID={0 40} index=40 term=1 queued.len=1
2026/05/03 01:58:56 RSM node0: READER: applying op. applyOp.ID={0 40} applyOp.index=40 applyOp.command=rpc.GetArgs applyOp.command={Key:k0}
2026/05/03 01:58:56 RSM node0: READER: dequeuing matched submit. applyOp.ID={0 40} index=40 queued.id={0 40} queued.index=40 queued.len(after)=0
2026/05/03 01:58:56 RSM node0: READER: sending OK response. applyOp.command={Key:k0} applyOp.command.type=rpc.GetArgs applyOp.ID={0 40} applyOp.index=40; queueed.command={Key:k0} queued.id={0 40} queued.index=40; DoOP.result={Value:{"Id":0,"V":14} Version:15 Err:OK} DoOP.result.type=rpc.GetReply
2026/05/03 01:58:56 RSM node0: Submit received result for op.ID={0 40} queued.CommandIndex=40: error=OK result={{"Id":0,"V":14} 15 OK}
2026/05/03 01:58:56 RSM node1: READER: applying op. applyOp.ID={0 39} applyOp.index=39 applyOp.command=rpc.PutArgs applyOp.command={Key:k0 Value:{"Id":0,"V":14} Version:14}
2026/05/03 01:58:56 RSM node2: READER: applying op. applyOp.ID={0 39} applyOp.index=39 applyOp.command=rpc.PutArgs applyOp.command={Key:k0 Value:{"Id":0,"V":14} Version:14}
2026/05/03 01:58:56 RSM node1: READER: applying op. applyOp.ID={0 40} applyOp.index=40 applyOp.command=rpc.GetArgs applyOp.command={Key:k0}
2026/05/03 01:58:56 RSM node2: Start executed for op.ID={2 2} op.command={Shard:3 State:[15 255 167 4 1 2 255 168 0 1 12 1 255 166 0 0 34 255 165 3 1 2 255 166 0 1 2 1 5 86 97 108 117 101 1 12 0 1 7 86 101 114 115 105 111 110 1 6 0 0 0 4 255 168 0 0] Num:2}. index=-1, term=2, isLeader=false
2026/05/03 01:58:56 RSM node2: READER: applying op. applyOp.ID={0 40} applyOp.index=40 applyOp.command=rpc.GetArgs applyOp.command={Key:k0}
2026/05/03 01:58:56 RSM node1: Start executed for op.ID={1 8} op.command={Key:k0}. index=-1, term=1, isLeader=false
2026/05/03 01:58:56 RSM node0: Start executed for op.ID={0 5} op.command={Shard:3 State:[15 255 167 4 1 2 255 168 0 1 12 1 255 166 0 0 34 255 165 3 1 2 255 166 0 1 2 1 5 86 97 108 117 101 1 12 0 1 7 86 101 114 115 105 111 110 1 6 0 0 0 4 255 168 0 0] Num:2}. index=5, term=2, isLeader=true
2026/05/03 01:58:56 RSM node0: Submit enqueued. op.ID={0 5} index=5 term=2 queued.len=1
2026/05/03 01:58:56 RSM node0: READER: applying op. applyOp.ID={0 5} applyOp.index=5 applyOp.command=shardrpc.InstallShardArgs applyOp.command={Shard:3 State:[15 255 167 4 1 2 255 168 0 1 12 1 255 166 0 0 34 255 165 3 1 2 255 166 0 1 2 1 5 86 97 108 117 101 1 12 0 1 7 86 101 114 115 105 111 110 1 6 0 0 0 4 255 168 0 0] Num:2}
2026/05/03 01:58:56 RSM node0: READER: dequeuing matched submit. applyOp.ID={0 5} index=5 queued.id={0 5} queued.index=5 queued.len(after)=0
2026/05/03 01:58:56 RSM node0: READER: sending OK response. applyOp.command={Shard:3 State:[15 255 167 4 1 2 255 168 0 1 12 1 255 166 0 0 34 255 165 3 1 2 255 166 0 1 2 1 5 86 97 108 117 101 1 12 0 1 7 86 101 114 115 105 111 110 1 6 0 0 0 4 255 168 0 0] Num:2} applyOp.command.type=shardrpc.InstallShardArgs applyOp.ID={0 5} applyOp.index=5; queueed.command={Shard:3 State:[15 255 167 4 1 2 255 168 0 1 12 1 255 166 0 0 34 255 165 3 1 2 255 166 0 1 2 1 5 86 97 108 117 101 1 12 0 1 7 86 101 114 115 105 111 110 1 6 0 0 0 4 255 168 0 0] Num:2} queued.id={0 5} queued.index=5; DoOP.result={Err:OK} DoOP.result.type=shardrpc.InstallShardReply
2026/05/03 01:58:56 RSM node0: Submit received result for op.ID={0 5} queued.CommandIndex=5: error=OK result={OK}
2026/05/03 01:58:56 RSM node0: Start executed for op.ID={0 41} op.command={Shard:3 Num:2}. index=41, term=1, isLeader=true
2026/05/03 01:58:56 RSM node0: Submit enqueued. op.ID={0 41} index=41 term=1 queued.len=1
2026/05/03 01:58:56 RSM node0: READER: applying op. applyOp.ID={0 41} applyOp.index=41 applyOp.command=shardrpc.DeleteShardArgs applyOp.command={Shard:3 Num:2}
2026/05/03 01:58:56 RSM node0: READER: dequeuing matched submit. applyOp.ID={0 41} index=41 queued.id={0 41} queued.index=41 queued.len(after)=0
2026/05/03 01:58:56 RSM node0: READER: sending OK response. applyOp.command={Shard:3 Num:2} applyOp.command.type=shardrpc.DeleteShardArgs applyOp.ID={0 41} applyOp.index=41; queueed.command={Shard:3 Num:2} queued.id={0 41} queued.index=41; DoOP.result={Err:OK} DoOP.result.type=shardrpc.DeleteShardReply
2026/05/03 01:58:56 RSM node0: Submit received result for op.ID={0 41} queued.CommandIndex=41: error=OK result={OK}
2026/05/03 01:58:56 RSM node2: Start executed for op.ID={2 7} op.command={Key:k0}. index=-1, term=1, isLeader=false
2026/05/03 01:58:56 RSM node2: READER: applying op. applyOp.ID={0 41} applyOp.index=41 applyOp.command=shardrpc.DeleteShardArgs applyOp.command={Shard:3 Num:2}
2026/05/03 01:58:56 RSM node1: READER: applying op. applyOp.ID={0 41} applyOp.index=41 applyOp.command=shardrpc.DeleteShardArgs applyOp.command={Shard:3 Num:2}
2026/05/03 01:58:56 RSM node2: READER: applying op. applyOp.ID={0 5} applyOp.index=5 applyOp.command=shardrpc.InstallShardArgs applyOp.command={Shard:3 State:[15 255 167 4 1 2 255 168 0 1 12 1 255 166 0 0 34 255 165 3 1 2 255 166 0 1 2 1 5 86 97 108 117 101 1 12 0 1 7 86 101 114 115 105 111 110 1 6 0 0 0 4 255 168 0 0] Num:2}
2026/05/03 01:58:56 RSM node1: READER: applying op. applyOp.ID={0 5} applyOp.index=5 applyOp.command=shardrpc.InstallShardArgs applyOp.command={Shard:3 State:[15 255 167 4 1 2 255 168 0 1 12 1 255 166 0 0 34 255 165 3 1 2 255 166 0 1 2 1 5 86 97 108 117 101 1 12 0 1 7 86 101 114 115 105 111 110 1 6 0 0 0 4 255 168 0 0] Num:2}
2026/05/03 01:58:57 RSM node1: Start executed for op.ID={1 9} op.command={Shard:3 Num:2}. index=-1, term=1, isLeader=false
2026/05/03 01:58:57 RSM node0: Start executed for op.ID={0 42} op.command={Key:k0}. index=42, term=1, isLeader=true
2026/05/03 01:58:57 RSM node0: Submit enqueued. op.ID={0 42} index=42 term=1 queued.len=1
2026/05/03 01:58:57 RSM node0: READER: applying op. applyOp.ID={0 42} applyOp.index=42 applyOp.command=rpc.GetArgs applyOp.command={Key:k0}
2026/05/03 01:58:57 RSM node0: READER: dequeuing matched submit. applyOp.ID={0 42} index=42 queued.id={0 42} queued.index=42 queued.len(after)=0
2026/05/03 01:58:57 RSM node0: READER: sending OK response. applyOp.command={Key:k0} applyOp.command.type=rpc.GetArgs applyOp.ID={0 42} applyOp.index=42; queueed.command={Key:k0} queued.id={0 42} queued.index=42; DoOP.result={Value:{"Id":0,"V":14} Version:15 Err:OK} DoOP.result.type=rpc.GetReply
2026/05/03 01:58:57 RSM node0: Submit received result for op.ID={0 42} queued.CommandIndex=42: error=OK result={{"Id":0,"V":14} 15 OK}
2026/05/03 01:58:57 RSM node0: Start executed for op.ID={0 43} op.command={Key:k0 Value:{"Id":0,"V":15} Version:15}. index=43, term=1, isLeader=true
2026/05/03 01:58:57 RSM node0: Submit enqueued. op.ID={0 43} index=43 term=1 queued.len=1
2026/05/03 01:58:57 RSM node2: READER: applying op. applyOp.ID={0 42} applyOp.index=42 applyOp.command=rpc.GetArgs applyOp.command={Key:k0}
2026/05/03 01:58:57 RSM node0: READER: applying op. applyOp.ID={0 43} applyOp.index=43 applyOp.command=rpc.PutArgs applyOp.command={Key:k0 Value:{"Id":0,"V":15} Version:15}
2026/05/03 01:58:57 RSM node0: READER: dequeuing matched submit. applyOp.ID={0 43} index=43 queued.id={0 43} queued.index=43 queued.len(after)=0
2026/05/03 01:58:57 RSM node0: READER: sending OK response. applyOp.command={Key:k0 Value:{"Id":0,"V":15} Version:15} applyOp.command.type=rpc.PutArgs applyOp.ID={0 43} applyOp.index=43; queueed.command={Key:k0 Value:{"Id":0,"V":15} Version:15} queued.id={0 43} queued.index=43; DoOP.result={Err:OK} DoOP.result.type=rpc.PutReply
2026/05/03 01:58:57 RSM node0: Submit received result for op.ID={0 43} queued.CommandIndex=43: error=OK result={OK}
2026/05/03 01:58:57 RSM node1: READER: applying op. applyOp.ID={0 42} applyOp.index=42 applyOp.command=rpc.GetArgs applyOp.command={Key:k0}
2026/05/03 01:58:57 RSM node0: Start executed for op.ID={0 44} op.command={Key:k0}. index=44, term=1, isLeader=true
2026/05/03 01:58:57 RSM node0: Submit enqueued. op.ID={0 44} index=44 term=1 queued.len=1
2026/05/03 01:58:57 RSM node2: READER: applying op. applyOp.ID={0 43} applyOp.index=43 applyOp.command=rpc.PutArgs applyOp.command={Key:k0 Value:{"Id":0,"V":15} Version:15}
2026/05/03 01:58:57 RSM node2: Start executed for op.ID={2 8} op.command={Shard:3 Num:2}. index=-1, term=1, isLeader=false
2026/05/03 01:58:57 RSM node0: READER: applying op. applyOp.ID={0 44} applyOp.index=44 applyOp.command=rpc.GetArgs applyOp.command={Key:k0}
2026/05/03 01:58:57 RSM node0: READER: dequeuing matched submit. applyOp.ID={0 44} index=44 queued.id={0 44} queued.index=44 queued.len(after)=0
2026/05/03 01:58:57 RSM node0: READER: sending OK response. applyOp.command={Key:k0} applyOp.command.type=rpc.GetArgs applyOp.ID={0 44} applyOp.index=44; queueed.command={Key:k0} queued.id={0 44} queued.index=44; DoOP.result={Value:{"Id":0,"V":15} Version:16 Err:OK} DoOP.result.type=rpc.GetReply
2026/05/03 01:58:57 RSM node0: Submit received result for op.ID={0 44} queued.CommandIndex=44: error=OK result={{"Id":0,"V":15} 16 OK}
2026/05/03 01:58:57 RSM node1: READER: applying op. applyOp.ID={0 43} applyOp.index=43 applyOp.command=rpc.PutArgs applyOp.command={Key:k0 Value:{"Id":0,"V":15} Version:15}
2026/05/03 01:58:57 RSM node1: READER: applying op. applyOp.ID={0 44} applyOp.index=44 applyOp.command=rpc.GetArgs applyOp.command={Key:k0}
2026/05/03 01:58:57 RSM node2: READER: applying op. applyOp.ID={0 44} applyOp.index=44 applyOp.command=rpc.GetArgs applyOp.command={Key:k0}
2026/05/03 01:58:57 RSM node0: Start executed for op.ID={0 45} op.command={Key:k0 Value:{"Id":0,"V":16} Version:16}. index=45, term=1, isLeader=true
2026/05/03 01:58:57 RSM node0: Submit enqueued. op.ID={0 45} index=45 term=1 queued.len=1
2026/05/03 01:58:57 RSM node0: READER: applying op. applyOp.ID={0 45} applyOp.index=45 applyOp.command=rpc.PutArgs applyOp.command={Key:k0 Value:{"Id":0,"V":16} Version:16}
2026/05/03 01:58:57 RSM node0: READER: dequeuing matched submit. applyOp.ID={0 45} index=45 queued.id={0 45} queued.index=45 queued.len(after)=0
2026/05/03 01:58:57 RSM node0: READER: sending OK response. applyOp.command={Key:k0 Value:{"Id":0,"V":16} Version:16} applyOp.command.type=rpc.PutArgs applyOp.ID={0 45} applyOp.index=45; queueed.command={Key:k0 Value:{"Id":0,"V":16} Version:16} queued.id={0 45} queued.index=45; DoOP.result={Err:OK} DoOP.result.type=rpc.PutReply
2026/05/03 01:58:57 RSM node0: Submit received result for op.ID={0 45} queued.CommandIndex=45: error=OK result={OK}
2026/05/03 01:58:57 RSM node0: Start executed for op.ID={0 46} op.command={Key:k0}. index=46, term=1, isLeader=true
2026/05/03 01:58:57 RSM node0: Submit enqueued. op.ID={0 46} index=46 term=1 queued.len=1
2026/05/03 01:58:57 RSM node0: Start executed for op.ID={0 47} op.command={Shard:3 Num:2}. index=47, term=1, isLeader=true
2026/05/03 01:58:57 RSM node0: Submit enqueued. op.ID={0 47} index=47 term=1 queued.len=2
2026/05/03 01:58:57 RSM node1: READER: applying op. applyOp.ID={0 45} applyOp.index=45 applyOp.command=rpc.PutArgs applyOp.command={Key:k0 Value:{"Id":0,"V":16} Version:16}
2026/05/03 01:58:57 RSM node0: READER: applying op. applyOp.ID={0 46} applyOp.index=46 applyOp.command=rpc.GetArgs applyOp.command={Key:k0}
2026/05/03 01:58:57 RSM node0: READER: dequeuing matched submit. applyOp.ID={0 46} index=46 queued.id={0 46} queued.index=46 queued.len(after)=1
2026/05/03 01:58:57 RSM node0: READER: sending OK response. applyOp.command={Key:k0} applyOp.command.type=rpc.GetArgs applyOp.ID={0 46} applyOp.index=46; queueed.command={Key:k0} queued.id={0 46} queued.index=46; DoOP.result={Value:{"Id":0,"V":16} Version:17 Err:OK} DoOP.result.type=rpc.GetReply
2026/05/03 01:58:57 RSM node0: Submit received result for op.ID={0 46} queued.CommandIndex=46: error=OK result={{"Id":0,"V":16} 17 OK}
2026/05/03 01:58:57 RSM node2: READER: applying op. applyOp.ID={0 45} applyOp.index=45 applyOp.command=rpc.PutArgs applyOp.command={Key:k0 Value:{"Id":0,"V":16} Version:16}
2026/05/03 01:58:57 RSM node0: READER: applying op. applyOp.ID={0 47} applyOp.index=47 applyOp.command=shardrpc.DeleteShardArgs applyOp.command={Shard:3 Num:2}
2026/05/03 01:58:57 RSM node0: READER: dequeuing matched submit. applyOp.ID={0 47} index=47 queued.id={0 47} queued.index=47 queued.len(after)=0
2026/05/03 01:58:57 RSM node0: READER: sending OK response. applyOp.command={Shard:3 Num:2} applyOp.command.type=shardrpc.DeleteShardArgs applyOp.ID={0 47} applyOp.index=47; queueed.command={Shard:3 Num:2} queued.id={0 47} queued.index=47; DoOP.result={Err:OK} DoOP.result.type=shardrpc.DeleteShardReply
2026/05/03 01:58:57 RSM node0: Submit received result for op.ID={0 47} queued.CommandIndex=47: error=OK result={OK}
2026/05/03 01:58:57 RSM node0: Start executed for op.ID={0 48} op.command={Shard:4 Num:2}. index=48, term=1, isLeader=true
2026/05/03 01:58:57 RSM node0: Submit enqueued. op.ID={0 48} index=48 term=1 queued.len=1
2026/05/03 01:58:57 RSM node0: READER: applying op. applyOp.ID={0 48} applyOp.index=48 applyOp.command=shardrpc.FreezeShardArgs applyOp.command={Shard:4 Num:2}
2026/05/03 01:58:57 RSM node0: READER: dequeuing matched submit. applyOp.ID={0 48} index=48 queued.id={0 48} queued.index=48 queued.len(after)=0
2026/05/03 01:58:57 RSM node0: READER: sending OK response. applyOp.command={Shard:4 Num:2} applyOp.command.type=shardrpc.FreezeShardArgs applyOp.ID={0 48} applyOp.index=48; queueed.command={Shard:4 Num:2} queued.id={0 48} queued.index=48; DoOP.result={State:[15 255 167 4 1 2 255 168 0 1 12 1 255 166 0 0 34 255 165 3 1 2 255 166 0 1 2 1 5 86 97 108 117 101 1 12 0 1 7 86 101 114 115 105 111 110 1 6 0 0 0 4 255 168 0 0] Num:2 Err:OK} DoOP.result.type=shardrpc.FreezeShardReply
2026/05/03 01:58:57 RSM node0: Submit received result for op.ID={0 48} queued.CommandIndex=48: error=OK result={[15 255 167 4 1 2 255 168 0 1 12 1 255 166 0 0 34 255 165 3 1 2 255 166 0 1 2 1 5 86 97 108 117 101 1 12 0 1 7 86 101 114 115 105 111 110 1 6 0 0 0 4 255 168 0 0] 2 OK}
2026/05/03 01:58:57 RSM node2: READER: applying op. applyOp.ID={0 46} applyOp.index=46 applyOp.command=rpc.GetArgs applyOp.command={Key:k0}
2026/05/03 01:58:57 RSM node2: READER: applying op. applyOp.ID={0 47} applyOp.index=47 applyOp.command=shardrpc.DeleteShardArgs applyOp.command={Shard:3 Num:2}
2026/05/03 01:58:57 RSM node0: Start executed for op.ID={0 49} op.command={Key:k0 Value:{"Id":0,"V":17} Version:17}. index=49, term=1, isLeader=true
2026/05/03 01:58:57 RSM node0: Submit enqueued. op.ID={0 49} index=49 term=1 queued.len=1
2026/05/03 01:58:57 RSM node1: READER: applying op. applyOp.ID={0 46} applyOp.index=46 applyOp.command=rpc.GetArgs applyOp.command={Key:k0}
2026/05/03 01:58:57 RSM node1: READER: applying op. applyOp.ID={0 47} applyOp.index=47 applyOp.command=shardrpc.DeleteShardArgs applyOp.command={Shard:3 Num:2}
2026/05/03 01:58:57 RSM node2: READER: applying op. applyOp.ID={0 48} applyOp.index=48 applyOp.command=shardrpc.FreezeShardArgs applyOp.command={Shard:4 Num:2}
2026/05/03 01:58:57 RSM node1: READER: applying op. applyOp.ID={0 48} applyOp.index=48 applyOp.command=shardrpc.FreezeShardArgs applyOp.command={Shard:4 Num:2}
2026/05/03 01:58:57 RSM node0: READER: applying op. applyOp.ID={0 49} applyOp.index=49 applyOp.command=rpc.PutArgs applyOp.command={Key:k0 Value:{"Id":0,"V":17} Version:17}
2026/05/03 01:58:57 RSM node0: READER: dequeuing matched submit. applyOp.ID={0 49} index=49 queued.id={0 49} queued.index=49 queued.len(after)=0
2026/05/03 01:58:57 RSM node0: READER: sending OK response. applyOp.command={Key:k0 Value:{"Id":0,"V":17} Version:17} applyOp.command.type=rpc.PutArgs applyOp.ID={0 49} applyOp.index=49; queueed.command={Key:k0 Value:{"Id":0,"V":17} Version:17} queued.id={0 49} queued.index=49; DoOP.result={Err:OK} DoOP.result.type=rpc.PutReply
2026/05/03 01:58:57 RSM node0: Submit received result for op.ID={0 49} queued.CommandIndex=49: error=OK result={OK}
2026/05/03 01:58:57 RSM node1: READER: applying op. applyOp.ID={0 49} applyOp.index=49 applyOp.command=rpc.PutArgs applyOp.command={Key:k0 Value:{"Id":0,"V":17} Version:17}
2026/05/03 01:58:57 RSM node2: READER: applying op. applyOp.ID={0 49} applyOp.index=49 applyOp.command=rpc.PutArgs applyOp.command={Key:k0 Value:{"Id":0,"V":17} Version:17}
2026/05/03 01:58:57 RSM node1: Start executed for op.ID={1 3} op.command={Shard:4 State:[15 255 167 4 1 2 255 168 0 1 12 1 255 166 0 0 34 255 165 3 1 2 255 166 0 1 2 1 5 86 97 108 117 101 1 12 0 1 7 86 101 114 115 105 111 110 1 6 0 0 0 4 255 168 0 0] Num:2}. index=-1, term=2, isLeader=false
2026/05/03 01:58:57 RSM node1: Start executed for op.ID={1 10} op.command={Key:k0 Value:{"Id":0,"V":17} Version:17}. index=-1, term=1, isLeader=false
2026/05/03 01:58:57 RSM node2: Start executed for op.ID={2 9} op.command={Key:k0 Value:{"Id":0,"V":17} Version:17}. index=-1, term=1, isLeader=false
2026/05/03 01:58:57 RSM node0: Start executed for op.ID={0 6} op.command={Shard:4 State:[15 255 167 4 1 2 255 168 0 1 12 1 255 166 0 0 34 255 165 3 1 2 255 166 0 1 2 1 5 86 97 108 117 101 1 12 0 1 7 86 101 114 115 105 111 110 1 6 0 0 0 4 255 168 0 0] Num:2}. index=6, term=2, isLeader=true
2026/05/03 01:58:57 RSM node0: Submit enqueued. op.ID={0 6} index=6 term=2 queued.len=1
2026/05/03 01:58:57 RSM node0: READER: applying op. applyOp.ID={0 6} applyOp.index=6 applyOp.command=shardrpc.InstallShardArgs applyOp.command={Shard:4 State:[15 255 167 4 1 2 255 168 0 1 12 1 255 166 0 0 34 255 165 3 1 2 255 166 0 1 2 1 5 86 97 108 117 101 1 12 0 1 7 86 101 114 115 105 111 110 1 6 0 0 0 4 255 168 0 0] Num:2}
2026/05/03 01:58:57 RSM node0: READER: dequeuing matched submit. applyOp.ID={0 6} index=6 queued.id={0 6} queued.index=6 queued.len(after)=0
2026/05/03 01:58:57 RSM node0: Submit received result for op.ID={0 6} queued.CommandIndex=6: error=OK result={OK}
2026/05/03 01:58:57 RSM node0: READER: sending OK response. applyOp.command={Shard:4 State:[15 255 167 4 1 2 255 168 0 1 12 1 255 166 0 0 34 255 165 3 1 2 255 166 0 1 2 1 5 86 97 108 117 101 1 12 0 1 7 86 101 114 115 105 111 110 1 6 0 0 0 4 255 168 0 0] Num:2} applyOp.command.type=shardrpc.InstallShardArgs applyOp.ID={0 6} applyOp.index=6; queueed.command={Shard:4 State:[15 255 167 4 1 2 255 168 0 1 12 1 255 166 0 0 34 255 165 3 1 2 255 166 0 1 2 1 5 86 97 108 117 101 1 12 0 1 7 86 101 114 115 105 111 110 1 6 0 0 0 4 255 168 0 0] Num:2} queued.id={0 6} queued.index=6; DoOP.result={Err:OK} DoOP.result.type=shardrpc.InstallShardReply
2026/05/03 01:58:57 RSM node0: Start executed for op.ID={0 50} op.command={Key:k0 Value:{"Id":0,"V":17} Version:17}. index=50, term=1, isLeader=true
2026/05/03 01:58:57 RSM node0: Submit enqueued. op.ID={0 50} index=50 term=1 queued.len=1
2026/05/03 01:58:57 RSM node0: READER: applying op. applyOp.ID={0 50} applyOp.index=50 applyOp.command=rpc.PutArgs applyOp.command={Key:k0 Value:{"Id":0,"V":17} Version:17}
2026/05/03 01:58:57 RSM node0: READER: dequeuing matched submit. applyOp.ID={0 50} index=50 queued.id={0 50} queued.index=50 queued.len(after)=0
2026/05/03 01:58:57 RSM node0: READER: sending OK response. applyOp.command={Key:k0 Value:{"Id":0,"V":17} Version:17} applyOp.command.type=rpc.PutArgs applyOp.ID={0 50} applyOp.index=50; queueed.command={Key:k0 Value:{"Id":0,"V":17} Version:17} queued.id={0 50} queued.index=50; DoOP.result={Err:ErrVersion} DoOP.result.type=rpc.PutReply
2026/05/03 01:58:57 RSM node0: Submit received result for op.ID={0 50} queued.CommandIndex=50: error=OK result={ErrVersion}
2026/05/03 01:58:57 RSM node2: READER: applying op. applyOp.ID={0 50} applyOp.index=50 applyOp.command=rpc.PutArgs applyOp.command={Key:k0 Value:{"Id":0,"V":17} Version:17}
2026/05/03 01:58:57 RSM node1: READER: applying op. applyOp.ID={0 6} applyOp.index=6 applyOp.command=shardrpc.InstallShardArgs applyOp.command={Shard:4 State:[15 255 167 4 1 2 255 168 0 1 12 1 255 166 0 0 34 255 165 3 1 2 255 166 0 1 2 1 5 86 97 108 117 101 1 12 0 1 7 86 101 114 115 105 111 110 1 6 0 0 0 4 255 168 0 0] Num:2}
2026/05/03 01:58:57 RSM node1: READER: applying op. applyOp.ID={0 50} applyOp.index=50 applyOp.command=rpc.PutArgs applyOp.command={Key:k0 Value:{"Id":0,"V":17} Version:17}
2026/05/03 01:58:57 RSM node0: Start executed for op.ID={0 51} op.command={Key:k0}. index=51, term=1, isLeader=true
2026/05/03 01:58:57 RSM node0: Submit enqueued. op.ID={0 51} index=51 term=1 queued.len=1
2026/05/03 01:58:57 RSM node2: READER: applying op. applyOp.ID={0 6} applyOp.index=6 applyOp.command=shardrpc.InstallShardArgs applyOp.command={Shard:4 State:[15 255 167 4 1 2 255 168 0 1 12 1 255 166 0 0 34 255 165 3 1 2 255 166 0 1 2 1 5 86 97 108 117 101 1 12 0 1 7 86 101 114 115 105 111 110 1 6 0 0 0 4 255 168 0 0] Num:2}
2026/05/03 01:58:57 RSM node0: READER: applying op. applyOp.ID={0 51} applyOp.index=51 applyOp.command=rpc.GetArgs applyOp.command={Key:k0}
2026/05/03 01:58:57 RSM node0: READER: dequeuing matched submit. applyOp.ID={0 51} index=51 queued.id={0 51} queued.index=51 queued.len(after)=0
2026/05/03 01:58:57 RSM node0: READER: sending OK response. applyOp.command={Key:k0} applyOp.command.type=rpc.GetArgs applyOp.ID={0 51} applyOp.index=51; queueed.command={Key:k0} queued.id={0 51} queued.index=51; DoOP.result={Value:{"Id":0,"V":17} Version:18 Err:OK} DoOP.result.type=rpc.GetReply
2026/05/03 01:58:57 RSM node0: Submit received result for op.ID={0 51} queued.CommandIndex=51: error=OK result={{"Id":0,"V":17} 18 OK}
2026/05/03 01:58:57 RSM node1: READER: applying op. applyOp.ID={0 51} applyOp.index=51 applyOp.command=rpc.GetArgs applyOp.command={Key:k0}
2026/05/03 01:58:57 RSM node0: Start executed for op.ID={0 52} op.command={Key:k0 Value:{"Id":0,"V":18} Version:18}. index=52, term=1, isLeader=true
2026/05/03 01:58:57 RSM node0: Submit enqueued. op.ID={0 52} index=52 term=1 queued.len=1
2026/05/03 01:58:57 RSM node0: READER: applying op. applyOp.ID={0 52} applyOp.index=52 applyOp.command=rpc.PutArgs applyOp.command={Key:k0 Value:{"Id":0,"V":18} Version:18}
2026/05/03 01:58:57 RSM node0: READER: dequeuing matched submit. applyOp.ID={0 52} index=52 queued.id={0 52} queued.index=52 queued.len(after)=0
2026/05/03 01:58:57 RSM node0: READER: sending OK response. applyOp.command={Key:k0 Value:{"Id":0,"V":18} Version:18} applyOp.command.type=rpc.PutArgs applyOp.ID={0 52} applyOp.index=52; queueed.command={Key:k0 Value:{"Id":0,"V":18} Version:18} queued.id={0 52} queued.index=52; DoOP.result={Err:OK} DoOP.result.type=rpc.PutReply
2026/05/03 01:58:57 RSM node0: Submit received result for op.ID={0 52} queued.CommandIndex=52: error=OK result={OK}
2026/05/03 01:58:57 RSM node1: READER: applying op. applyOp.ID={0 52} applyOp.index=52 applyOp.command=rpc.PutArgs applyOp.command={Key:k0 Value:{"Id":0,"V":18} Version:18}
2026/05/03 01:58:57 RSM node1: Start executed for op.ID={1 11} op.command={Shard:4 Num:2}. index=-1, term=1, isLeader=false
2026/05/03 01:58:57 RSM node0: Start executed for op.ID={0 53} op.command={Key:k0}. index=53, term=1, isLeader=true
2026/05/03 01:58:57 RSM node0: Submit enqueued. op.ID={0 53} index=53 term=1 queued.len=1
2026/05/03 01:58:57 RSM node0: READER: applying op. applyOp.ID={0 53} applyOp.index=53 applyOp.command=rpc.GetArgs applyOp.command={Key:k0}
2026/05/03 01:58:57 RSM node0: READER: dequeuing matched submit. applyOp.ID={0 53} index=53 queued.id={0 53} queued.index=53 queued.len(after)=0
2026/05/03 01:58:57 RSM node0: READER: sending OK response. applyOp.command={Key:k0} applyOp.command.type=rpc.GetArgs applyOp.ID={0 53} applyOp.index=53; queueed.command={Key:k0} queued.id={0 53} queued.index=53; DoOP.result={Value:{"Id":0,"V":18} Version:19 Err:OK} DoOP.result.type=rpc.GetReply
2026/05/03 01:58:57 RSM node0: Submit received result for op.ID={0 53} queued.CommandIndex=53: error=OK result={{"Id":0,"V":18} 19 OK}
2026/05/03 01:58:57 RSM node2: READER: applying op. applyOp.ID={0 51} applyOp.index=51 applyOp.command=rpc.GetArgs applyOp.command={Key:k0}
2026/05/03 01:58:57 RSM node2: READER: applying op. applyOp.ID={0 52} applyOp.index=52 applyOp.command=rpc.PutArgs applyOp.command={Key:k0 Value:{"Id":0,"V":18} Version:18}
2026/05/03 01:58:57 RSM node1: READER: applying op. applyOp.ID={0 53} applyOp.index=53 applyOp.command=rpc.GetArgs applyOp.command={Key:k0}
2026/05/03 01:58:57 RSM node2: READER: applying op. applyOp.ID={0 53} applyOp.index=53 applyOp.command=rpc.GetArgs applyOp.command={Key:k0}
2026/05/03 01:58:57 RSM node0: Start executed for op.ID={0 54} op.command={Key:k0 Value:{"Id":0,"V":19} Version:19}. index=54, term=1, isLeader=true
2026/05/03 01:58:57 RSM node0: Submit enqueued. op.ID={0 54} index=54 term=1 queued.len=1
2026/05/03 01:58:57 RSM node0: READER: applying op. applyOp.ID={0 54} applyOp.index=54 applyOp.command=rpc.PutArgs applyOp.command={Key:k0 Value:{"Id":0,"V":19} Version:19}
2026/05/03 01:58:57 RSM node0: READER: dequeuing matched submit. applyOp.ID={0 54} index=54 queued.id={0 54} queued.index=54 queued.len(after)=0
2026/05/03 01:58:57 RSM node0: READER: sending OK response. applyOp.command={Key:k0 Value:{"Id":0,"V":19} Version:19} applyOp.command.type=rpc.PutArgs applyOp.ID={0 54} applyOp.index=54; queueed.command={Key:k0 Value:{"Id":0,"V":19} Version:19} queued.id={0 54} queued.index=54; DoOP.result={Err:OK} DoOP.result.type=rpc.PutReply
2026/05/03 01:58:57 RSM node0: Submit received result for op.ID={0 54} queued.CommandIndex=54: error=OK result={OK}
2026/05/03 01:58:57 RSM node2: Start executed for op.ID={2 10} op.command={Shard:4 Num:2}. index=-1, term=1, isLeader=false
2026/05/03 01:58:57 RSM node0: Start executed for op.ID={0 55} op.command={Key:k0}. index=55, term=1, isLeader=true
2026/05/03 01:58:57 RSM node0: Submit enqueued. op.ID={0 55} index=55 term=1 queued.len=1
2026/05/03 01:58:57 RSM node1: READER: applying op. applyOp.ID={0 54} applyOp.index=54 applyOp.command=rpc.PutArgs applyOp.command={Key:k0 Value:{"Id":0,"V":19} Version:19}
2026/05/03 01:58:57 RSM node2: READER: applying op. applyOp.ID={0 54} applyOp.index=54 applyOp.command=rpc.PutArgs applyOp.command={Key:k0 Value:{"Id":0,"V":19} Version:19}
2026/05/03 01:58:57 RSM node0: READER: applying op. applyOp.ID={0 55} applyOp.index=55 applyOp.command=rpc.GetArgs applyOp.command={Key:k0}
2026/05/03 01:58:57 RSM node0: READER: dequeuing matched submit. applyOp.ID={0 55} index=55 queued.id={0 55} queued.index=55 queued.len(after)=0
2026/05/03 01:58:57 RSM node0: READER: sending OK response. applyOp.command={Key:k0} applyOp.command.type=rpc.GetArgs applyOp.ID={0 55} applyOp.index=55; queueed.command={Key:k0} queued.id={0 55} queued.index=55; DoOP.result={Value:{"Id":0,"V":19} Version:20 Err:OK} DoOP.result.type=rpc.GetReply
2026/05/03 01:58:57 RSM node0: Submit received result for op.ID={0 55} queued.CommandIndex=55: error=OK result={{"Id":0,"V":19} 20 OK}
2026/05/03 01:58:58 RSM node0: Start executed for op.ID={0 56} op.command={Key:k0 Value:{"Id":0,"V":20} Version:20}. index=56, term=1, isLeader=true
2026/05/03 01:58:58 RSM node0: Submit enqueued. op.ID={0 56} index=56 term=1 queued.len=1
2026/05/03 01:58:58 RSM node1: READER: applying op. applyOp.ID={0 55} applyOp.index=55 applyOp.command=rpc.GetArgs applyOp.command={Key:k0}
2026/05/03 01:58:58 RSM node2: READER: applying op. applyOp.ID={0 55} applyOp.index=55 applyOp.command=rpc.GetArgs applyOp.command={Key:k0}
2026/05/03 01:58:58 RSM node0: READER: applying op. applyOp.ID={0 56} applyOp.index=56 applyOp.command=rpc.PutArgs applyOp.command={Key:k0 Value:{"Id":0,"V":20} Version:20}
2026/05/03 01:58:58 RSM node0: READER: dequeuing matched submit. applyOp.ID={0 56} index=56 queued.id={0 56} queued.index=56 queued.len(after)=0
2026/05/03 01:58:58 RSM node0: READER: sending OK response. applyOp.command={Key:k0 Value:{"Id":0,"V":20} Version:20} applyOp.command.type=rpc.PutArgs applyOp.ID={0 56} applyOp.index=56; queueed.command={Key:k0 Value:{"Id":0,"V":20} Version:20} queued.id={0 56} queued.index=56; DoOP.result={Err:OK} DoOP.result.type=rpc.PutReply
2026/05/03 01:58:58 RSM node0: Submit received result for op.ID={0 56} queued.CommandIndex=56: error=OK result={OK}
2026/05/03 01:58:58 RSM node0: Start executed for op.ID={0 57} op.command={Key:k0}. index=57, term=1, isLeader=true
2026/05/03 01:58:58 RSM node0: Submit enqueued. op.ID={0 57} index=57 term=1 queued.len=1
2026/05/03 01:58:58 RSM node1: READER: applying op. applyOp.ID={0 56} applyOp.index=56 applyOp.command=rpc.PutArgs applyOp.command={Key:k0 Value:{"Id":0,"V":20} Version:20}
2026/05/03 01:58:58 RSM node2: READER: applying op. applyOp.ID={0 56} applyOp.index=56 applyOp.command=rpc.PutArgs applyOp.command={Key:k0 Value:{"Id":0,"V":20} Version:20}
2026/05/03 01:58:58 RSM node0: READER: applying op. applyOp.ID={0 57} applyOp.index=57 applyOp.command=rpc.GetArgs applyOp.command={Key:k0}
2026/05/03 01:58:58 RSM node0: READER: dequeuing matched submit. applyOp.ID={0 57} index=57 queued.id={0 57} queued.index=57 queued.len(after)=0
2026/05/03 01:58:58 RSM node0: READER: sending OK response. applyOp.command={Key:k0} applyOp.command.type=rpc.GetArgs applyOp.ID={0 57} applyOp.index=57; queueed.command={Key:k0} queued.id={0 57} queued.index=57; DoOP.result={Value:{"Id":0,"V":20} Version:21 Err:OK} DoOP.result.type=rpc.GetReply
2026/05/03 01:58:58 RSM node0: Submit received result for op.ID={0 57} queued.CommandIndex=57: error=OK result={{"Id":0,"V":20} 21 OK}
2026/05/03 01:58:58 RSM node2: READER: applying op. applyOp.ID={0 57} applyOp.index=57 applyOp.command=rpc.GetArgs applyOp.command={Key:k0}
2026/05/03 01:58:58 RSM node0: Start executed for op.ID={0 58} op.command={Key:k0 Value:{"Id":0,"V":21} Version:21}. index=58, term=1, isLeader=true
2026/05/03 01:58:58 RSM node0: Submit enqueued. op.ID={0 58} index=58 term=1 queued.len=1
2026/05/03 01:58:58 RSM node1: READER: applying op. applyOp.ID={0 57} applyOp.index=57 applyOp.command=rpc.GetArgs applyOp.command={Key:k0}
2026/05/03 01:58:58 RSM node0: READER: applying op. applyOp.ID={0 58} applyOp.index=58 applyOp.command=rpc.PutArgs applyOp.command={Key:k0 Value:{"Id":0,"V":21} Version:21}
2026/05/03 01:58:58 RSM node0: READER: dequeuing matched submit. applyOp.ID={0 58} index=58 queued.id={0 58} queued.index=58 queued.len(after)=0
2026/05/03 01:58:58 RSM node0: READER: sending OK response. applyOp.command={Key:k0 Value:{"Id":0,"V":21} Version:21} applyOp.command.type=rpc.PutArgs applyOp.ID={0 58} applyOp.index=58; queueed.command={Key:k0 Value:{"Id":0,"V":21} Version:21} queued.id={0 58} queued.index=58; DoOP.result={Err:OK} DoOP.result.type=rpc.PutReply
2026/05/03 01:58:58 RSM node0: Submit received result for op.ID={0 58} queued.CommandIndex=58: error=OK result={OK}
2026/05/03 01:58:58 RSM node0: Start executed for op.ID={0 59} op.command={Key:k0}. index=59, term=1, isLeader=true
2026/05/03 01:58:58 RSM node0: Submit enqueued. op.ID={0 59} index=59 term=1 queued.len=1
2026/05/03 01:58:58 RSM node1: Start executed for op.ID={1 12} op.command={Shard:4 Num:2}. index=-1, term=1, isLeader=false
2026/05/03 01:58:58 RSM node2: READER: applying op. applyOp.ID={0 58} applyOp.index=58 applyOp.command=rpc.PutArgs applyOp.command={Key:k0 Value:{"Id":0,"V":21} Version:21}
2026/05/03 01:58:58 RSM node0: READER: applying op. applyOp.ID={0 59} applyOp.index=59 applyOp.command=rpc.GetArgs applyOp.command={Key:k0}
2026/05/03 01:58:58 RSM node0: READER: dequeuing matched submit. applyOp.ID={0 59} index=59 queued.id={0 59} queued.index=59 queued.len(after)=0
2026/05/03 01:58:58 RSM node0: READER: sending OK response. applyOp.command={Key:k0} applyOp.command.type=rpc.GetArgs applyOp.ID={0 59} applyOp.index=59; queueed.command={Key:k0} queued.id={0 59} queued.index=59; DoOP.result={Value:{"Id":0,"V":21} Version:22 Err:OK} DoOP.result.type=rpc.GetReply
2026/05/03 01:58:58 RSM node0: Submit received result for op.ID={0 59} queued.CommandIndex=59: error=OK result={{"Id":0,"V":21} 22 OK}
2026/05/03 01:58:58 RSM node1: READER: applying op. applyOp.ID={0 58} applyOp.index=58 applyOp.command=rpc.PutArgs applyOp.command={Key:k0 Value:{"Id":0,"V":21} Version:21}
2026/05/03 01:58:58 RSM node0: Start executed for op.ID={0 60} op.command={Key:k0 Value:{"Id":0,"V":22} Version:22}. index=60, term=1, isLeader=true
2026/05/03 01:58:58 RSM node0: Submit enqueued. op.ID={0 60} index=60 term=1 queued.len=1
2026/05/03 01:58:58 RSM node2: READER: applying op. applyOp.ID={0 59} applyOp.index=59 applyOp.command=rpc.GetArgs applyOp.command={Key:k0}
2026/05/03 01:58:58 RSM node0: READER: applying op. applyOp.ID={0 60} applyOp.index=60 applyOp.command=rpc.PutArgs applyOp.command={Key:k0 Value:{"Id":0,"V":22} Version:22}
2026/05/03 01:58:58 RSM node0: READER: dequeuing matched submit. applyOp.ID={0 60} index=60 queued.id={0 60} queued.index=60 queued.len(after)=0
2026/05/03 01:58:58 RSM node0: READER: sending OK response. applyOp.command={Key:k0 Value:{"Id":0,"V":22} Version:22} applyOp.command.type=rpc.PutArgs applyOp.ID={0 60} applyOp.index=60; queueed.command={Key:k0 Value:{"Id":0,"V":22} Version:22} queued.id={0 60} queued.index=60; DoOP.result={Err:OK} DoOP.result.type=rpc.PutReply
2026/05/03 01:58:58 RSM node0: Submit received result for op.ID={0 60} queued.CommandIndex=60: error=OK result={OK}
2026/05/03 01:58:58 RSM node0: Start executed for op.ID={0 61} op.command={Key:k0}. index=61, term=1, isLeader=true
2026/05/03 01:58:58 RSM node0: Submit enqueued. op.ID={0 61} index=61 term=1 queued.len=1
2026/05/03 01:58:58 RSM node1: READER: applying op. applyOp.ID={0 59} applyOp.index=59 applyOp.command=rpc.GetArgs applyOp.command={Key:k0}
2026/05/03 01:58:58 RSM node1: READER: applying op. applyOp.ID={0 60} applyOp.index=60 applyOp.command=rpc.PutArgs applyOp.command={Key:k0 Value:{"Id":0,"V":22} Version:22}
2026/05/03 01:58:58 RSM node2: READER: applying op. applyOp.ID={0 60} applyOp.index=60 applyOp.command=rpc.PutArgs applyOp.command={Key:k0 Value:{"Id":0,"V":22} Version:22}
2026/05/03 01:58:58 RSM node0: READER: applying op. applyOp.ID={0 61} applyOp.index=61 applyOp.command=rpc.GetArgs applyOp.command={Key:k0}
2026/05/03 01:58:58 RSM node0: READER: dequeuing matched submit. applyOp.ID={0 61} index=61 queued.id={0 61} queued.index=61 queued.len(after)=0
2026/05/03 01:58:58 RSM node0: READER: sending OK response. applyOp.command={Key:k0} applyOp.command.type=rpc.GetArgs applyOp.ID={0 61} applyOp.index=61; queueed.command={Key:k0} queued.id={0 61} queued.index=61; DoOP.result={Value:{"Id":0,"V":22} Version:23 Err:OK} DoOP.result.type=rpc.GetReply
2026/05/03 01:58:58 RSM node0: Submit received result for op.ID={0 61} queued.CommandIndex=61: error=OK result={{"Id":0,"V":22} 23 OK}
2026/05/03 01:58:58 RSM node0: Start executed for op.ID={0 62} op.command={Key:k0 Value:{"Id":0,"V":23} Version:23}. index=62, term=1, isLeader=true
2026/05/03 01:58:58 RSM node0: Submit enqueued. op.ID={0 62} index=62 term=1 queued.len=1
2026/05/03 01:58:58 RSM node2: READER: applying op. applyOp.ID={0 61} applyOp.index=61 applyOp.command=rpc.GetArgs applyOp.command={Key:k0}
2026/05/03 01:58:58 RSM node0: READER: applying op. applyOp.ID={0 62} applyOp.index=62 applyOp.command=rpc.PutArgs applyOp.command={Key:k0 Value:{"Id":0,"V":23} Version:23}
2026/05/03 01:58:58 RSM node0: READER: dequeuing matched submit. applyOp.ID={0 62} index=62 queued.id={0 62} queued.index=62 queued.len(after)=0
2026/05/03 01:58:58 RSM node0: READER: sending OK response. applyOp.command={Key:k0 Value:{"Id":0,"V":23} Version:23} applyOp.command.type=rpc.PutArgs applyOp.ID={0 62} applyOp.index=62; queueed.command={Key:k0 Value:{"Id":0,"V":23} Version:23} queued.id={0 62} queued.index=62; DoOP.result={Err:OK} DoOP.result.type=rpc.PutReply
2026/05/03 01:58:58 RSM node0: Submit received result for op.ID={0 62} queued.CommandIndex=62: error=OK result={OK}
2026/05/03 01:58:58 RSM node1: READER: applying op. applyOp.ID={0 61} applyOp.index=61 applyOp.command=rpc.GetArgs applyOp.command={Key:k0}
2026/05/03 01:58:58 RSM node2: Start executed for op.ID={2 11} op.command={Shard:4 Num:2}. index=-1, term=1, isLeader=false
2026/05/03 01:58:58 RSM node0: Start executed for op.ID={0 63} op.command={Key:k0}. index=63, term=1, isLeader=true
2026/05/03 01:58:58 RSM node0: Submit enqueued. op.ID={0 63} index=63 term=1 queued.len=1
2026/05/03 01:58:58 RSM node2: READER: applying op. applyOp.ID={0 62} applyOp.index=62 applyOp.command=rpc.PutArgs applyOp.command={Key:k0 Value:{"Id":0,"V":23} Version:23}
2026/05/03 01:58:58 RSM node1: READER: applying op. applyOp.ID={0 62} applyOp.index=62 applyOp.command=rpc.PutArgs applyOp.command={Key:k0 Value:{"Id":0,"V":23} Version:23}
2026/05/03 01:58:58 RSM node0: READER: applying op. applyOp.ID={0 63} applyOp.index=63 applyOp.command=rpc.GetArgs applyOp.command={Key:k0}
2026/05/03 01:58:58 RSM node0: READER: dequeuing matched submit. applyOp.ID={0 63} index=63 queued.id={0 63} queued.index=63 queued.len(after)=0
2026/05/03 01:58:58 RSM node0: READER: sending OK response. applyOp.command={Key:k0} applyOp.command.type=rpc.GetArgs applyOp.ID={0 63} applyOp.index=63; queueed.command={Key:k0} queued.id={0 63} queued.index=63; DoOP.result={Value:{"Id":0,"V":23} Version:24 Err:OK} DoOP.result.type=rpc.GetReply
2026/05/03 01:58:58 RSM node0: Submit received result for op.ID={0 63} queued.CommandIndex=63: error=OK result={{"Id":0,"V":23} 24 OK}
2026/05/03 01:58:58 RSM node1: READER: applying op. applyOp.ID={0 63} applyOp.index=63 applyOp.command=rpc.GetArgs applyOp.command={Key:k0}
2026/05/03 01:58:58 RSM node2: READER: applying op. applyOp.ID={0 63} applyOp.index=63 applyOp.command=rpc.GetArgs applyOp.command={Key:k0}
2026/05/03 01:58:58 RSM node0: Start executed for op.ID={0 64} op.command={Shard:4 Num:2}. index=64, term=1, isLeader=true
2026/05/03 01:58:58 RSM node0: Submit enqueued. op.ID={0 64} index=64 term=1 queued.len=1
2026/05/03 01:58:58 RSM node0: READER: applying op. applyOp.ID={0 64} applyOp.index=64 applyOp.command=shardrpc.DeleteShardArgs applyOp.command={Shard:4 Num:2}
2026/05/03 01:58:58 RSM node0: READER: dequeuing matched submit. applyOp.ID={0 64} index=64 queued.id={0 64} queued.index=64 queued.len(after)=0
2026/05/03 01:58:58 RSM node0: READER: sending OK response. applyOp.command={Shard:4 Num:2} applyOp.command.type=shardrpc.DeleteShardArgs applyOp.ID={0 64} applyOp.index=64; queueed.command={Shard:4 Num:2} queued.id={0 64} queued.index=64; DoOP.result={Err:OK} DoOP.result.type=shardrpc.DeleteShardReply
2026/05/03 01:58:58 RSM node0: Submit received result for op.ID={0 64} queued.CommandIndex=64: error=OK result={OK}
2026/05/03 01:58:58 RSM node0: Start executed for op.ID={0 65} op.command={Shard:5 Num:2}. index=65, term=1, isLeader=true
2026/05/03 01:58:58 RSM node0: Submit enqueued. op.ID={0 65} index=65 term=1 queued.len=1
2026/05/03 01:58:58 RSM node2: READER: applying op. applyOp.ID={0 64} applyOp.index=64 applyOp.command=shardrpc.DeleteShardArgs applyOp.command={Shard:4 Num:2}
2026/05/03 01:58:58 RSM node0: READER: applying op. applyOp.ID={0 65} applyOp.index=65 applyOp.command=shardrpc.FreezeShardArgs applyOp.command={Shard:5 Num:2}
2026/05/03 01:58:58 RSM node0: READER: dequeuing matched submit. applyOp.ID={0 65} index=65 queued.id={0 65} queued.index=65 queued.len(after)=0
2026/05/03 01:58:58 RSM node0: READER: sending OK response. applyOp.command={Shard:5 Num:2} applyOp.command.type=shardrpc.FreezeShardArgs applyOp.ID={0 65} applyOp.index=65; queueed.command={Shard:5 Num:2} queued.id={0 65} queued.index=65; DoOP.result={State:[15 255 167 4 1 2 255 168 0 1 12 1 255 166 0 0 34 255 165 3 1 2 255 166 0 1 2 1 5 86 97 108 117 101 1 12 0 1 7 86 101 114 115 105 111 110 1 6 0 0 0 4 255 168 0 0] Num:2 Err:OK} DoOP.result.type=shardrpc.FreezeShardReply
2026/05/03 01:58:58 RSM node0: Submit received result for op.ID={0 65} queued.CommandIndex=65: error=OK result={[15 255 167 4 1 2 255 168 0 1 12 1 255 166 0 0 34 255 165 3 1 2 255 166 0 1 2 1 5 86 97 108 117 101 1 12 0 1 7 86 101 114 115 105 111 110 1 6 0 0 0 4 255 168 0 0] 2 OK}
2026/05/03 01:58:58 RSM node1: Start executed for op.ID={1 13} op.command={Key:k0}. index=-1, term=1, isLeader=false
2026/05/03 01:58:58 RSM node0: Start executed for op.ID={0 7} op.command={Shard:5 State:[15 255 167 4 1 2 255 168 0 1 12 1 255 166 0 0 34 255 165 3 1 2 255 166 0 1 2 1 5 86 97 108 117 101 1 12 0 1 7 86 101 114 115 105 111 110 1 6 0 0 0 4 255 168 0 0] Num:2}. index=7, term=2, isLeader=true
2026/05/03 01:58:58 RSM node0: Submit enqueued. op.ID={0 7} index=7 term=2 queued.len=1
2026/05/03 01:58:58 RSM node1: READER: applying op. applyOp.ID={0 64} applyOp.index=64 applyOp.command=shardrpc.DeleteShardArgs applyOp.command={Shard:4 Num:2}
2026/05/03 01:58:58 RSM node0: READER: applying op. applyOp.ID={0 7} applyOp.index=7 applyOp.command=shardrpc.InstallShardArgs applyOp.command={Shard:5 State:[15 255 167 4 1 2 255 168 0 1 12 1 255 166 0 0 34 255 165 3 1 2 255 166 0 1 2 1 5 86 97 108 117 101 1 12 0 1 7 86 101 114 115 105 111 110 1 6 0 0 0 4 255 168 0 0] Num:2}
2026/05/03 01:58:58 RSM node0: READER: dequeuing matched submit. applyOp.ID={0 7} index=7 queued.id={0 7} queued.index=7 queued.len(after)=0
2026/05/03 01:58:58 RSM node0: READER: sending OK response. applyOp.command={Shard:5 State:[15 255 167 4 1 2 255 168 0 1 12 1 255 166 0 0 34 255 165 3 1 2 255 166 0 1 2 1 5 86 97 108 117 101 1 12 0 1 7 86 101 114 115 105 111 110 1 6 0 0 0 4 255 168 0 0] Num:2} applyOp.command.type=shardrpc.InstallShardArgs applyOp.ID={0 7} applyOp.index=7; queueed.command={Shard:5 State:[15 255 167 4 1 2 255 168 0 1 12 1 255 166 0 0 34 255 165 3 1 2 255 166 0 1 2 1 5 86 97 108 117 101 1 12 0 1 7 86 101 114 115 105 111 110 1 6 0 0 0 4 255 168 0 0] Num:2} queued.id={0 7} queued.index=7; DoOP.result={Err:OK} DoOP.result.type=shardrpc.InstallShardReply
2026/05/03 01:58:58 RSM node0: Submit received result for op.ID={0 7} queued.CommandIndex=7: error=OK result={OK}
2026/05/03 01:58:58 RSM node0: Start executed for op.ID={0 66} op.command={Shard:5 Num:2}. index=66, term=1, isLeader=true
2026/05/03 01:58:58 RSM node0: Submit enqueued. op.ID={0 66} index=66 term=1 queued.len=1
2026/05/03 01:58:58 RSM node1: READER: applying op. applyOp.ID={0 65} applyOp.index=65 applyOp.command=shardrpc.FreezeShardArgs applyOp.command={Shard:5 Num:2}
2026/05/03 01:58:58 RSM node0: READER: applying op. applyOp.ID={0 66} applyOp.index=66 applyOp.command=shardrpc.DeleteShardArgs applyOp.command={Shard:5 Num:2}
2026/05/03 01:58:58 RSM node0: READER: dequeuing matched submit. applyOp.ID={0 66} index=66 queued.id={0 66} queued.index=66 queued.len(after)=0
2026/05/03 01:58:58 RSM node0: READER: sending OK response. applyOp.command={Shard:5 Num:2} applyOp.command.type=shardrpc.DeleteShardArgs applyOp.ID={0 66} applyOp.index=66; queueed.command={Shard:5 Num:2} queued.id={0 66} queued.index=66; DoOP.result={Err:OK} DoOP.result.type=shardrpc.DeleteShardReply
2026/05/03 01:58:58 RSM node0: Submit received result for op.ID={0 66} queued.CommandIndex=66: error=OK result={OK}
2026/05/03 01:58:58 RSM node2: READER: applying op. applyOp.ID={0 65} applyOp.index=65 applyOp.command=shardrpc.FreezeShardArgs applyOp.command={Shard:5 Num:2}
2026/05/03 01:58:58 RSM node2: READER: applying op. applyOp.ID={0 7} applyOp.index=7 applyOp.command=shardrpc.InstallShardArgs applyOp.command={Shard:5 State:[15 255 167 4 1 2 255 168 0 1 12 1 255 166 0 0 34 255 165 3 1 2 255 166 0 1 2 1 5 86 97 108 117 101 1 12 0 1 7 86 101 114 115 105 111 110 1 6 0 0 0 4 255 168 0 0] Num:2}
2026/05/03 01:58:58 RSM node1: READER: applying op. applyOp.ID={0 7} applyOp.index=7 applyOp.command=shardrpc.InstallShardArgs applyOp.command={Shard:5 State:[15 255 167 4 1 2 255 168 0 1 12 1 255 166 0 0 34 255 165 3 1 2 255 166 0 1 2 1 5 86 97 108 117 101 1 12 0 1 7 86 101 114 115 105 111 110 1 6 0 0 0 4 255 168 0 0] Num:2}
2026/05/03 01:58:58 RSM node1: READER: applying op. applyOp.ID={0 66} applyOp.index=66 applyOp.command=shardrpc.DeleteShardArgs applyOp.command={Shard:5 Num:2}
2026/05/03 01:58:58 RSM node2: READER: applying op. applyOp.ID={0 66} applyOp.index=66 applyOp.command=shardrpc.DeleteShardArgs applyOp.command={Shard:5 Num:2}
2026/05/03 01:58:58 RSM node2: Start executed for op.ID={2 12} op.command={Key:k0}. index=-1, term=1, isLeader=false
2026/05/03 01:58:58 RSM node0: Start executed for op.ID={0 67} op.command={Key:k0}. index=67, term=1, isLeader=true
2026/05/03 01:58:58 RSM node0: Submit enqueued. op.ID={0 67} index=67 term=1 queued.len=1
2026/05/03 01:58:58 RSM node0: READER: applying op. applyOp.ID={0 67} applyOp.index=67 applyOp.command=rpc.GetArgs applyOp.command={Key:k0}
2026/05/03 01:58:58 RSM node0: READER: dequeuing matched submit. applyOp.ID={0 67} index=67 queued.id={0 67} queued.index=67 queued.len(after)=0
2026/05/03 01:58:58 RSM node0: READER: sending OK response. applyOp.command={Key:k0} applyOp.command.type=rpc.GetArgs applyOp.ID={0 67} applyOp.index=67; queueed.command={Key:k0} queued.id={0 67} queued.index=67; DoOP.result={Value:{"Id":0,"V":23} Version:24 Err:OK} DoOP.result.type=rpc.GetReply
2026/05/03 01:58:58 RSM node0: Submit received result for op.ID={0 67} queued.CommandIndex=67: error=OK result={{"Id":0,"V":23} 24 OK}
2026/05/03 01:58:58 RSM node2: READER: applying op. applyOp.ID={0 67} applyOp.index=67 applyOp.command=rpc.GetArgs applyOp.command={Key:k0}
2026/05/03 01:58:58 RSM node1: READER: applying op. applyOp.ID={0 67} applyOp.index=67 applyOp.command=rpc.GetArgs applyOp.command={Key:k0}
2026/05/03 01:58:58 RSM node0: Start executed for op.ID={0 68} op.command={Key:k0 Value:{"Id":0,"V":24} Version:24}. index=68, term=1, isLeader=true
2026/05/03 01:58:58 RSM node0: Submit enqueued. op.ID={0 68} index=68 term=1 queued.len=1
2026/05/03 01:58:58 RSM node0: READER: applying op. applyOp.ID={0 68} applyOp.index=68 applyOp.command=rpc.PutArgs applyOp.command={Key:k0 Value:{"Id":0,"V":24} Version:24}
2026/05/03 01:58:58 RSM node0: READER: dequeuing matched submit. applyOp.ID={0 68} index=68 queued.id={0 68} queued.index=68 queued.len(after)=0
2026/05/03 01:58:58 RSM node0: READER: sending OK response. applyOp.command={Key:k0 Value:{"Id":0,"V":24} Version:24} applyOp.command.type=rpc.PutArgs applyOp.ID={0 68} applyOp.index=68; queueed.command={Key:k0 Value:{"Id":0,"V":24} Version:24} queued.id={0 68} queued.index=68; DoOP.result={Err:OK} DoOP.result.type=rpc.PutReply
2026/05/03 01:58:58 RSM node0: Submit received result for op.ID={0 68} queued.CommandIndex=68: error=OK result={OK}
2026/05/03 01:58:58 RSM node0: Start executed for op.ID={0 69} op.command={Key:k0}. index=69, term=1, isLeader=true
2026/05/03 01:58:58 RSM node0: Submit enqueued. op.ID={0 69} index=69 term=1 queued.len=1
2026/05/03 01:58:58 RSM node2: READER: applying op. applyOp.ID={0 68} applyOp.index=68 applyOp.command=rpc.PutArgs applyOp.command={Key:k0 Value:{"Id":0,"V":24} Version:24}
2026/05/03 01:58:58 RSM node0: READER: applying op. applyOp.ID={0 69} applyOp.index=69 applyOp.command=rpc.GetArgs applyOp.command={Key:k0}
2026/05/03 01:58:58 RSM node0: READER: dequeuing matched submit. applyOp.ID={0 69} index=69 queued.id={0 69} queued.index=69 queued.len(after)=0
2026/05/03 01:58:58 RSM node0: READER: sending OK response. applyOp.command={Key:k0} applyOp.command.type=rpc.GetArgs applyOp.ID={0 69} applyOp.index=69; queueed.command={Key:k0} queued.id={0 69} queued.index=69; DoOP.result={Value:{"Id":0,"V":24} Version:25 Err:OK} DoOP.result.type=rpc.GetReply
2026/05/03 01:58:58 RSM node0: Submit received result for op.ID={0 69} queued.CommandIndex=69: error=OK result={{"Id":0,"V":24} 25 OK}
2026/05/03 01:58:58 RSM node1: READER: applying op. applyOp.ID={0 68} applyOp.index=68 applyOp.command=rpc.PutArgs applyOp.command={Key:k0 Value:{"Id":0,"V":24} Version:24}
2026/05/03 01:58:58 RSM node1: READER: applying op. applyOp.ID={0 69} applyOp.index=69 applyOp.command=rpc.GetArgs applyOp.command={Key:k0}
2026/05/03 01:58:58 RSM node2: READER: applying op. applyOp.ID={0 69} applyOp.index=69 applyOp.command=rpc.GetArgs applyOp.command={Key:k0}
2026/05/03 01:58:58 RSM node1: Start executed for op.ID={1 14} op.command={Key:k0}. index=-1, term=1, isLeader=false
2026/05/03 01:58:59 RSM node2: Start executed for op.ID={2 13} op.command={Key:k0}. index=-1, term=1, isLeader=false
2026/05/03 01:58:59 RSM node0: Start executed for op.ID={0 8} op.command={Shard:0 Num:3}. index=8, term=2, isLeader=true
2026/05/03 01:58:59 RSM node0: Submit enqueued. op.ID={0 8} index=8 term=2 queued.len=1
2026/05/03 01:58:59 RSM node0: READER: applying op. applyOp.ID={0 8} applyOp.index=8 applyOp.command=shardrpc.FreezeShardArgs applyOp.command={Shard:0 Num:3}
2026/05/03 01:58:59 RSM node0: READER: dequeuing matched submit. applyOp.ID={0 8} index=8 queued.id={0 8} queued.index=8 queued.len(after)=0
2026/05/03 01:58:59 RSM node0: READER: sending OK response. applyOp.command={Shard:0 Num:3} applyOp.command.type=shardrpc.FreezeShardArgs applyOp.ID={0 8} applyOp.index=8; queueed.command={Shard:0 Num:3} queued.id={0 8} queued.index=8; DoOP.result={State:[15 255 163 4 1 2 255 164 0 1 12 1 255 162 0 0 34 255 161 3 1 2 255 162 0 1 2 1 5 86 97 108 117 101 1 12 0 1 7 86 101 114 115 105 111 110 1 6 0 0 0 4 255 164 0 0] Num:3 Err:OK} DoOP.result.type=shardrpc.FreezeShardReply
2026/05/03 01:58:59 RSM node0: Submit received result for op.ID={0 8} queued.CommandIndex=8: error=OK result={[15 255 163 4 1 2 255 164 0 1 12 1 255 162 0 0 34 255 161 3 1 2 255 162 0 1 2 1 5 86 97 108 117 101 1 12 0 1 7 86 101 114 115 105 111 110 1 6 0 0 0 4 255 164 0 0] 3 OK}
2026/05/03 01:58:59 RSM node0: Start executed for op.ID={0 70} op.command={Key:k0}. index=70, term=1, isLeader=true
2026/05/03 01:58:59 RSM node0: Submit enqueued. op.ID={0 70} index=70 term=1 queued.len=1
2026/05/03 01:58:59 RSM node0: Start executed for op.ID={0 1} op.command={Shard:0 State:[15 255 163 4 1 2 255 164 0 1 12 1 255 162 0 0 34 255 161 3 1 2 255 162 0 1 2 1 5 86 97 108 117 101 1 12 0 1 7 86 101 114 115 105 111 110 1 6 0 0 0 4 255 164 0 0] Num:3}. index=1, term=1, isLeader=true
2026/05/03 01:58:59 RSM node0: Submit enqueued. op.ID={0 1} index=1 term=1 queued.len=1
2026/05/03 01:58:59 RSM node0: READER: applying op. applyOp.ID={0 1} applyOp.index=1 applyOp.command=shardrpc.InstallShardArgs applyOp.command={Shard:0 State:[15 255 163 4 1 2 255 164 0 1 12 1 255 162 0 0 34 255 161 3 1 2 255 162 0 1 2 1 5 86 97 108 117 101 1 12 0 1 7 86 101 114 115 105 111 110 1 6 0 0 0 4 255 164 0 0] Num:3}
2026/05/03 01:58:59 RSM node0: READER: dequeuing matched submit. applyOp.ID={0 1} index=1 queued.id={0 1} queued.index=1 queued.len(after)=0
2026/05/03 01:58:59 RSM node0: READER: sending OK response. applyOp.command={Shard:0 State:[15 255 163 4 1 2 255 164 0 1 12 1 255 162 0 0 34 255 161 3 1 2 255 162 0 1 2 1 5 86 97 108 117 101 1 12 0 1 7 86 101 114 115 105 111 110 1 6 0 0 0 4 255 164 0 0] Num:3} applyOp.command.type=shardrpc.InstallShardArgs applyOp.ID={0 1} applyOp.index=1; queueed.command={Shard:0 State:[15 255 163 4 1 2 255 164 0 1 12 1 255 162 0 0 34 255 161 3 1 2 255 162 0 1 2 1 5 86 97 108 117 101 1 12 0 1 7 86 101 114 115 105 111 110 1 6 0 0 0 4 255 164 0 0] Num:3} queued.id={0 1} queued.index=1; DoOP.result={Err:OK} DoOP.result.type=shardrpc.InstallShardReply
2026/05/03 01:58:59 RSM node0: Submit received result for op.ID={0 1} queued.CommandIndex=1: error=OK result={OK}
2026/05/03 01:58:59 RSM node2: READER: applying op. applyOp.ID={0 1} applyOp.index=1 applyOp.command=shardrpc.InstallShardArgs applyOp.command={Shard:0 State:[15 255 163 4 1 2 255 164 0 1 12 1 255 162 0 0 34 255 161 3 1 2 255 162 0 1 2 1 5 86 97 108 117 101 1 12 0 1 7 86 101 114 115 105 111 110 1 6 0 0 0 4 255 164 0 0] Num:3}
2026/05/03 01:58:59 RSM node0: READER: applying op. applyOp.ID={0 70} applyOp.index=70 applyOp.command=rpc.GetArgs applyOp.command={Key:k0}
2026/05/03 01:58:59 RSM node0: READER: dequeuing matched submit. applyOp.ID={0 70} index=70 queued.id={0 70} queued.index=70 queued.len(after)=0
2026/05/03 01:58:59 RSM node0: READER: sending OK response. applyOp.command={Key:k0} applyOp.command.type=rpc.GetArgs applyOp.ID={0 70} applyOp.index=70; queueed.command={Key:k0} queued.id={0 70} queued.index=70; DoOP.result={Value:{"Id":0,"V":24} Version:25 Err:OK} DoOP.result.type=rpc.GetReply
2026/05/03 01:58:59 RSM node0: Submit received result for op.ID={0 70} queued.CommandIndex=70: error=OK result={{"Id":0,"V":24} 25 OK}
2026/05/03 01:58:59 RSM node1: READER: applying op. applyOp.ID={0 1} applyOp.index=1 applyOp.command=shardrpc.InstallShardArgs applyOp.command={Shard:0 State:[15 255 163 4 1 2 255 164 0 1 12 1 255 162 0 0 34 255 161 3 1 2 255 162 0 1 2 1 5 86 97 108 117 101 1 12 0 1 7 86 101 114 115 105 111 110 1 6 0 0 0 4 255 164 0 0] Num:3}
2026/05/03 01:58:59 RSM node0: Start executed for op.ID={0 9} op.command={Shard:0 Num:3}. index=9, term=2, isLeader=true
2026/05/03 01:58:59 RSM node0: Submit enqueued. op.ID={0 9} index=9 term=2 queued.len=1
2026/05/03 01:58:59 RSM node1: READER: applying op. applyOp.ID={0 8} applyOp.index=8 applyOp.command=shardrpc.FreezeShardArgs applyOp.command={Shard:0 Num:3}
2026/05/03 01:58:59 RSM node0: READER: applying op. applyOp.ID={0 9} applyOp.index=9 applyOp.command=shardrpc.DeleteShardArgs applyOp.command={Shard:0 Num:3}
2026/05/03 01:58:59 RSM node0: READER: dequeuing matched submit. applyOp.ID={0 9} index=9 queued.id={0 9} queued.index=9 queued.len(after)=0
2026/05/03 01:58:59 RSM node0: READER: sending OK response. applyOp.command={Shard:0 Num:3} applyOp.command.type=shardrpc.DeleteShardArgs applyOp.ID={0 9} applyOp.index=9; queueed.command={Shard:0 Num:3} queued.id={0 9} queued.index=9; DoOP.result={Err:OK} DoOP.result.type=shardrpc.DeleteShardReply
2026/05/03 01:58:59 RSM node0: Submit received result for op.ID={0 9} queued.CommandIndex=9: error=OK result={OK}
2026/05/03 01:58:59 RSM node2: READER: applying op. applyOp.ID={0 8} applyOp.index=8 applyOp.command=shardrpc.FreezeShardArgs applyOp.command={Shard:0 Num:3}
2026/05/03 01:58:59 RSM node0: Start executed for op.ID={0 71} op.command={Key:k0 Value:{"Id":0,"V":25} Version:25}. index=71, term=1, isLeader=true
2026/05/03 01:58:59 RSM node0: Submit enqueued. op.ID={0 71} index=71 term=1 queued.len=1
2026/05/03 01:58:59 RSM node0: Start executed for op.ID={0 10} op.command={Shard:1 Num:3}. index=10, term=2, isLeader=true
2026/05/03 01:58:59 RSM node0: Submit enqueued. op.ID={0 10} index=10 term=2 queued.len=1
2026/05/03 01:58:59 RSM node1: READER: applying op. applyOp.ID={0 9} applyOp.index=9 applyOp.command=shardrpc.DeleteShardArgs applyOp.command={Shard:0 Num:3}
2026/05/03 01:58:59 RSM node0: READER: applying op. applyOp.ID={0 10} applyOp.index=10 applyOp.command=shardrpc.FreezeShardArgs applyOp.command={Shard:1 Num:3}
2026/05/03 01:58:59 RSM node0: READER: dequeuing matched submit. applyOp.ID={0 10} index=10 queued.id={0 10} queued.index=10 queued.len(after)=0
2026/05/03 01:58:59 RSM node0: READER: sending OK response. applyOp.command={Shard:1 Num:3} applyOp.command.type=shardrpc.FreezeShardArgs applyOp.ID={0 10} applyOp.index=10; queueed.command={Shard:1 Num:3} queued.id={0 10} queued.index=10; DoOP.result={State:[15 255 163 4 1 2 255 164 0 1 12 1 255 162 0 0 34 255 161 3 1 2 255 162 0 1 2 1 5 86 97 108 117 101 1 12 0 1 7 86 101 114 115 105 111 110 1 6 0 0 0 4 255 164 0 0] Num:3 Err:OK} DoOP.result.type=shardrpc.FreezeShardReply
2026/05/03 01:58:59 RSM node0: Submit received result for op.ID={0 10} queued.CommandIndex=10: error=OK result={[15 255 163 4 1 2 255 164 0 1 12 1 255 162 0 0 34 255 161 3 1 2 255 162 0 1 2 1 5 86 97 108 117 101 1 12 0 1 7 86 101 114 115 105 111 110 1 6 0 0 0 4 255 164 0 0] 3 OK}
2026/05/03 01:58:59 RSM node2: READER: applying op. applyOp.ID={0 70} applyOp.index=70 applyOp.command=rpc.GetArgs applyOp.command={Key:k0}
2026/05/03 01:58:59 RSM node0: READER: applying op. applyOp.ID={0 71} applyOp.index=71 applyOp.command=rpc.PutArgs applyOp.command={Key:k0 Value:{"Id":0,"V":25} Version:25}
2026/05/03 01:58:59 RSM node0: READER: dequeuing matched submit. applyOp.ID={0 71} index=71 queued.id={0 71} queued.index=71 queued.len(after)=0
2026/05/03 01:58:59 RSM node0: READER: sending OK response. applyOp.command={Key:k0 Value:{"Id":0,"V":25} Version:25} applyOp.command.type=rpc.PutArgs applyOp.ID={0 71} applyOp.index=71; queueed.command={Key:k0 Value:{"Id":0,"V":25} Version:25} queued.id={0 71} queued.index=71; DoOP.result={Err:OK} DoOP.result.type=rpc.PutReply
2026/05/03 01:58:59 RSM node0: Submit received result for op.ID={0 71} queued.CommandIndex=71: error=OK result={OK}
2026/05/03 01:58:59 RSM node1: READER: applying op. applyOp.ID={0 70} applyOp.index=70 applyOp.command=rpc.GetArgs applyOp.command={Key:k0}
2026/05/03 01:58:59 RSM node0: Start executed for op.ID={0 2} op.command={Shard:1 State:[15 255 163 4 1 2 255 164 0 1 12 1 255 162 0 0 34 255 161 3 1 2 255 162 0 1 2 1 5 86 97 108 117 101 1 12 0 1 7 86 101 114 115 105 111 110 1 6 0 0 0 4 255 164 0 0] Num:3}. index=2, term=1, isLeader=true
2026/05/03 01:58:59 RSM node0: Submit enqueued. op.ID={0 2} index=2 term=1 queued.len=1
2026/05/03 01:58:59 RSM node2: READER: applying op. applyOp.ID={0 9} applyOp.index=9 applyOp.command=shardrpc.DeleteShardArgs applyOp.command={Shard:0 Num:3}
2026/05/03 01:58:59 RSM node1: READER: applying op. applyOp.ID={0 10} applyOp.index=10 applyOp.command=shardrpc.FreezeShardArgs applyOp.command={Shard:1 Num:3}
2026/05/03 01:58:59 RSM node0: READER: applying op. applyOp.ID={0 2} applyOp.index=2 applyOp.command=shardrpc.InstallShardArgs applyOp.command={Shard:1 State:[15 255 163 4 1 2 255 164 0 1 12 1 255 162 0 0 34 255 161 3 1 2 255 162 0 1 2 1 5 86 97 108 117 101 1 12 0 1 7 86 101 114 115 105 111 110 1 6 0 0 0 4 255 164 0 0] Num:3}
2026/05/03 01:58:59 RSM node0: READER: dequeuing matched submit. applyOp.ID={0 2} index=2 queued.id={0 2} queued.index=2 queued.len(after)=0
2026/05/03 01:58:59 RSM node0: Submit received result for op.ID={0 2} queued.CommandIndex=2: error=OK result={OK}
2026/05/03 01:58:59 RSM node0: READER: sending OK response. applyOp.command={Shard:1 State:[15 255 163 4 1 2 255 164 0 1 12 1 255 162 0 0 34 255 161 3 1 2 255 162 0 1 2 1 5 86 97 108 117 101 1 12 0 1 7 86 101 114 115 105 111 110 1 6 0 0 0 4 255 164 0 0] Num:3} applyOp.command.type=shardrpc.InstallShardArgs applyOp.ID={0 2} applyOp.index=2; queueed.command={Shard:1 State:[15 255 163 4 1 2 255 164 0 1 12 1 255 162 0 0 34 255 161 3 1 2 255 162 0 1 2 1 5 86 97 108 117 101 1 12 0 1 7 86 101 114 115 105 111 110 1 6 0 0 0 4 255 164 0 0] Num:3} queued.id={0 2} queued.index=2; DoOP.result={Err:OK} DoOP.result.type=shardrpc.InstallShardReply
2026/05/03 01:58:59 RSM node0: Start executed for op.ID={0 11} op.command={Shard:1 Num:3}. index=11, term=2, isLeader=true
2026/05/03 01:58:59 RSM node0: Submit enqueued. op.ID={0 11} index=11 term=2 queued.len=1
2026/05/03 01:58:59 RSM node2: READER: applying op. applyOp.ID={0 10} applyOp.index=10 applyOp.command=shardrpc.FreezeShardArgs applyOp.command={Shard:1 Num:3}
2026/05/03 01:58:59 RSM node0: READER: applying op. applyOp.ID={0 11} applyOp.index=11 applyOp.command=shardrpc.DeleteShardArgs applyOp.command={Shard:1 Num:3}
2026/05/03 01:58:59 RSM node0: READER: dequeuing matched submit. applyOp.ID={0 11} index=11 queued.id={0 11} queued.index=11 queued.len(after)=0
2026/05/03 01:58:59 RSM node0: READER: sending OK response. applyOp.command={Shard:1 Num:3} applyOp.command.type=shardrpc.DeleteShardArgs applyOp.ID={0 11} applyOp.index=11; queueed.command={Shard:1 Num:3} queued.id={0 11} queued.index=11; DoOP.result={Err:OK} DoOP.result.type=shardrpc.DeleteShardReply
2026/05/03 01:58:59 RSM node0: Submit received result for op.ID={0 11} queued.CommandIndex=11: error=OK result={OK}
2026/05/03 01:58:59 RSM node0: Start executed for op.ID={0 72} op.command={Shard:6 Num:3}. index=72, term=1, isLeader=true
2026/05/03 01:58:59 RSM node0: Submit enqueued. op.ID={0 72} index=72 term=1 queued.len=1
2026/05/03 01:58:59 RSM node0: Start executed for op.ID={0 73} op.command={Key:k0}. index=73, term=1, isLeader=true
2026/05/03 01:58:59 RSM node0: Submit enqueued. op.ID={0 73} index=73 term=1 queued.len=2
2026/05/03 01:58:59 RSM node1: READER: applying op. applyOp.ID={0 71} applyOp.index=71 applyOp.command=rpc.PutArgs applyOp.command={Key:k0 Value:{"Id":0,"V":25} Version:25}
2026/05/03 01:58:59 RSM node2: READER: applying op. applyOp.ID={0 71} applyOp.index=71 applyOp.command=rpc.PutArgs applyOp.command={Key:k0 Value:{"Id":0,"V":25} Version:25}
2026/05/03 01:58:59 RSM node2: READER: applying op. applyOp.ID={0 11} applyOp.index=11 applyOp.command=shardrpc.DeleteShardArgs applyOp.command={Shard:1 Num:3}
2026/05/03 01:58:59 RSM node0: READER: applying op. applyOp.ID={0 72} applyOp.index=72 applyOp.command=shardrpc.FreezeShardArgs applyOp.command={Shard:6 Num:3}
2026/05/03 01:58:59 RSM node0: READER: dequeuing matched submit. applyOp.ID={0 72} index=72 queued.id={0 72} queued.index=72 queued.len(after)=1
2026/05/03 01:58:59 RSM node0: Submit received result for op.ID={0 72} queued.CommandIndex=72: error=OK result={[15 255 167 4 1 2 255 168 0 1 12 1 255 166 0 0 34 255 165 3 1 2 255 166 0 1 2 1 5 86 97 108 117 101 1 12 0 1 7 86 101 114 115 105 111 110 1 6 0 0 0 4 255 168 0 0] 3 OK}
2026/05/03 01:58:59 RSM node0: READER: sending OK response. applyOp.command={Shard:6 Num:3} applyOp.command.type=shardrpc.FreezeShardArgs applyOp.ID={0 72} applyOp.index=72; queueed.command={Shard:6 Num:3} queued.id={0 72} queued.index=72; DoOP.result={State:[15 255 167 4 1 2 255 168 0 1 12 1 255 166 0 0 34 255 165 3 1 2 255 166 0 1 2 1 5 86 97 108 117 101 1 12 0 1 7 86 101 114 115 105 111 110 1 6 0 0 0 4 255 168 0 0] Num:3 Err:OK} DoOP.result.type=shardrpc.FreezeShardReply
2026/05/03 01:58:59 RSM node0: READER: applying op. applyOp.ID={0 73} applyOp.index=73 applyOp.command=rpc.GetArgs applyOp.command={Key:k0}
2026/05/03 01:58:59 RSM node0: READER: dequeuing matched submit. applyOp.ID={0 73} index=73 queued.id={0 73} queued.index=73 queued.len(after)=0
2026/05/03 01:58:59 RSM node0: READER: sending OK response. applyOp.command={Key:k0} applyOp.command.type=rpc.GetArgs applyOp.ID={0 73} applyOp.index=73; queueed.command={Key:k0} queued.id={0 73} queued.index=73; DoOP.result={Value:{"Id":0,"V":25} Version:26 Err:OK} DoOP.result.type=rpc.GetReply
2026/05/03 01:58:59 RSM node0: Submit received result for op.ID={0 73} queued.CommandIndex=73: error=OK result={{"Id":0,"V":25} 26 OK}
2026/05/03 01:58:59 RSM node1: READER: applying op. applyOp.ID={0 2} applyOp.index=2 applyOp.command=shardrpc.InstallShardArgs applyOp.command={Shard:1 State:[15 255 163 4 1 2 255 164 0 1 12 1 255 162 0 0 34 255 161 3 1 2 255 162 0 1 2 1 5 86 97 108 117 101 1 12 0 1 7 86 101 114 115 105 111 110 1 6 0 0 0 4 255 164 0 0] Num:3}
2026/05/03 01:58:59 RSM node1: READER: applying op. applyOp.ID={0 11} applyOp.index=11 applyOp.command=shardrpc.DeleteShardArgs applyOp.command={Shard:1 Num:3}
2026/05/03 01:58:59 RSM node2: READER: applying op. applyOp.ID={0 2} applyOp.index=2 applyOp.command=shardrpc.InstallShardArgs applyOp.command={Shard:1 State:[15 255 163 4 1 2 255 164 0 1 12 1 255 162 0 0 34 255 161 3 1 2 255 162 0 1 2 1 5 86 97 108 117 101 1 12 0 1 7 86 101 114 115 105 111 110 1 6 0 0 0 4 255 164 0 0] Num:3}
2026/05/03 01:58:59 RSM node0: Start executed for op.ID={0 74} op.command={Key:k0 Value:{"Id":0,"V":26} Version:26}. index=74, term=1, isLeader=true
2026/05/03 01:58:59 RSM node0: Submit enqueued. op.ID={0 74} index=74 term=1 queued.len=1
2026/05/03 01:58:59 RSM node1: READER: applying op. applyOp.ID={0 72} applyOp.index=72 applyOp.command=shardrpc.FreezeShardArgs applyOp.command={Shard:6 Num:3}
2026/05/03 01:58:59 RSM node1: READER: applying op. applyOp.ID={0 73} applyOp.index=73 applyOp.command=rpc.GetArgs applyOp.command={Key:k0}
2026/05/03 01:58:59 RSM node0: READER: applying op. applyOp.ID={0 74} applyOp.index=74 applyOp.command=rpc.PutArgs applyOp.command={Key:k0 Value:{"Id":0,"V":26} Version:26}
2026/05/03 01:58:59 RSM node0: READER: dequeuing matched submit. applyOp.ID={0 74} index=74 queued.id={0 74} queued.index=74 queued.len(after)=0
2026/05/03 01:58:59 RSM node0: READER: sending OK response. applyOp.command={Key:k0 Value:{"Id":0,"V":26} Version:26} applyOp.command.type=rpc.PutArgs applyOp.ID={0 74} applyOp.index=74; queueed.command={Key:k0 Value:{"Id":0,"V":26} Version:26} queued.id={0 74} queued.index=74; DoOP.result={Err:OK} DoOP.result.type=rpc.PutReply
2026/05/03 01:58:59 RSM node0: Submit received result for op.ID={0 74} queued.CommandIndex=74: error=OK result={OK}
2026/05/03 01:58:59 RSM node2: READER: applying op. applyOp.ID={0 72} applyOp.index=72 applyOp.command=shardrpc.FreezeShardArgs applyOp.command={Shard:6 Num:3}
2026/05/03 01:58:59 RSM node2: READER: applying op. applyOp.ID={0 73} applyOp.index=73 applyOp.command=rpc.GetArgs applyOp.command={Key:k0}
2026/05/03 01:58:59 RSM node0: Start executed for op.ID={0 75} op.command={Key:k0}. index=75, term=1, isLeader=true
2026/05/03 01:58:59 RSM node0: Submit enqueued. op.ID={0 75} index=75 term=1 queued.len=1
2026/05/03 01:58:59 RSM node2: READER: applying op. applyOp.ID={0 74} applyOp.index=74 applyOp.command=rpc.PutArgs applyOp.command={Key:k0 Value:{"Id":0,"V":26} Version:26}
2026/05/03 01:58:59 RSM node0: READER: applying op. applyOp.ID={0 75} applyOp.index=75 applyOp.command=rpc.GetArgs applyOp.command={Key:k0}
2026/05/03 01:58:59 RSM node0: READER: dequeuing matched submit. applyOp.ID={0 75} index=75 queued.id={0 75} queued.index=75 queued.len(after)=0
2026/05/03 01:58:59 RSM node0: READER: sending OK response. applyOp.command={Key:k0} applyOp.command.type=rpc.GetArgs applyOp.ID={0 75} applyOp.index=75; queueed.command={Key:k0} queued.id={0 75} queued.index=75; DoOP.result={Value:{"Id":0,"V":26} Version:27 Err:OK} DoOP.result.type=rpc.GetReply
2026/05/03 01:58:59 RSM node0: Submit received result for op.ID={0 75} queued.CommandIndex=75: error=OK result={{"Id":0,"V":26} 27 OK}
2026/05/03 01:58:59 RSM node1: Start executed for op.ID={1 15} op.command={Shard:6 Num:3}. index=-1, term=1, isLeader=false
2026/05/03 01:58:59 RSM node1: READER: applying op. applyOp.ID={0 74} applyOp.index=74 applyOp.command=rpc.PutArgs applyOp.command={Key:k0 Value:{"Id":0,"V":26} Version:26}
2026/05/03 01:58:59 RSM node1: READER: applying op. applyOp.ID={0 75} applyOp.index=75 applyOp.command=rpc.GetArgs applyOp.command={Key:k0}
2026/05/03 01:58:59 RSM node2: READER: applying op. applyOp.ID={0 75} applyOp.index=75 applyOp.command=rpc.GetArgs applyOp.command={Key:k0}
2026/05/03 01:58:59 RSM node1: Start executed for op.ID={1 16} op.command={Key:k0}. index=-1, term=1, isLeader=false
2026/05/03 01:58:59 RSM node2: Start executed for op.ID={2 14} op.command={Shard:6 Num:3}. index=-1, term=1, isLeader=false
2026/05/03 01:58:59 RSM node2: Start executed for op.ID={2 15} op.command={Key:k0}. index=-1, term=1, isLeader=false
2026/05/03 01:58:59 RSM node0: Start executed for op.ID={0 76} op.command={Shard:6 Num:3}. index=76, term=1, isLeader=true
2026/05/03 01:58:59 RSM node0: Submit enqueued. op.ID={0 76} index=76 term=1 queued.len=1
2026/05/03 01:58:59 RSM node0: READER: applying op. applyOp.ID={0 76} applyOp.index=76 applyOp.command=shardrpc.FreezeShardArgs applyOp.command={Shard:6 Num:3}
2026/05/03 01:58:59 RSM node0: READER: dequeuing matched submit. applyOp.ID={0 76} index=76 queued.id={0 76} queued.index=76 queued.len(after)=0
2026/05/03 01:58:59 RSM node0: READER: sending OK response. applyOp.command={Shard:6 Num:3} applyOp.command.type=shardrpc.FreezeShardArgs applyOp.ID={0 76} applyOp.index=76; queueed.command={Shard:6 Num:3} queued.id={0 76} queued.index=76; DoOP.result={State:[15 255 167 4 1 2 255 168 0 1 12 1 255 166 0 0 34 255 165 3 1 2 255 166 0 1 2 1 5 86 97 108 117 101 1 12 0 1 7 86 101 114 115 105 111 110 1 6 0 0 0 4 255 168 0 0] Num:3 Err:OK} DoOP.result.type=shardrpc.FreezeShardReply
2026/05/03 01:58:59 RSM node0: Submit received result for op.ID={0 76} queued.CommandIndex=76: error=OK result={[15 255 167 4 1 2 255 168 0 1 12 1 255 166 0 0 34 255 165 3 1 2 255 166 0 1 2 1 5 86 97 108 117 101 1 12 0 1 7 86 101 114 115 105 111 110 1 6 0 0 0 4 255 168 0 0] 3 OK}
2026/05/03 01:58:59 RSM node0: Start executed for op.ID={0 3} op.command={Shard:6 State:[15 255 167 4 1 2 255 168 0 1 12 1 255 166 0 0 34 255 165 3 1 2 255 166 0 1 2 1 5 86 97 108 117 101 1 12 0 1 7 86 101 114 115 105 111 110 1 6 0 0 0 4 255 168 0 0] Num:3}. index=3, term=1, isLeader=true
2026/05/03 01:58:59 RSM node0: Submit enqueued. op.ID={0 3} index=3 term=1 queued.len=1
2026/05/03 01:58:59 RSM node1: READER: applying op. applyOp.ID={0 76} applyOp.index=76 applyOp.command=shardrpc.FreezeShardArgs applyOp.command={Shard:6 Num:3}
2026/05/03 01:58:59 RSM node2: READER: applying op. applyOp.ID={0 76} applyOp.index=76 applyOp.command=shardrpc.FreezeShardArgs applyOp.command={Shard:6 Num:3}
2026/05/03 01:58:59 RSM node0: READER: applying op. applyOp.ID={0 3} applyOp.index=3 applyOp.command=shardrpc.InstallShardArgs applyOp.command={Shard:6 State:[15 255 167 4 1 2 255 168 0 1 12 1 255 166 0 0 34 255 165 3 1 2 255 166 0 1 2 1 5 86 97 108 117 101 1 12 0 1 7 86 101 114 115 105 111 110 1 6 0 0 0 4 255 168 0 0] Num:3}
2026/05/03 01:58:59 RSM node0: READER: dequeuing matched submit. applyOp.ID={0 3} index=3 queued.id={0 3} queued.index=3 queued.len(after)=0
2026/05/03 01:58:59 RSM node0: READER: sending OK response. applyOp.command={Shard:6 State:[15 255 167 4 1 2 255 168 0 1 12 1 255 166 0 0 34 255 165 3 1 2 255 166 0 1 2 1 5 86 97 108 117 101 1 12 0 1 7 86 101 114 115 105 111 110 1 6 0 0 0 4 255 168 0 0] Num:3} applyOp.command.type=shardrpc.InstallShardArgs applyOp.ID={0 3} applyOp.index=3; queueed.command={Shard:6 State:[15 255 167 4 1 2 255 168 0 1 12 1 255 166 0 0 34 255 165 3 1 2 255 166 0 1 2 1 5 86 97 108 117 101 1 12 0 1 7 86 101 114 115 105 111 110 1 6 0 0 0 4 255 168 0 0] Num:3} queued.id={0 3} queued.index=3; DoOP.result={Err:OK} DoOP.result.type=shardrpc.InstallShardReply
2026/05/03 01:58:59 RSM node0: Submit received result for op.ID={0 3} queued.CommandIndex=3: error=OK result={OK}
2026/05/03 01:58:59 RSM node0: Start executed for op.ID={0 77} op.command={Shard:6 Num:3}. index=77, term=1, isLeader=true
2026/05/03 01:58:59 RSM node0: Submit enqueued. op.ID={0 77} index=77 term=1 queued.len=1
2026/05/03 01:58:59 RSM node0: READER: applying op. applyOp.ID={0 77} applyOp.index=77 applyOp.command=shardrpc.DeleteShardArgs applyOp.command={Shard:6 Num:3}
2026/05/03 01:58:59 RSM node0: READER: dequeuing matched submit. applyOp.ID={0 77} index=77 queued.id={0 77} queued.index=77 queued.len(after)=0
2026/05/03 01:58:59 RSM node0: READER: sending OK response. applyOp.command={Shard:6 Num:3} applyOp.command.type=shardrpc.DeleteShardArgs applyOp.ID={0 77} applyOp.index=77; queueed.command={Shard:6 Num:3} queued.id={0 77} queued.index=77; DoOP.result={Err:OK} DoOP.result.type=shardrpc.DeleteShardReply
2026/05/03 01:58:59 RSM node0: Submit received result for op.ID={0 77} queued.CommandIndex=77: error=OK result={OK}
2026/05/03 01:58:59 RSM node2: READER: applying op. applyOp.ID={0 3} applyOp.index=3 applyOp.command=shardrpc.InstallShardArgs applyOp.command={Shard:6 State:[15 255 167 4 1 2 255 168 0 1 12 1 255 166 0 0 34 255 165 3 1 2 255 166 0 1 2 1 5 86 97 108 117 101 1 12 0 1 7 86 101 114 115 105 111 110 1 6 0 0 0 4 255 168 0 0] Num:3}
2026/05/03 01:58:59 RSM node1: READER: applying op. applyOp.ID={0 3} applyOp.index=3 applyOp.command=shardrpc.InstallShardArgs applyOp.command={Shard:6 State:[15 255 167 4 1 2 255 168 0 1 12 1 255 166 0 0 34 255 165 3 1 2 255 166 0 1 2 1 5 86 97 108 117 101 1 12 0 1 7 86 101 114 115 105 111 110 1 6 0 0 0 4 255 168 0 0] Num:3}
2026/05/03 01:58:59 RSM node0: Start executed for op.ID={0 78} op.command={Key:k0}. index=78, term=1, isLeader=true
2026/05/03 01:58:59 RSM node0: Submit enqueued. op.ID={0 78} index=78 term=1 queued.len=1
2026/05/03 01:58:59 RSM node2: READER: applying op. applyOp.ID={0 77} applyOp.index=77 applyOp.command=shardrpc.DeleteShardArgs applyOp.command={Shard:6 Num:3}
2026/05/03 01:58:59 RSM node0: READER: applying op. applyOp.ID={0 78} applyOp.index=78 applyOp.command=rpc.GetArgs applyOp.command={Key:k0}
2026/05/03 01:58:59 RSM node0: READER: dequeuing matched submit. applyOp.ID={0 78} index=78 queued.id={0 78} queued.index=78 queued.len(after)=0
2026/05/03 01:58:59 RSM node0: READER: sending OK response. applyOp.command={Key:k0} applyOp.command.type=rpc.GetArgs applyOp.ID={0 78} applyOp.index=78; queueed.command={Key:k0} queued.id={0 78} queued.index=78; DoOP.result={Value:{"Id":0,"V":26} Version:27 Err:OK} DoOP.result.type=rpc.GetReply
2026/05/03 01:58:59 RSM node0: Submit received result for op.ID={0 78} queued.CommandIndex=78: error=OK result={{"Id":0,"V":26} 27 OK}
2026/05/03 01:58:59 RSM node1: READER: applying op. applyOp.ID={0 77} applyOp.index=77 applyOp.command=shardrpc.DeleteShardArgs applyOp.command={Shard:6 Num:3}
2026/05/03 01:58:59 RSM node1: READER: applying op. applyOp.ID={0 78} applyOp.index=78 applyOp.command=rpc.GetArgs applyOp.command={Key:k0}
2026/05/03 01:58:59 RSM node2: READER: applying op. applyOp.ID={0 78} applyOp.index=78 applyOp.command=rpc.GetArgs applyOp.command={Key:k0}
2026/05/03 01:58:59 RSM node1: Start executed for op.ID={1 17} op.command={Shard:7 Num:3}. index=-1, term=1, isLeader=false
2026/05/03 01:58:59 RSM node1: Start executed for op.ID={1 18} op.command={Key:k0 Value:{"Id":0,"V":27} Version:27}. index=-1, term=1, isLeader=false
2026/05/03 01:58:59 RSM node2: Start executed for op.ID={2 16} op.command={Shard:7 Num:3}. index=-1, term=1, isLeader=false
2026/05/03 01:58:59 RSM node2: Start executed for op.ID={2 17} op.command={Key:k0 Value:{"Id":0,"V":27} Version:27}. index=-1, term=1, isLeader=false
2026/05/03 01:59:00 RSM node0: Start executed for op.ID={0 79} op.command={Shard:7 Num:3}. index=79, term=1, isLeader=true
2026/05/03 01:59:00 RSM node0: Submit enqueued. op.ID={0 79} index=79 term=1 queued.len=1
2026/05/03 01:59:00 RSM node0: READER: applying op. applyOp.ID={0 79} applyOp.index=79 applyOp.command=shardrpc.FreezeShardArgs applyOp.command={Shard:7 Num:3}
2026/05/03 01:59:00 RSM node0: READER: dequeuing matched submit. applyOp.ID={0 79} index=79 queued.id={0 79} queued.index=79 queued.len(after)=0
2026/05/03 01:59:00 RSM node0: READER: sending OK response. applyOp.command={Shard:7 Num:3} applyOp.command.type=shardrpc.FreezeShardArgs applyOp.ID={0 79} applyOp.index=79; queueed.command={Shard:7 Num:3} queued.id={0 79} queued.index=79; DoOP.result={State:[15 255 167 4 1 2 255 168 0 1 12 1 255 166 0 0 34 255 165 3 1 2 255 166 0 1 2 1 5 86 97 108 117 101 1 12 0 1 7 86 101 114 115 105 111 110 1 6 0 0 0 4 255 168 0 0] Num:3 Err:OK} DoOP.result.type=shardrpc.FreezeShardReply
2026/05/03 01:59:00 RSM node0: Submit received result for op.ID={0 79} queued.CommandIndex=79: error=OK result={[15 255 167 4 1 2 255 168 0 1 12 1 255 166 0 0 34 255 165 3 1 2 255 166 0 1 2 1 5 86 97 108 117 101 1 12 0 1 7 86 101 114 115 105 111 110 1 6 0 0 0 4 255 168 0 0] 3 OK}
2026/05/03 01:59:00 RSM node0: Start executed for op.ID={0 4} op.command={Shard:7 State:[15 255 167 4 1 2 255 168 0 1 12 1 255 166 0 0 34 255 165 3 1 2 255 166 0 1 2 1 5 86 97 108 117 101 1 12 0 1 7 86 101 114 115 105 111 110 1 6 0 0 0 4 255 168 0 0] Num:3}. index=4, term=1, isLeader=true
2026/05/03 01:59:00 RSM node0: Submit enqueued. op.ID={0 4} index=4 term=1 queued.len=1
2026/05/03 01:59:00 RSM node0: READER: applying op. applyOp.ID={0 4} applyOp.index=4 applyOp.command=shardrpc.InstallShardArgs applyOp.command={Shard:7 State:[15 255 167 4 1 2 255 168 0 1 12 1 255 166 0 0 34 255 165 3 1 2 255 166 0 1 2 1 5 86 97 108 117 101 1 12 0 1 7 86 101 114 115 105 111 110 1 6 0 0 0 4 255 168 0 0] Num:3}
2026/05/03 01:59:00 RSM node0: READER: dequeuing matched submit. applyOp.ID={0 4} index=4 queued.id={0 4} queued.index=4 queued.len(after)=0
2026/05/03 01:59:00 RSM node0: Submit received result for op.ID={0 4} queued.CommandIndex=4: error=OK result={OK}
2026/05/03 01:59:00 RSM node0: READER: sending OK response. applyOp.command={Shard:7 State:[15 255 167 4 1 2 255 168 0 1 12 1 255 166 0 0 34 255 165 3 1 2 255 166 0 1 2 1 5 86 97 108 117 101 1 12 0 1 7 86 101 114 115 105 111 110 1 6 0 0 0 4 255 168 0 0] Num:3} applyOp.command.type=shardrpc.InstallShardArgs applyOp.ID={0 4} applyOp.index=4; queueed.command={Shard:7 State:[15 255 167 4 1 2 255 168 0 1 12 1 255 166 0 0 34 255 165 3 1 2 255 166 0 1 2 1 5 86 97 108 117 101 1 12 0 1 7 86 101 114 115 105 111 110 1 6 0 0 0 4 255 168 0 0] Num:3} queued.id={0 4} queued.index=4; DoOP.result={Err:OK} DoOP.result.type=shardrpc.InstallShardReply
2026/05/03 01:59:00 RSM node0: Start executed for op.ID={0 80} op.command={Key:k0 Value:{"Id":0,"V":27} Version:27}. index=80, term=1, isLeader=true
2026/05/03 01:59:00 RSM node0: Submit enqueued. op.ID={0 80} index=80 term=1 queued.len=1
2026/05/03 01:59:00 RSM node2: READER: applying op. applyOp.ID={0 79} applyOp.index=79 applyOp.command=shardrpc.FreezeShardArgs applyOp.command={Shard:7 Num:3}
2026/05/03 01:59:00 RSM node0: READER: applying op. applyOp.ID={0 80} applyOp.index=80 applyOp.command=rpc.PutArgs applyOp.command={Key:k0 Value:{"Id":0,"V":27} Version:27}
2026/05/03 01:59:00 RSM node0: READER: dequeuing matched submit. applyOp.ID={0 80} index=80 queued.id={0 80} queued.index=80 queued.len(after)=0
2026/05/03 01:59:00 RSM node0: READER: sending OK response. applyOp.command={Key:k0 Value:{"Id":0,"V":27} Version:27} applyOp.command.type=rpc.PutArgs applyOp.ID={0 80} applyOp.index=80; queueed.command={Key:k0 Value:{"Id":0,"V":27} Version:27} queued.id={0 80} queued.index=80; DoOP.result={Err:OK} DoOP.result.type=rpc.PutReply
2026/05/03 01:59:00 RSM node0: Submit received result for op.ID={0 80} queued.CommandIndex=80: error=OK result={OK}
2026/05/03 01:59:00 RSM node1: READER: applying op. applyOp.ID={0 79} applyOp.index=79 applyOp.command=shardrpc.FreezeShardArgs applyOp.command={Shard:7 Num:3}
2026/05/03 01:59:00 RSM node0: Start executed for op.ID={0 81} op.command={Shard:7 Num:3}. index=81, term=1, isLeader=true
2026/05/03 01:59:00 RSM node0: Submit enqueued. op.ID={0 81} index=81 term=1 queued.len=1
2026/05/03 01:59:00 RSM node2: READER: applying op. applyOp.ID={0 80} applyOp.index=80 applyOp.command=rpc.PutArgs applyOp.command={Key:k0 Value:{"Id":0,"V":27} Version:27}
2026/05/03 01:59:00 RSM node0: READER: applying op. applyOp.ID={0 81} applyOp.index=81 applyOp.command=shardrpc.DeleteShardArgs applyOp.command={Shard:7 Num:3}
2026/05/03 01:59:00 RSM node0: READER: dequeuing matched submit. applyOp.ID={0 81} index=81 queued.id={0 81} queued.index=81 queued.len(after)=0
2026/05/03 01:59:00 RSM node0: READER: sending OK response. applyOp.command={Shard:7 Num:3} applyOp.command.type=shardrpc.DeleteShardArgs applyOp.ID={0 81} applyOp.index=81; queueed.command={Shard:7 Num:3} queued.id={0 81} queued.index=81; DoOP.result={Err:OK} DoOP.result.type=shardrpc.DeleteShardReply
2026/05/03 01:59:00 RSM node0: Submit received result for op.ID={0 81} queued.CommandIndex=81: error=OK result={OK}
2026/05/03 01:59:00 RSM node0: Start executed for op.ID={0 82} op.command={Key:k0}. index=82, term=1, isLeader=true
2026/05/03 01:59:00 RSM node0: Submit enqueued. op.ID={0 82} index=82 term=1 queued.len=1
2026/05/03 01:59:00 RSM node1: READER: applying op. applyOp.ID={0 80} applyOp.index=80 applyOp.command=rpc.PutArgs applyOp.command={Key:k0 Value:{"Id":0,"V":27} Version:27}
2026/05/03 01:59:00 RSM node1: READER: applying op. applyOp.ID={0 81} applyOp.index=81 applyOp.command=shardrpc.DeleteShardArgs applyOp.command={Shard:7 Num:3}
2026/05/03 01:59:00 RSM node0: READER: applying op. applyOp.ID={0 82} applyOp.index=82 applyOp.command=rpc.GetArgs applyOp.command={Key:k0}
2026/05/03 01:59:00 RSM node0: READER: dequeuing matched submit. applyOp.ID={0 82} index=82 queued.id={0 82} queued.index=82 queued.len(after)=0
2026/05/03 01:59:00 RSM node0: READER: sending OK response. applyOp.command={Key:k0} applyOp.command.type=rpc.GetArgs applyOp.ID={0 82} applyOp.index=82; queueed.command={Key:k0} queued.id={0 82} queued.index=82; DoOP.result={Value:{"Id":0,"V":27} Version:28 Err:OK} DoOP.result.type=rpc.GetReply
2026/05/03 01:59:00 RSM node0: Submit received result for op.ID={0 82} queued.CommandIndex=82: error=OK result={{"Id":0,"V":27} 28 OK}
2026/05/03 01:59:00 RSM node2: READER: applying op. applyOp.ID={0 4} applyOp.index=4 applyOp.command=shardrpc.InstallShardArgs applyOp.command={Shard:7 State:[15 255 167 4 1 2 255 168 0 1 12 1 255 166 0 0 34 255 165 3 1 2 255 166 0 1 2 1 5 86 97 108 117 101 1 12 0 1 7 86 101 114 115 105 111 110 1 6 0 0 0 4 255 168 0 0] Num:3}
2026/05/03 01:59:00 RSM node1: READER: applying op. applyOp.ID={0 4} applyOp.index=4 applyOp.command=shardrpc.InstallShardArgs applyOp.command={Shard:7 State:[15 255 167 4 1 2 255 168 0 1 12 1 255 166 0 0 34 255 165 3 1 2 255 166 0 1 2 1 5 86 97 108 117 101 1 12 0 1 7 86 101 114 115 105 111 110 1 6 0 0 0 4 255 168 0 0] Num:3}
2026/05/03 01:59:00 RSM node2: READER: applying op. applyOp.ID={0 81} applyOp.index=81 applyOp.command=shardrpc.DeleteShardArgs applyOp.command={Shard:7 Num:3}
2026/05/03 01:59:00 RSM node0: Start executed for op.ID={0 83} op.command={Key:k0 Value:{"Id":0,"V":28} Version:28}. index=83, term=1, isLeader=true
2026/05/03 01:59:00 RSM node0: Submit enqueued. op.ID={0 83} index=83 term=1 queued.len=1
2026/05/03 01:59:00 RSM node1: READER: applying op. applyOp.ID={0 82} applyOp.index=82 applyOp.command=rpc.GetArgs applyOp.command={Key:k0}
2026/05/03 01:59:00 RSM node2: READER: applying op. applyOp.ID={0 82} applyOp.index=82 applyOp.command=rpc.GetArgs applyOp.command={Key:k0}
2026/05/03 01:59:00 RSM node0: READER: applying op. applyOp.ID={0 83} applyOp.index=83 applyOp.command=rpc.PutArgs applyOp.command={Key:k0 Value:{"Id":0,"V":28} Version:28}
2026/05/03 01:59:00 RSM node0: READER: dequeuing matched submit. applyOp.ID={0 83} index=83 queued.id={0 83} queued.index=83 queued.len(after)=0
2026/05/03 01:59:00 RSM node0: READER: sending OK response. applyOp.command={Key:k0 Value:{"Id":0,"V":28} Version:28} applyOp.command.type=rpc.PutArgs applyOp.ID={0 83} applyOp.index=83; queueed.command={Key:k0 Value:{"Id":0,"V":28} Version:28} queued.id={0 83} queued.index=83; DoOP.result={Err:OK} DoOP.result.type=rpc.PutReply
2026/05/03 01:59:00 RSM node0: Submit received result for op.ID={0 83} queued.CommandIndex=83: error=OK result={OK}
2026/05/03 01:59:00 RSM node2: READER: applying op. applyOp.ID={0 83} applyOp.index=83 applyOp.command=rpc.PutArgs applyOp.command={Key:k0 Value:{"Id":0,"V":28} Version:28}
2026/05/03 01:59:00 RSM node1: READER: applying op. applyOp.ID={0 83} applyOp.index=83 applyOp.command=rpc.PutArgs applyOp.command={Key:k0 Value:{"Id":0,"V":28} Version:28}
2026/05/03 01:59:00 RSM node0: Start executed for op.ID={0 84} op.command={Key:k0}. index=84, term=1, isLeader=true
2026/05/03 01:59:00 RSM node0: Submit enqueued. op.ID={0 84} index=84 term=1 queued.len=1
2026/05/03 01:59:00 RSM node0: READER: applying op. applyOp.ID={0 84} applyOp.index=84 applyOp.command=rpc.GetArgs applyOp.command={Key:k0}
2026/05/03 01:59:00 RSM node0: READER: dequeuing matched submit. applyOp.ID={0 84} index=84 queued.id={0 84} queued.index=84 queued.len(after)=0
2026/05/03 01:59:00 RSM node0: READER: sending OK response. applyOp.command={Key:k0} applyOp.command.type=rpc.GetArgs applyOp.ID={0 84} applyOp.index=84; queueed.command={Key:k0} queued.id={0 84} queued.index=84; DoOP.result={Value:{"Id":0,"V":28} Version:29 Err:OK} DoOP.result.type=rpc.GetReply
2026/05/03 01:59:00 RSM node0: Submit received result for op.ID={0 84} queued.CommandIndex=84: error=OK result={{"Id":0,"V":28} 29 OK}
2026/05/03 01:59:00 RSM node0: Start executed for op.ID={0 85} op.command={Key:k0 Value:{"Id":0,"V":29} Version:29}. index=85, term=1, isLeader=true
2026/05/03 01:59:00 RSM node0: Submit enqueued. op.ID={0 85} index=85 term=1 queued.len=1
2026/05/03 01:59:00 RSM node2: READER: applying op. applyOp.ID={0 84} applyOp.index=84 applyOp.command=rpc.GetArgs applyOp.command={Key:k0}
2026/05/03 01:59:00 RSM node0: READER: applying op. applyOp.ID={0 85} applyOp.index=85 applyOp.command=rpc.PutArgs applyOp.command={Key:k0 Value:{"Id":0,"V":29} Version:29}
2026/05/03 01:59:00 RSM node0: READER: dequeuing matched submit. applyOp.ID={0 85} index=85 queued.id={0 85} queued.index=85 queued.len(after)=0
2026/05/03 01:59:00 RSM node0: READER: sending OK response. applyOp.command={Key:k0 Value:{"Id":0,"V":29} Version:29} applyOp.command.type=rpc.PutArgs applyOp.ID={0 85} applyOp.index=85; queueed.command={Key:k0 Value:{"Id":0,"V":29} Version:29} queued.id={0 85} queued.index=85; DoOP.result={Err:OK} DoOP.result.type=rpc.PutReply
2026/05/03 01:59:00 RSM node0: Submit received result for op.ID={0 85} queued.CommandIndex=85: error=OK result={OK}
2026/05/03 01:59:00 RSM node2: READER: applying op. applyOp.ID={0 85} applyOp.index=85 applyOp.command=rpc.PutArgs applyOp.command={Key:k0 Value:{"Id":0,"V":29} Version:29}
2026/05/03 01:59:00 RSM node1: READER: applying op. applyOp.ID={0 84} applyOp.index=84 applyOp.command=rpc.GetArgs applyOp.command={Key:k0}
2026/05/03 01:59:00 RSM node1: READER: applying op. applyOp.ID={0 85} applyOp.index=85 applyOp.command=rpc.PutArgs applyOp.command={Key:k0 Value:{"Id":0,"V":29} Version:29}
2026/05/03 01:59:00 RSM node0: Start executed for op.ID={0 86} op.command={Key:k0}. index=86, term=1, isLeader=true
2026/05/03 01:59:00 RSM node0: Submit enqueued. op.ID={0 86} index=86 term=1 queued.len=1
2026/05/03 01:59:00 RSM node0: READER: applying op. applyOp.ID={0 86} applyOp.index=86 applyOp.command=rpc.GetArgs applyOp.command={Key:k0}
2026/05/03 01:59:00 RSM node0: READER: dequeuing matched submit. applyOp.ID={0 86} index=86 queued.id={0 86} queued.index=86 queued.len(after)=0
2026/05/03 01:59:00 RSM node0: READER: sending OK response. applyOp.command={Key:k0} applyOp.command.type=rpc.GetArgs applyOp.ID={0 86} applyOp.index=86; queueed.command={Key:k0} queued.id={0 86} queued.index=86; DoOP.result={Value:{"Id":0,"V":29} Version:30 Err:OK} DoOP.result.type=rpc.GetReply
2026/05/03 01:59:00 RSM node0: Submit received result for op.ID={0 86} queued.CommandIndex=86: error=OK result={{"Id":0,"V":29} 30 OK}
2026/05/03 01:59:00 RSM node1: READER: applying op. applyOp.ID={0 86} applyOp.index=86 applyOp.command=rpc.GetArgs applyOp.command={Key:k0}
2026/05/03 01:59:00 RSM node2: READER: applying op. applyOp.ID={0 86} applyOp.index=86 applyOp.command=rpc.GetArgs applyOp.command={Key:k0}
2026/05/03 01:59:00 RSM node0: Start executed for op.ID={0 87} op.command={Key:k0 Value:{"Id":0,"V":30} Version:30}. index=87, term=1, isLeader=true
2026/05/03 01:59:00 RSM node0: Submit enqueued. op.ID={0 87} index=87 term=1 queued.len=1
2026/05/03 01:59:00 RSM node0: READER: applying op. applyOp.ID={0 87} applyOp.index=87 applyOp.command=rpc.PutArgs applyOp.command={Key:k0 Value:{"Id":0,"V":30} Version:30}
2026/05/03 01:59:00 RSM node0: READER: dequeuing matched submit. applyOp.ID={0 87} index=87 queued.id={0 87} queued.index=87 queued.len(after)=0
2026/05/03 01:59:00 RSM node0: READER: sending OK response. applyOp.command={Key:k0 Value:{"Id":0,"V":30} Version:30} applyOp.command.type=rpc.PutArgs applyOp.ID={0 87} applyOp.index=87; queueed.command={Key:k0 Value:{"Id":0,"V":30} Version:30} queued.id={0 87} queued.index=87; DoOP.result={Err:OK} DoOP.result.type=rpc.PutReply
2026/05/03 01:59:00 RSM node0: Submit received result for op.ID={0 87} queued.CommandIndex=87: error=OK result={OK}
2026/05/03 01:59:00 RSM node2: READER: applying op. applyOp.ID={0 87} applyOp.index=87 applyOp.command=rpc.PutArgs applyOp.command={Key:k0 Value:{"Id":0,"V":30} Version:30}
2026/05/03 01:59:00 RSM node1: READER: applying op. applyOp.ID={0 87} applyOp.index=87 applyOp.command=rpc.PutArgs applyOp.command={Key:k0 Value:{"Id":0,"V":30} Version:30}
2026/05/03 01:59:00 RSM node0: Start executed for op.ID={0 88} op.command={Key:k0}. index=88, term=1, isLeader=true
2026/05/03 01:59:00 RSM node0: Submit enqueued. op.ID={0 88} index=88 term=1 queued.len=1
2026/05/03 01:59:00 RSM node0: READER: applying op. applyOp.ID={0 88} applyOp.index=88 applyOp.command=rpc.GetArgs applyOp.command={Key:k0}
2026/05/03 01:59:00 RSM node0: READER: dequeuing matched submit. applyOp.ID={0 88} index=88 queued.id={0 88} queued.index=88 queued.len(after)=0
2026/05/03 01:59:00 RSM node0: READER: sending OK response. applyOp.command={Key:k0} applyOp.command.type=rpc.GetArgs applyOp.ID={0 88} applyOp.index=88; queueed.command={Key:k0} queued.id={0 88} queued.index=88; DoOP.result={Value:{"Id":0,"V":30} Version:31 Err:OK} DoOP.result.type=rpc.GetReply
2026/05/03 01:59:00 RSM node0: Submit received result for op.ID={0 88} queued.CommandIndex=88: error=OK result={{"Id":0,"V":30} 31 OK}
2026/05/03 01:59:00 RSM node2: READER: applying op. applyOp.ID={0 88} applyOp.index=88 applyOp.command=rpc.GetArgs applyOp.command={Key:k0}
2026/05/03 01:59:00 RSM node1: READER: applying op. applyOp.ID={0 88} applyOp.index=88 applyOp.command=rpc.GetArgs applyOp.command={Key:k0}
2026/05/03 01:59:00 RSM node0: Start executed for op.ID={0 89} op.command={Key:k0 Value:{"Id":0,"V":31} Version:31}. index=89, term=1, isLeader=true
2026/05/03 01:59:00 RSM node0: Submit enqueued. op.ID={0 89} index=89 term=1 queued.len=1
2026/05/03 01:59:00 RSM node0: READER: applying op. applyOp.ID={0 89} applyOp.index=89 applyOp.command=rpc.PutArgs applyOp.command={Key:k0 Value:{"Id":0,"V":31} Version:31}
2026/05/03 01:59:00 RSM node0: READER: dequeuing matched submit. applyOp.ID={0 89} index=89 queued.id={0 89} queued.index=89 queued.len(after)=0
2026/05/03 01:59:00 RSM node0: READER: sending OK response. applyOp.command={Key:k0 Value:{"Id":0,"V":31} Version:31} applyOp.command.type=rpc.PutArgs applyOp.ID={0 89} applyOp.index=89; queueed.command={Key:k0 Value:{"Id":0,"V":31} Version:31} queued.id={0 89} queued.index=89; DoOP.result={Err:OK} DoOP.result.type=rpc.PutReply
2026/05/03 01:59:00 RSM node0: Submit received result for op.ID={0 89} queued.CommandIndex=89: error=OK result={OK}
2026/05/03 01:59:00 RSM node0: Start executed for op.ID={0 90} op.command={Key:k0}. index=90, term=1, isLeader=true
2026/05/03 01:59:00 RSM node0: Submit enqueued. op.ID={0 90} index=90 term=1 queued.len=1
2026/05/03 01:59:00 RSM node1: READER: applying op. applyOp.ID={0 89} applyOp.index=89 applyOp.command=rpc.PutArgs applyOp.command={Key:k0 Value:{"Id":0,"V":31} Version:31}
2026/05/03 01:59:00 RSM node0: READER: applying op. applyOp.ID={0 90} applyOp.index=90 applyOp.command=rpc.GetArgs applyOp.command={Key:k0}
2026/05/03 01:59:00 RSM node0: READER: dequeuing matched submit. applyOp.ID={0 90} index=90 queued.id={0 90} queued.index=90 queued.len(after)=0
2026/05/03 01:59:00 RSM node0: READER: sending OK response. applyOp.command={Key:k0} applyOp.command.type=rpc.GetArgs applyOp.ID={0 90} applyOp.index=90; queueed.command={Key:k0} queued.id={0 90} queued.index=90; DoOP.result={Value:{"Id":0,"V":31} Version:32 Err:OK} DoOP.result.type=rpc.GetReply
2026/05/03 01:59:00 RSM node0: Submit received result for op.ID={0 90} queued.CommandIndex=90: error=OK result={{"Id":0,"V":31} 32 OK}
2026/05/03 01:59:00 RSM node2: READER: applying op. applyOp.ID={0 89} applyOp.index=89 applyOp.command=rpc.PutArgs applyOp.command={Key:k0 Value:{"Id":0,"V":31} Version:31}
2026/05/03 01:59:00 RSM node0: Start executed for op.ID={0 91} op.command={Key:k0 Value:{"Id":0,"V":32} Version:32}. index=91, term=1, isLeader=true
2026/05/03 01:59:00 RSM node0: Submit enqueued. op.ID={0 91} index=91 term=1 queued.len=1
2026/05/03 01:59:00 RSM node2: READER: applying op. applyOp.ID={0 90} applyOp.index=90 applyOp.command=rpc.GetArgs applyOp.command={Key:k0}
2026/05/03 01:59:00 RSM node1: READER: applying op. applyOp.ID={0 90} applyOp.index=90 applyOp.command=rpc.GetArgs applyOp.command={Key:k0}
2026/05/03 01:59:00 RSM node0: READER: applying op. applyOp.ID={0 91} applyOp.index=91 applyOp.command=rpc.PutArgs applyOp.command={Key:k0 Value:{"Id":0,"V":32} Version:32}
2026/05/03 01:59:00 RSM node0: READER: dequeuing matched submit. applyOp.ID={0 91} index=91 queued.id={0 91} queued.index=91 queued.len(after)=0
2026/05/03 01:59:00 RSM node0: READER: sending OK response. applyOp.command={Key:k0 Value:{"Id":0,"V":32} Version:32} applyOp.command.type=rpc.PutArgs applyOp.ID={0 91} applyOp.index=91; queueed.command={Key:k0 Value:{"Id":0,"V":32} Version:32} queued.id={0 91} queued.index=91; DoOP.result={Err:OK} DoOP.result.type=rpc.PutReply
2026/05/03 01:59:00 RSM node0: Submit received result for op.ID={0 91} queued.CommandIndex=91: error=OK result={OK}
2026/05/03 01:59:00 RSM node0: Start executed for op.ID={0 92} op.command={Key:k0}. index=92, term=1, isLeader=true
2026/05/03 01:59:00 RSM node0: Submit enqueued. op.ID={0 92} index=92 term=1 queued.len=1
2026/05/03 01:59:00 RSM node1: READER: applying op. applyOp.ID={0 91} applyOp.index=91 applyOp.command=rpc.PutArgs applyOp.command={Key:k0 Value:{"Id":0,"V":32} Version:32}
2026/05/03 01:59:00 RSM node0: READER: applying op. applyOp.ID={0 92} applyOp.index=92 applyOp.command=rpc.GetArgs applyOp.command={Key:k0}
2026/05/03 01:59:00 RSM node0: READER: dequeuing matched submit. applyOp.ID={0 92} index=92 queued.id={0 92} queued.index=92 queued.len(after)=0
2026/05/03 01:59:00 RSM node0: READER: sending OK response. applyOp.command={Key:k0} applyOp.command.type=rpc.GetArgs applyOp.ID={0 92} applyOp.index=92; queueed.command={Key:k0} queued.id={0 92} queued.index=92; DoOP.result={Value:{"Id":0,"V":32} Version:33 Err:OK} DoOP.result.type=rpc.GetReply
2026/05/03 01:59:00 RSM node0: Submit received result for op.ID={0 92} queued.CommandIndex=92: error=OK result={{"Id":0,"V":32} 33 OK}
2026/05/03 01:59:00 RSM node2: READER: applying op. applyOp.ID={0 91} applyOp.index=91 applyOp.command=rpc.PutArgs applyOp.command={Key:k0 Value:{"Id":0,"V":32} Version:32}
2026/05/03 01:59:00 RSM node0: Start executed for op.ID={0 93} op.command={Key:k0 Value:{"Id":0,"V":33} Version:33}. index=93, term=1, isLeader=true
2026/05/03 01:59:00 RSM node0: Submit enqueued. op.ID={0 93} index=93 term=1 queued.len=1
2026/05/03 01:59:00 RSM node2: READER: applying op. applyOp.ID={0 92} applyOp.index=92 applyOp.command=rpc.GetArgs applyOp.command={Key:k0}
2026/05/03 01:59:00 RSM node0: READER: applying op. applyOp.ID={0 93} applyOp.index=93 applyOp.command=rpc.PutArgs applyOp.command={Key:k0 Value:{"Id":0,"V":33} Version:33}
2026/05/03 01:59:00 RSM node0: READER: dequeuing matched submit. applyOp.ID={0 93} index=93 queued.id={0 93} queued.index=93 queued.len(after)=0
2026/05/03 01:59:00 RSM node0: READER: sending OK response. applyOp.command={Key:k0 Value:{"Id":0,"V":33} Version:33} applyOp.command.type=rpc.PutArgs applyOp.ID={0 93} applyOp.index=93; queueed.command={Key:k0 Value:{"Id":0,"V":33} Version:33} queued.id={0 93} queued.index=93; DoOP.result={Err:OK} DoOP.result.type=rpc.PutReply
2026/05/03 01:59:00 RSM node0: Submit received result for op.ID={0 93} queued.CommandIndex=93: error=OK result={OK}
2026/05/03 01:59:00 RSM node1: READER: applying op. applyOp.ID={0 92} applyOp.index=92 applyOp.command=rpc.GetArgs applyOp.command={Key:k0}
2026/05/03 01:59:00 RSM node0: Start executed for op.ID={0 94} op.command={Key:k0}. index=94, term=1, isLeader=true
2026/05/03 01:59:00 RSM node0: Submit enqueued. op.ID={0 94} index=94 term=1 queued.len=1
2026/05/03 01:59:00 RSM node1: READER: applying op. applyOp.ID={0 93} applyOp.index=93 applyOp.command=rpc.PutArgs applyOp.command={Key:k0 Value:{"Id":0,"V":33} Version:33}
2026/05/03 01:59:00 RSM node0: READER: applying op. applyOp.ID={0 94} applyOp.index=94 applyOp.command=rpc.GetArgs applyOp.command={Key:k0}
2026/05/03 01:59:00 RSM node0: READER: dequeuing matched submit. applyOp.ID={0 94} index=94 queued.id={0 94} queued.index=94 queued.len(after)=0
2026/05/03 01:59:00 RSM node0: READER: sending OK response. applyOp.command={Key:k0} applyOp.command.type=rpc.GetArgs applyOp.ID={0 94} applyOp.index=94; queueed.command={Key:k0} queued.id={0 94} queued.index=94; DoOP.result={Value:{"Id":0,"V":33} Version:34 Err:OK} DoOP.result.type=rpc.GetReply
2026/05/03 01:59:00 RSM node0: Submit received result for op.ID={0 94} queued.CommandIndex=94: error=OK result={{"Id":0,"V":33} 34 OK}
2026/05/03 01:59:00 RSM node2: READER: applying op. applyOp.ID={0 93} applyOp.index=93 applyOp.command=rpc.PutArgs applyOp.command={Key:k0 Value:{"Id":0,"V":33} Version:33}
2026/05/03 01:59:00 RSM node0: Start executed for op.ID={0 95} op.command={Key:k0 Value:{"Id":0,"V":34} Version:34}. index=95, term=1, isLeader=true
2026/05/03 01:59:00 RSM node0: Submit enqueued. op.ID={0 95} index=95 term=1 queued.len=1
2026/05/03 01:59:00 RSM node1: READER: applying op. applyOp.ID={0 94} applyOp.index=94 applyOp.command=rpc.GetArgs applyOp.command={Key:k0}
2026/05/03 01:59:00 RSM node0: READER: applying op. applyOp.ID={0 95} applyOp.index=95 applyOp.command=rpc.PutArgs applyOp.command={Key:k0 Value:{"Id":0,"V":34} Version:34}
2026/05/03 01:59:00 RSM node0: READER: dequeuing matched submit. applyOp.ID={0 95} index=95 queued.id={0 95} queued.index=95 queued.len(after)=0
2026/05/03 01:59:00 RSM node0: READER: sending OK response. applyOp.command={Key:k0 Value:{"Id":0,"V":34} Version:34} applyOp.command.type=rpc.PutArgs applyOp.ID={0 95} applyOp.index=95; queueed.command={Key:k0 Value:{"Id":0,"V":34} Version:34} queued.id={0 95} queued.index=95; DoOP.result={Err:OK} DoOP.result.type=rpc.PutReply
2026/05/03 01:59:00 RSM node0: Submit received result for op.ID={0 95} queued.CommandIndex=95: error=OK result={OK}
2026/05/03 01:59:00 RSM node2: READER: applying op. applyOp.ID={0 94} applyOp.index=94 applyOp.command=rpc.GetArgs applyOp.command={Key:k0}
2026/05/03 01:59:00 RSM node1: READER: applying op. applyOp.ID={0 95} applyOp.index=95 applyOp.command=rpc.PutArgs applyOp.command={Key:k0 Value:{"Id":0,"V":34} Version:34}
2026/05/03 01:59:00 RSM node2: READER: applying op. applyOp.ID={0 95} applyOp.index=95 applyOp.command=rpc.PutArgs applyOp.command={Key:k0 Value:{"Id":0,"V":34} Version:34}
2026/05/03 01:59:00 RSM node1: Start executed for op.ID={1 1} op.command={Shard:0 Num:4}. index=-1, term=1, isLeader=false
2026/05/03 01:59:00 RSM node0: Start executed for op.ID={0 96} op.command={Key:k0}. index=96, term=1, isLeader=true
2026/05/03 01:59:00 RSM node0: Submit enqueued. op.ID={0 96} index=96 term=1 queued.len=1
2026/05/03 01:59:00 RSM node0: READER: applying op. applyOp.ID={0 96} applyOp.index=96 applyOp.command=rpc.GetArgs applyOp.command={Key:k0}
2026/05/03 01:59:00 RSM node0: READER: dequeuing matched submit. applyOp.ID={0 96} index=96 queued.id={0 96} queued.index=96 queued.len(after)=0
2026/05/03 01:59:00 RSM node0: READER: sending OK response. applyOp.command={Key:k0} applyOp.command.type=rpc.GetArgs applyOp.ID={0 96} applyOp.index=96; queueed.command={Key:k0} queued.id={0 96} queued.index=96; DoOP.result={Value:{"Id":0,"V":34} Version:35 Err:OK} DoOP.result.type=rpc.GetReply
2026/05/03 01:59:00 RSM node0: Submit received result for op.ID={0 96} queued.CommandIndex=96: error=OK result={{"Id":0,"V":34} 35 OK}
2026/05/03 01:59:00 RSM node1: READER: applying op. applyOp.ID={0 96} applyOp.index=96 applyOp.command=rpc.GetArgs applyOp.command={Key:k0}
2026/05/03 01:59:00 RSM node2: READER: applying op. applyOp.ID={0 96} applyOp.index=96 applyOp.command=rpc.GetArgs applyOp.command={Key:k0}
2026/05/03 01:59:00 RSM node0: Start executed for op.ID={0 97} op.command={Key:k0 Value:{"Id":0,"V":35} Version:35}. index=97, term=1, isLeader=true
2026/05/03 01:59:00 RSM node0: Submit enqueued. op.ID={0 97} index=97 term=1 queued.len=1
2026/05/03 01:59:00 RSM node0: READER: applying op. applyOp.ID={0 97} applyOp.index=97 applyOp.command=rpc.PutArgs applyOp.command={Key:k0 Value:{"Id":0,"V":35} Version:35}
2026/05/03 01:59:00 RSM node0: READER: dequeuing matched submit. applyOp.ID={0 97} index=97 queued.id={0 97} queued.index=97 queued.len(after)=0
2026/05/03 01:59:00 RSM node0: READER: sending OK response. applyOp.command={Key:k0 Value:{"Id":0,"V":35} Version:35} applyOp.command.type=rpc.PutArgs applyOp.ID={0 97} applyOp.index=97; queueed.command={Key:k0 Value:{"Id":0,"V":35} Version:35} queued.id={0 97} queued.index=97; DoOP.result={Err:OK} DoOP.result.type=rpc.PutReply
2026/05/03 01:59:00 RSM node0: Submit received result for op.ID={0 97} queued.CommandIndex=97: error=OK result={OK}
2026/05/03 01:59:00 RSM node0: Start executed for op.ID={0 98} op.command={Key:k0}. index=98, term=1, isLeader=true
2026/05/03 01:59:00 RSM node0: Submit enqueued. op.ID={0 98} index=98 term=1 queued.len=1
2026/05/03 01:59:00 RSM node1: READER: applying op. applyOp.ID={0 97} applyOp.index=97 applyOp.command=rpc.PutArgs applyOp.command={Key:k0 Value:{"Id":0,"V":35} Version:35}
2026/05/03 01:59:00 RSM node2: READER: applying op. applyOp.ID={0 97} applyOp.index=97 applyOp.command=rpc.PutArgs applyOp.command={Key:k0 Value:{"Id":0,"V":35} Version:35}
2026/05/03 01:59:00 RSM node0: READER: applying op. applyOp.ID={0 98} applyOp.index=98 applyOp.command=rpc.GetArgs applyOp.command={Key:k0}
2026/05/03 01:59:00 RSM node0: READER: dequeuing matched submit. applyOp.ID={0 98} index=98 queued.id={0 98} queued.index=98 queued.len(after)=0
2026/05/03 01:59:00 RSM node0: READER: sending OK response. applyOp.command={Key:k0} applyOp.command.type=rpc.GetArgs applyOp.ID={0 98} applyOp.index=98; queueed.command={Key:k0} queued.id={0 98} queued.index=98; DoOP.result={Value:{"Id":0,"V":35} Version:36 Err:OK} DoOP.result.type=rpc.GetReply
2026/05/03 01:59:00 RSM node0: Submit received result for op.ID={0 98} queued.CommandIndex=98: error=OK result={{"Id":0,"V":35} 36 OK}
2026/05/03 01:59:00 RSM node0: Start executed for op.ID={0 99} op.command={Key:k0 Value:{"Id":0,"V":36} Version:36}. index=99, term=1, isLeader=true
2026/05/03 01:59:00 RSM node0: Submit enqueued. op.ID={0 99} index=99 term=1 queued.len=1
2026/05/03 01:59:00 RSM node2: READER: applying op. applyOp.ID={0 98} applyOp.index=98 applyOp.command=rpc.GetArgs applyOp.command={Key:k0}
2026/05/03 01:59:00 RSM node0: READER: applying op. applyOp.ID={0 99} applyOp.index=99 applyOp.command=rpc.PutArgs applyOp.command={Key:k0 Value:{"Id":0,"V":36} Version:36}
2026/05/03 01:59:00 RSM node0: READER: dequeuing matched submit. applyOp.ID={0 99} index=99 queued.id={0 99} queued.index=99 queued.len(after)=0
2026/05/03 01:59:00 RSM node0: READER: sending OK response. applyOp.command={Key:k0 Value:{"Id":0,"V":36} Version:36} applyOp.command.type=rpc.PutArgs applyOp.ID={0 99} applyOp.index=99; queueed.command={Key:k0 Value:{"Id":0,"V":36} Version:36} queued.id={0 99} queued.index=99; DoOP.result={Err:OK} DoOP.result.type=rpc.PutReply
2026/05/03 01:59:00 RSM node0: Submit received result for op.ID={0 99} queued.CommandIndex=99: error=OK result={OK}
2026/05/03 01:59:00 RSM node2: READER: applying op. applyOp.ID={0 99} applyOp.index=99 applyOp.command=rpc.PutArgs applyOp.command={Key:k0 Value:{"Id":0,"V":36} Version:36}
2026/05/03 01:59:00 RSM node1: READER: applying op. applyOp.ID={0 98} applyOp.index=98 applyOp.command=rpc.GetArgs applyOp.command={Key:k0}
2026/05/03 01:59:00 RSM node1: READER: applying op. applyOp.ID={0 99} applyOp.index=99 applyOp.command=rpc.PutArgs applyOp.command={Key:k0 Value:{"Id":0,"V":36} Version:36}
2026/05/03 01:59:00 RSM node0: Start executed for op.ID={0 100} op.command={Key:k0}. index=100, term=1, isLeader=true
2026/05/03 01:59:00 RSM node0: Submit enqueued. op.ID={0 100} index=100 term=1 queued.len=1
2026/05/03 01:59:01 RSM node0: READER: applying op. applyOp.ID={0 100} applyOp.index=100 applyOp.command=rpc.GetArgs applyOp.command={Key:k0}
2026/05/03 01:59:01 RSM node0: READER: dequeuing matched submit. applyOp.ID={0 100} index=100 queued.id={0 100} queued.index=100 queued.len(after)=0
2026/05/03 01:59:01 RSM node0: READER: sending OK response. applyOp.command={Key:k0} applyOp.command.type=rpc.GetArgs applyOp.ID={0 100} applyOp.index=100; queueed.command={Key:k0} queued.id={0 100} queued.index=100; DoOP.result={Value:{"Id":0,"V":36} Version:37 Err:OK} DoOP.result.type=rpc.GetReply
2026/05/03 01:59:01 RSM node0: Submit received result for op.ID={0 100} queued.CommandIndex=100: error=OK result={{"Id":0,"V":36} 37 OK}
2026/05/03 01:59:01 RSM node0: Start executed for op.ID={0 5} op.command={Shard:0 Num:4}. index=5, term=1, isLeader=true
2026/05/03 01:59:01 RSM node0: Submit enqueued. op.ID={0 5} index=5 term=1 queued.len=1
2026/05/03 01:59:01 RSM node0: Start executed for op.ID={0 101} op.command={Key:k0 Value:{"Id":0,"V":37} Version:37}. index=101, term=1, isLeader=true
2026/05/03 01:59:01 RSM node0: Submit enqueued. op.ID={0 101} index=101 term=1 queued.len=1
2026/05/03 01:59:01 RSM node2: READER: applying op. applyOp.ID={0 100} applyOp.index=100 applyOp.command=rpc.GetArgs applyOp.command={Key:k0}
2026/05/03 01:59:01 RSM node0: READER: applying op. applyOp.ID={0 101} applyOp.index=101 applyOp.command=rpc.PutArgs applyOp.command={Key:k0 Value:{"Id":0,"V":37} Version:37}
2026/05/03 01:59:01 RSM node0: READER: dequeuing matched submit. applyOp.ID={0 101} index=101 queued.id={0 101} queued.index=101 queued.len(after)=0
2026/05/03 01:59:01 RSM node0: READER: sending OK response. applyOp.command={Key:k0 Value:{"Id":0,"V":37} Version:37} applyOp.command.type=rpc.PutArgs applyOp.ID={0 101} applyOp.index=101; queueed.command={Key:k0 Value:{"Id":0,"V":37} Version:37} queued.id={0 101} queued.index=101; DoOP.result={Err:OK} DoOP.result.type=rpc.PutReply
2026/05/03 01:59:01 RSM node0: Submit received result for op.ID={0 101} queued.CommandIndex=101: error=OK result={OK}
2026/05/03 01:59:01 RSM node0: READER: applying op. applyOp.ID={0 5} applyOp.index=5 applyOp.command=shardrpc.FreezeShardArgs applyOp.command={Shard:0 Num:4}
2026/05/03 01:59:01 RSM node0: READER: dequeuing matched submit. applyOp.ID={0 5} index=5 queued.id={0 5} queued.index=5 queued.len(after)=0
2026/05/03 01:59:01 RSM node0: READER: sending OK response. applyOp.command={Shard:0 Num:4} applyOp.command.type=shardrpc.FreezeShardArgs applyOp.ID={0 5} applyOp.index=5; queueed.command={Shard:0 Num:4} queued.id={0 5} queued.index=5; DoOP.result={State:[15 255 163 4 1 2 255 164 0 1 12 1 255 162 0 0 34 255 161 3 1 2 255 162 0 1 2 1 5 86 97 108 117 101 1 12 0 1 7 86 101 114 115 105 111 110 1 6 0 0 0 4 255 164 0 0] Num:4 Err:OK} DoOP.result.type=shardrpc.FreezeShardReply
2026/05/03 01:59:01 RSM node0: Submit received result for op.ID={0 5} queued.CommandIndex=5: error=OK result={[15 255 163 4 1 2 255 164 0 1 12 1 255 162 0 0 34 255 161 3 1 2 255 162 0 1 2 1 5 86 97 108 117 101 1 12 0 1 7 86 101 114 115 105 111 110 1 6 0 0 0 4 255 164 0 0] 4 OK}
2026/05/03 01:59:01 RSM node1: READER: applying op. applyOp.ID={0 100} applyOp.index=100 applyOp.command=rpc.GetArgs applyOp.command={Key:k0}
2026/05/03 01:59:01 RSM node1: READER: applying op. applyOp.ID={0 5} applyOp.index=5 applyOp.command=shardrpc.FreezeShardArgs applyOp.command={Shard:0 Num:4}
2026/05/03 01:59:01 RSM node2: READER: applying op. applyOp.ID={0 5} applyOp.index=5 applyOp.command=shardrpc.FreezeShardArgs applyOp.command={Shard:0 Num:4}
2026/05/03 01:59:01 RSM node0: Start executed for op.ID={0 102} op.command={Key:k0}. index=102, term=1, isLeader=true
2026/05/03 01:59:01 RSM node0: Submit enqueued. op.ID={0 102} index=102 term=1 queued.len=1
2026/05/03 01:59:01 RSM node1: READER: applying op. applyOp.ID={0 101} applyOp.index=101 applyOp.command=rpc.PutArgs applyOp.command={Key:k0 Value:{"Id":0,"V":37} Version:37}
2026/05/03 01:59:01 RSM node2: READER: applying op. applyOp.ID={0 101} applyOp.index=101 applyOp.command=rpc.PutArgs applyOp.command={Key:k0 Value:{"Id":0,"V":37} Version:37}
2026/05/03 01:59:01 RSM node0: READER: applying op. applyOp.ID={0 102} applyOp.index=102 applyOp.command=rpc.GetArgs applyOp.command={Key:k0}
2026/05/03 01:59:01 RSM node0: READER: dequeuing matched submit. applyOp.ID={0 102} index=102 queued.id={0 102} queued.index=102 queued.len(after)=0
2026/05/03 01:59:01 RSM node0: READER: sending OK response. applyOp.command={Key:k0} applyOp.command.type=rpc.GetArgs applyOp.ID={0 102} applyOp.index=102; queueed.command={Key:k0} queued.id={0 102} queued.index=102; DoOP.result={Value:{"Id":0,"V":37} Version:38 Err:OK} DoOP.result.type=rpc.GetReply
2026/05/03 01:59:01 RSM node0: Submit received result for op.ID={0 102} queued.CommandIndex=102: error=OK result={{"Id":0,"V":37} 38 OK}
2026/05/03 01:59:01 RSM node2: READER: applying op. applyOp.ID={0 102} applyOp.index=102 applyOp.command=rpc.GetArgs applyOp.command={Key:k0}
2026/05/03 01:59:01 RSM node1: READER: applying op. applyOp.ID={0 102} applyOp.index=102 applyOp.command=rpc.GetArgs applyOp.command={Key:k0}
2026/05/03 01:59:01 RSM node1: Start executed for op.ID={1 1} op.command={Shard:0 State:[15 255 163 4 1 2 255 164 0 1 12 1 255 162 0 0 34 255 161 3 1 2 255 162 0 1 2 1 5 86 97 108 117 101 1 12 0 1 7 86 101 114 115 105 111 110 1 6 0 0 0 4 255 164 0 0] Num:4}. index=-1, term=2, isLeader=false
2026/05/03 01:59:01 RSM node1: Start executed for op.ID={1 19} op.command={Key:k0 Value:{"Id":0,"V":38} Version:38}. index=-1, term=1, isLeader=false
2026/05/03 01:59:01 RSM node2: Start executed for op.ID={2 1} op.command={Shard:0 State:[15 255 163 4 1 2 255 164 0 1 12 1 255 162 0 0 34 255 161 3 1 2 255 162 0 1 2 1 5 86 97 108 117 101 1 12 0 1 7 86 101 114 115 105 111 110 1 6 0 0 0 4 255 164 0 0] Num:4}. index=-1, term=2, isLeader=false
2026/05/03 01:59:01 RSM node2: Start executed for op.ID={2 18} op.command={Key:k0 Value:{"Id":0,"V":38} Version:38}. index=-1, term=1, isLeader=false
2026/05/03 01:59:01 RSM node0: Start executed for op.ID={0 1} op.command={Shard:0 State:[15 255 163 4 1 2 255 164 0 1 12 1 255 162 0 0 34 255 161 3 1 2 255 162 0 1 2 1 5 86 97 108 117 101 1 12 0 1 7 86 101 114 115 105 111 110 1 6 0 0 0 4 255 164 0 0] Num:4}. index=1, term=2, isLeader=true
2026/05/03 01:59:01 RSM node0: Submit enqueued. op.ID={0 1} index=1 term=2 queued.len=1
2026/05/03 01:59:01 RSM node0: READER: applying op. applyOp.ID={0 1} applyOp.index=1 applyOp.command=shardrpc.InstallShardArgs applyOp.command={Shard:0 State:[15 255 163 4 1 2 255 164 0 1 12 1 255 162 0 0 34 255 161 3 1 2 255 162 0 1 2 1 5 86 97 108 117 101 1 12 0 1 7 86 101 114 115 105 111 110 1 6 0 0 0 4 255 164 0 0] Num:4}
2026/05/03 01:59:01 RSM node0: READER: dequeuing matched submit. applyOp.ID={0 1} index=1 queued.id={0 1} queued.index=1 queued.len(after)=0
2026/05/03 01:59:01 RSM node0: Submit received result for op.ID={0 1} queued.CommandIndex=1: error=OK result={OK}
2026/05/03 01:59:01 RSM node0: READER: sending OK response. applyOp.command={Shard:0 State:[15 255 163 4 1 2 255 164 0 1 12 1 255 162 0 0 34 255 161 3 1 2 255 162 0 1 2 1 5 86 97 108 117 101 1 12 0 1 7 86 101 114 115 105 111 110 1 6 0 0 0 4 255 164 0 0] Num:4} applyOp.command.type=shardrpc.InstallShardArgs applyOp.ID={0 1} applyOp.index=1; queueed.command={Shard:0 State:[15 255 163 4 1 2 255 164 0 1 12 1 255 162 0 0 34 255 161 3 1 2 255 162 0 1 2 1 5 86 97 108 117 101 1 12 0 1 7 86 101 114 115 105 111 110 1 6 0 0 0 4 255 164 0 0] Num:4} queued.id={0 1} queued.index=1; DoOP.result={Err:OK} DoOP.result.type=shardrpc.InstallShardReply
2026/05/03 01:59:01 RSM node0: Start executed for op.ID={0 6} op.command={Shard:0 Num:4}. index=6, term=1, isLeader=true
2026/05/03 01:59:01 RSM node0: Submit enqueued. op.ID={0 6} index=6 term=1 queued.len=1
2026/05/03 01:59:01 RSM node2: READER: applying op. applyOp.ID={0 1} applyOp.index=1 applyOp.command=shardrpc.InstallShardArgs applyOp.command={Shard:0 State:[15 255 163 4 1 2 255 164 0 1 12 1 255 162 0 0 34 255 161 3 1 2 255 162 0 1 2 1 5 86 97 108 117 101 1 12 0 1 7 86 101 114 115 105 111 110 1 6 0 0 0 4 255 164 0 0] Num:4}
2026/05/03 01:59:01 RSM node0: READER: applying op. applyOp.ID={0 6} applyOp.index=6 applyOp.command=shardrpc.DeleteShardArgs applyOp.command={Shard:0 Num:4}
2026/05/03 01:59:01 RSM node0: READER: dequeuing matched submit. applyOp.ID={0 6} index=6 queued.id={0 6} queued.index=6 queued.len(after)=0
2026/05/03 01:59:01 RSM node0: READER: sending OK response. applyOp.command={Shard:0 Num:4} applyOp.command.type=shardrpc.DeleteShardArgs applyOp.ID={0 6} applyOp.index=6; queueed.command={Shard:0 Num:4} queued.id={0 6} queued.index=6; DoOP.result={Err:OK} DoOP.result.type=shardrpc.DeleteShardReply
2026/05/03 01:59:01 RSM node0: Submit received result for op.ID={0 6} queued.CommandIndex=6: error=OK result={OK}
2026/05/03 01:59:01 RSM node0: Start executed for op.ID={0 12} op.command={Shard:2 Num:4}. index=12, term=2, isLeader=true
2026/05/03 01:59:01 RSM node0: Submit enqueued. op.ID={0 12} index=12 term=2 queued.len=1
2026/05/03 01:59:01 RSM node1: READER: applying op. applyOp.ID={0 1} applyOp.index=1 applyOp.command=shardrpc.InstallShardArgs applyOp.command={Shard:0 State:[15 255 163 4 1 2 255 164 0 1 12 1 255 162 0 0 34 255 161 3 1 2 255 162 0 1 2 1 5 86 97 108 117 101 1 12 0 1 7 86 101 114 115 105 111 110 1 6 0 0 0 4 255 164 0 0] Num:4}
2026/05/03 01:59:01 RSM node0: READER: applying op. applyOp.ID={0 12} applyOp.index=12 applyOp.command=shardrpc.FreezeShardArgs applyOp.command={Shard:2 Num:4}
2026/05/03 01:59:01 RSM node0: READER: dequeuing matched submit. applyOp.ID={0 12} index=12 queued.id={0 12} queued.index=12 queued.len(after)=0
2026/05/03 01:59:01 RSM node0: READER: sending OK response. applyOp.command={Shard:2 Num:4} applyOp.command.type=shardrpc.FreezeShardArgs applyOp.ID={0 12} applyOp.index=12; queueed.command={Shard:2 Num:4} queued.id={0 12} queued.index=12; DoOP.result={State:[15 255 163 4 1 2 255 164 0 1 12 1 255 162 0 0 34 255 161 3 1 2 255 162 0 1 2 1 5 86 97 108 117 101 1 12 0 1 7 86 101 114 115 105 111 110 1 6 0 0 0 4 255 164 0 0] Num:4 Err:OK} DoOP.result.type=shardrpc.FreezeShardReply
2026/05/03 01:59:01 RSM node0: Submit received result for op.ID={0 12} queued.CommandIndex=12: error=OK result={[15 255 163 4 1 2 255 164 0 1 12 1 255 162 0 0 34 255 161 3 1 2 255 162 0 1 2 1 5 86 97 108 117 101 1 12 0 1 7 86 101 114 115 105 111 110 1 6 0 0 0 4 255 164 0 0] 4 OK}
2026/05/03 01:59:01 RSM node0: Start executed for op.ID={0 103} op.command={Key:k0 Value:{"Id":0,"V":38} Version:38}. index=103, term=1, isLeader=true
2026/05/03 01:59:01 RSM node0: Submit enqueued. op.ID={0 103} index=103 term=1 queued.len=1
2026/05/03 01:59:01 RSM node0: READER: applying op. applyOp.ID={0 103} applyOp.index=103 applyOp.command=rpc.PutArgs applyOp.command={Key:k0 Value:{"Id":0,"V":38} Version:38}
2026/05/03 01:59:01 RSM node0: READER: dequeuing matched submit. applyOp.ID={0 103} index=103 queued.id={0 103} queued.index=103 queued.len(after)=0
2026/05/03 01:59:01 RSM node0: READER: sending OK response. applyOp.command={Key:k0 Value:{"Id":0,"V":38} Version:38} applyOp.command.type=rpc.PutArgs applyOp.ID={0 103} applyOp.index=103; queueed.command={Key:k0 Value:{"Id":0,"V":38} Version:38} queued.id={0 103} queued.index=103; DoOP.result={Err:OK} DoOP.result.type=rpc.PutReply
2026/05/03 01:59:01 RSM node0: Submit received result for op.ID={0 103} queued.CommandIndex=103: error=OK result={OK}
2026/05/03 01:59:01 RSM node1: READER: applying op. applyOp.ID={0 103} applyOp.index=103 applyOp.command=rpc.PutArgs applyOp.command={Key:k0 Value:{"Id":0,"V":38} Version:38}
2026/05/03 01:59:01 RSM node2: READER: applying op. applyOp.ID={0 103} applyOp.index=103 applyOp.command=rpc.PutArgs applyOp.command={Key:k0 Value:{"Id":0,"V":38} Version:38}
2026/05/03 01:59:01 RSM node1: READER: applying op. applyOp.ID={0 6} applyOp.index=6 applyOp.command=shardrpc.DeleteShardArgs applyOp.command={Shard:0 Num:4}
2026/05/03 01:59:01 RSM node1: READER: applying op. applyOp.ID={0 12} applyOp.index=12 applyOp.command=shardrpc.FreezeShardArgs applyOp.command={Shard:2 Num:4}
2026/05/03 01:59:01 RSM node2: READER: applying op. applyOp.ID={0 12} applyOp.index=12 applyOp.command=shardrpc.FreezeShardArgs applyOp.command={Shard:2 Num:4}
2026/05/03 01:59:01 RSM node2: READER: applying op. applyOp.ID={0 6} applyOp.index=6 applyOp.command=shardrpc.DeleteShardArgs applyOp.command={Shard:0 Num:4}
2026/05/03 01:59:01 RSM node0: Start executed for op.ID={0 104} op.command={Key:k0}. index=104, term=1, isLeader=true
2026/05/03 01:59:01 RSM node0: Submit enqueued. op.ID={0 104} index=104 term=1 queued.len=1
2026/05/03 01:59:01 RSM node0: READER: applying op. applyOp.ID={0 104} applyOp.index=104 applyOp.command=rpc.GetArgs applyOp.command={Key:k0}
2026/05/03 01:59:01 RSM node0: READER: dequeuing matched submit. applyOp.ID={0 104} index=104 queued.id={0 104} queued.index=104 queued.len(after)=0
2026/05/03 01:59:01 RSM node0: READER: sending OK response. applyOp.command={Key:k0} applyOp.command.type=rpc.GetArgs applyOp.ID={0 104} applyOp.index=104; queueed.command={Key:k0} queued.id={0 104} queued.index=104; DoOP.result={Value:{"Id":0,"V":38} Version:39 Err:OK} DoOP.result.type=rpc.GetReply
2026/05/03 01:59:01 RSM node0: Submit received result for op.ID={0 104} queued.CommandIndex=104: error=OK result={{"Id":0,"V":38} 39 OK}
2026/05/03 01:59:01 RSM node1: Start executed for op.ID={1 2} op.command={Shard:2 State:[15 255 163 4 1 2 255 164 0 1 12 1 255 162 0 0 34 255 161 3 1 2 255 162 0 1 2 1 5 86 97 108 117 101 1 12 0 1 7 86 101 114 115 105 111 110 1 6 0 0 0 4 255 164 0 0] Num:4}. index=-1, term=2, isLeader=false
2026/05/03 01:59:01 RSM node0: Start executed for op.ID={0 105} op.command={Key:k0 Value:{"Id":0,"V":39} Version:39}. index=105, term=1, isLeader=true
2026/05/03 01:59:01 RSM node0: Submit enqueued. op.ID={0 105} index=105 term=1 queued.len=1
2026/05/03 01:59:01 RSM node1: READER: applying op. applyOp.ID={0 104} applyOp.index=104 applyOp.command=rpc.GetArgs applyOp.command={Key:k0}
2026/05/03 01:59:01 RSM node0: READER: applying op. applyOp.ID={0 105} applyOp.index=105 applyOp.command=rpc.PutArgs applyOp.command={Key:k0 Value:{"Id":0,"V":39} Version:39}
2026/05/03 01:59:01 RSM node0: READER: dequeuing matched submit. applyOp.ID={0 105} index=105 queued.id={0 105} queued.index=105 queued.len(after)=0
2026/05/03 01:59:01 RSM node0: READER: sending OK response. applyOp.command={Key:k0 Value:{"Id":0,"V":39} Version:39} applyOp.command.type=rpc.PutArgs applyOp.ID={0 105} applyOp.index=105; queueed.command={Key:k0 Value:{"Id":0,"V":39} Version:39} queued.id={0 105} queued.index=105; DoOP.result={Err:OK} DoOP.result.type=rpc.PutReply
2026/05/03 01:59:01 RSM node0: Submit received result for op.ID={0 105} queued.CommandIndex=105: error=OK result={OK}
2026/05/03 01:59:01 RSM node2: READER: applying op. applyOp.ID={0 104} applyOp.index=104 applyOp.command=rpc.GetArgs applyOp.command={Key:k0}
2026/05/03 01:59:01 RSM node0: Start executed for op.ID={0 106} op.command={Key:k0}. index=106, term=1, isLeader=true
2026/05/03 01:59:01 RSM node0: Submit enqueued. op.ID={0 106} index=106 term=1 queued.len=1
2026/05/03 01:59:01 RSM node2: READER: applying op. applyOp.ID={0 105} applyOp.index=105 applyOp.command=rpc.PutArgs applyOp.command={Key:k0 Value:{"Id":0,"V":39} Version:39}
2026/05/03 01:59:01 RSM node1: READER: applying op. applyOp.ID={0 105} applyOp.index=105 applyOp.command=rpc.PutArgs applyOp.command={Key:k0 Value:{"Id":0,"V":39} Version:39}
2026/05/03 01:59:01 RSM node0: READER: applying op. applyOp.ID={0 106} applyOp.index=106 applyOp.command=rpc.GetArgs applyOp.command={Key:k0}
2026/05/03 01:59:01 RSM node0: READER: dequeuing matched submit. applyOp.ID={0 106} index=106 queued.id={0 106} queued.index=106 queued.len(after)=0
2026/05/03 01:59:01 RSM node0: READER: sending OK response. applyOp.command={Key:k0} applyOp.command.type=rpc.GetArgs applyOp.ID={0 106} applyOp.index=106; queueed.command={Key:k0} queued.id={0 106} queued.index=106; DoOP.result={Value:{"Id":0,"V":39} Version:40 Err:OK} DoOP.result.type=rpc.GetReply
2026/05/03 01:59:01 RSM node0: Submit received result for op.ID={0 106} queued.CommandIndex=106: error=OK result={{"Id":0,"V":39} 40 OK}
2026/05/03 01:59:01 RSM node0: Start executed for op.ID={0 107} op.command={Key:k0 Value:{"Id":0,"V":40} Version:40}. index=107, term=1, isLeader=true
2026/05/03 01:59:01 RSM node0: Submit enqueued. op.ID={0 107} index=107 term=1 queued.len=1
2026/05/03 01:59:01 RSM node2: READER: applying op. applyOp.ID={0 106} applyOp.index=106 applyOp.command=rpc.GetArgs applyOp.command={Key:k0}
2026/05/03 01:59:01 RSM node0: READER: applying op. applyOp.ID={0 107} applyOp.index=107 applyOp.command=rpc.PutArgs applyOp.command={Key:k0 Value:{"Id":0,"V":40} Version:40}
2026/05/03 01:59:01 RSM node0: READER: dequeuing matched submit. applyOp.ID={0 107} index=107 queued.id={0 107} queued.index=107 queued.len(after)=0
2026/05/03 01:59:01 RSM node0: READER: sending OK response. applyOp.command={Key:k0 Value:{"Id":0,"V":40} Version:40} applyOp.command.type=rpc.PutArgs applyOp.ID={0 107} applyOp.index=107; queueed.command={Key:k0 Value:{"Id":0,"V":40} Version:40} queued.id={0 107} queued.index=107; DoOP.result={Err:OK} DoOP.result.type=rpc.PutReply
2026/05/03 01:59:01 RSM node0: Submit received result for op.ID={0 107} queued.CommandIndex=107: error=OK result={OK}
2026/05/03 01:59:01 RSM node1: READER: applying op. applyOp.ID={0 106} applyOp.index=106 applyOp.command=rpc.GetArgs applyOp.command={Key:k0}
2026/05/03 01:59:01 RSM node1: READER: applying op. applyOp.ID={0 107} applyOp.index=107 applyOp.command=rpc.PutArgs applyOp.command={Key:k0 Value:{"Id":0,"V":40} Version:40}
2026/05/03 01:59:01 RSM node2: READER: applying op. applyOp.ID={0 107} applyOp.index=107 applyOp.command=rpc.PutArgs applyOp.command={Key:k0 Value:{"Id":0,"V":40} Version:40}
2026/05/03 01:59:01 RSM node2: Start executed for op.ID={2 2} op.command={Shard:2 State:[15 255 163 4 1 2 255 164 0 1 12 1 255 162 0 0 34 255 161 3 1 2 255 162 0 1 2 1 5 86 97 108 117 101 1 12 0 1 7 86 101 114 115 105 111 110 1 6 0 0 0 4 255 164 0 0] Num:4}. index=-1, term=2, isLeader=false
2026/05/03 01:59:01 RSM node0: Start executed for op.ID={0 108} op.command={Key:k0}. index=108, term=1, isLeader=true
2026/05/03 01:59:01 RSM node0: Submit enqueued. op.ID={0 108} index=108 term=1 queued.len=1
2026/05/03 01:59:01 RSM node0: READER: applying op. applyOp.ID={0 108} applyOp.index=108 applyOp.command=rpc.GetArgs applyOp.command={Key:k0}
2026/05/03 01:59:01 RSM node0: READER: dequeuing matched submit. applyOp.ID={0 108} index=108 queued.id={0 108} queued.index=108 queued.len(after)=0
2026/05/03 01:59:01 RSM node0: READER: sending OK response. applyOp.command={Key:k0} applyOp.command.type=rpc.GetArgs applyOp.ID={0 108} applyOp.index=108; queueed.command={Key:k0} queued.id={0 108} queued.index=108; DoOP.result={Value:{"Id":0,"V":40} Version:41 Err:OK} DoOP.result.type=rpc.GetReply
2026/05/03 01:59:01 RSM node0: Submit received result for op.ID={0 108} queued.CommandIndex=108: error=OK result={{"Id":0,"V":40} 41 OK}
2026/05/03 01:59:01 RSM node1: READER: applying op. applyOp.ID={0 108} applyOp.index=108 applyOp.command=rpc.GetArgs applyOp.command={Key:k0}
2026/05/03 01:59:01 RSM node2: READER: applying op. applyOp.ID={0 108} applyOp.index=108 applyOp.command=rpc.GetArgs applyOp.command={Key:k0}
2026/05/03 01:59:01 RSM node0: Start executed for op.ID={0 109} op.command={Key:k0 Value:{"Id":0,"V":41} Version:41}. index=109, term=1, isLeader=true
2026/05/03 01:59:01 RSM node0: Submit enqueued. op.ID={0 109} index=109 term=1 queued.len=1
2026/05/03 01:59:01 RSM node0: READER: applying op. applyOp.ID={0 109} applyOp.index=109 applyOp.command=rpc.PutArgs applyOp.command={Key:k0 Value:{"Id":0,"V":41} Version:41}
2026/05/03 01:59:01 RSM node0: READER: dequeuing matched submit. applyOp.ID={0 109} index=109 queued.id={0 109} queued.index=109 queued.len(after)=0
2026/05/03 01:59:01 RSM node0: READER: sending OK response. applyOp.command={Key:k0 Value:{"Id":0,"V":41} Version:41} applyOp.command.type=rpc.PutArgs applyOp.ID={0 109} applyOp.index=109; queueed.command={Key:k0 Value:{"Id":0,"V":41} Version:41} queued.id={0 109} queued.index=109; DoOP.result={Err:OK} DoOP.result.type=rpc.PutReply
2026/05/03 01:59:01 RSM node0: Submit received result for op.ID={0 109} queued.CommandIndex=109: error=OK result={OK}
2026/05/03 01:59:01 RSM node0: Start executed for op.ID={0 110} op.command={Key:k0}. index=110, term=1, isLeader=true
2026/05/03 01:59:01 RSM node0: Submit enqueued. op.ID={0 110} index=110 term=1 queued.len=1
2026/05/03 01:59:01 RSM node1: READER: applying op. applyOp.ID={0 109} applyOp.index=109 applyOp.command=rpc.PutArgs applyOp.command={Key:k0 Value:{"Id":0,"V":41} Version:41}
2026/05/03 01:59:01 RSM node2: READER: applying op. applyOp.ID={0 109} applyOp.index=109 applyOp.command=rpc.PutArgs applyOp.command={Key:k0 Value:{"Id":0,"V":41} Version:41}
2026/05/03 01:59:01 RSM node0: READER: applying op. applyOp.ID={0 110} applyOp.index=110 applyOp.command=rpc.GetArgs applyOp.command={Key:k0}
2026/05/03 01:59:01 RSM node0: READER: dequeuing matched submit. applyOp.ID={0 110} index=110 queued.id={0 110} queued.index=110 queued.len(after)=0
2026/05/03 01:59:01 RSM node0: READER: sending OK response. applyOp.command={Key:k0} applyOp.command.type=rpc.GetArgs applyOp.ID={0 110} applyOp.index=110; queueed.command={Key:k0} queued.id={0 110} queued.index=110; DoOP.result={Value:{"Id":0,"V":41} Version:42 Err:OK} DoOP.result.type=rpc.GetReply
2026/05/03 01:59:01 RSM node0: Submit received result for op.ID={0 110} queued.CommandIndex=110: error=OK result={{"Id":0,"V":41} 42 OK}
2026/05/03 01:59:01 RSM node0: Start executed for op.ID={0 2} op.command={Shard:2 State:[15 255 163 4 1 2 255 164 0 1 12 1 255 162 0 0 34 255 161 3 1 2 255 162 0 1 2 1 5 86 97 108 117 101 1 12 0 1 7 86 101 114 115 105 111 110 1 6 0 0 0 4 255 164 0 0] Num:4}. index=2, term=2, isLeader=true
2026/05/03 01:59:01 RSM node0: Submit enqueued. op.ID={0 2} index=2 term=2 queued.len=1
2026/05/03 01:59:01 RSM node0: READER: applying op. applyOp.ID={0 2} applyOp.index=2 applyOp.command=shardrpc.InstallShardArgs applyOp.command={Shard:2 State:[15 255 163 4 1 2 255 164 0 1 12 1 255 162 0 0 34 255 161 3 1 2 255 162 0 1 2 1 5 86 97 108 117 101 1 12 0 1 7 86 101 114 115 105 111 110 1 6 0 0 0 4 255 164 0 0] Num:4}
2026/05/03 01:59:01 RSM node0: READER: dequeuing matched submit. applyOp.ID={0 2} index=2 queued.id={0 2} queued.index=2 queued.len(after)=0
2026/05/03 01:59:01 RSM node0: READER: sending OK response. applyOp.command={Shard:2 State:[15 255 163 4 1 2 255 164 0 1 12 1 255 162 0 0 34 255 161 3 1 2 255 162 0 1 2 1 5 86 97 108 117 101 1 12 0 1 7 86 101 114 115 105 111 110 1 6 0 0 0 4 255 164 0 0] Num:4} applyOp.command.type=shardrpc.InstallShardArgs applyOp.ID={0 2} applyOp.index=2; queueed.command={Shard:2 State:[15 255 163 4 1 2 255 164 0 1 12 1 255 162 0 0 34 255 161 3 1 2 255 162 0 1 2 1 5 86 97 108 117 101 1 12 0 1 7 86 101 114 115 105 111 110 1 6 0 0 0 4 255 164 0 0] Num:4} queued.id={0 2} queued.index=2; DoOP.result={Err:OK} DoOP.result.type=shardrpc.InstallShardReply
2026/05/03 01:59:01 RSM node0: Submit received result for op.ID={0 2} queued.CommandIndex=2: error=OK result={OK}
2026/05/03 01:59:01 RSM node1: READER: applying op. applyOp.ID={0 2} applyOp.index=2 applyOp.command=shardrpc.InstallShardArgs applyOp.command={Shard:2 State:[15 255 163 4 1 2 255 164 0 1 12 1 255 162 0 0 34 255 161 3 1 2 255 162 0 1 2 1 5 86 97 108 117 101 1 12 0 1 7 86 101 114 115 105 111 110 1 6 0 0 0 4 255 164 0 0] Num:4}
2026/05/03 01:59:01 RSM node1: READER: applying op. applyOp.ID={0 110} applyOp.index=110 applyOp.command=rpc.GetArgs applyOp.command={Key:k0}
2026/05/03 01:59:01 RSM node0: Start executed for op.ID={0 13} op.command={Shard:2 Num:4}. index=13, term=2, isLeader=true
2026/05/03 01:59:01 RSM node0: Submit enqueued. op.ID={0 13} index=13 term=2 queued.len=1
2026/05/03 01:59:01 RSM node0: READER: applying op. applyOp.ID={0 13} applyOp.index=13 applyOp.command=shardrpc.DeleteShardArgs applyOp.command={Shard:2 Num:4}
2026/05/03 01:59:01 RSM node0: READER: dequeuing matched submit. applyOp.ID={0 13} index=13 queued.id={0 13} queued.index=13 queued.len(after)=0
2026/05/03 01:59:01 RSM node0: READER: sending OK response. applyOp.command={Shard:2 Num:4} applyOp.command.type=shardrpc.DeleteShardArgs applyOp.ID={0 13} applyOp.index=13; queueed.command={Shard:2 Num:4} queued.id={0 13} queued.index=13; DoOP.result={Err:OK} DoOP.result.type=shardrpc.DeleteShardReply
2026/05/03 01:59:01 RSM node0: Submit received result for op.ID={0 13} queued.CommandIndex=13: error=OK result={OK}
2026/05/03 01:59:01 RSM node2: READER: applying op. applyOp.ID={0 2} applyOp.index=2 applyOp.command=shardrpc.InstallShardArgs applyOp.command={Shard:2 State:[15 255 163 4 1 2 255 164 0 1 12 1 255 162 0 0 34 255 161 3 1 2 255 162 0 1 2 1 5 86 97 108 117 101 1 12 0 1 7 86 101 114 115 105 111 110 1 6 0 0 0 4 255 164 0 0] Num:4}
2026/05/03 01:59:01 RSM node0: Start executed for op.ID={0 111} op.command={Key:k0 Value:{"Id":0,"V":42} Version:42}. index=111, term=1, isLeader=true
2026/05/03 01:59:01 RSM node0: Submit enqueued. op.ID={0 111} index=111 term=1 queued.len=1
2026/05/03 01:59:01 RSM node0: Start executed for op.ID={0 112} op.command={Shard:8 Num:4}. index=112, term=1, isLeader=true
2026/05/03 01:59:01 RSM node0: Submit enqueued. op.ID={0 112} index=112 term=1 queued.len=2
2026/05/03 01:59:01 RSM node2: READER: applying op. applyOp.ID={0 110} applyOp.index=110 applyOp.command=rpc.GetArgs applyOp.command={Key:k0}
2026/05/03 01:59:01 RSM node0: READER: applying op. applyOp.ID={0 111} applyOp.index=111 applyOp.command=rpc.PutArgs applyOp.command={Key:k0 Value:{"Id":0,"V":42} Version:42}
2026/05/03 01:59:01 RSM node0: READER: dequeuing matched submit. applyOp.ID={0 111} index=111 queued.id={0 111} queued.index=111 queued.len(after)=1
2026/05/03 01:59:01 RSM node0: READER: sending OK response. applyOp.command={Key:k0 Value:{"Id":0,"V":42} Version:42} applyOp.command.type=rpc.PutArgs applyOp.ID={0 111} applyOp.index=111; queueed.command={Key:k0 Value:{"Id":0,"V":42} Version:42} queued.id={0 111} queued.index=111; DoOP.result={Err:OK} DoOP.result.type=rpc.PutReply
2026/05/03 01:59:01 RSM node0: READER: applying op. applyOp.ID={0 112} applyOp.index=112 applyOp.command=shardrpc.FreezeShardArgs applyOp.command={Shard:8 Num:4}
2026/05/03 01:59:01 RSM node0: READER: dequeuing matched submit. applyOp.ID={0 112} index=112 queued.id={0 112} queued.index=112 queued.len(after)=0
2026/05/03 01:59:01 RSM node0: READER: sending OK response. applyOp.command={Shard:8 Num:4} applyOp.command.type=shardrpc.FreezeShardArgs applyOp.ID={0 112} applyOp.index=112; queueed.command={Shard:8 Num:4} queued.id={0 112} queued.index=112; DoOP.result={State:[15 255 167 4 1 2 255 168 0 1 12 1 255 166 0 0 34 255 165 3 1 2 255 166 0 1 2 1 5 86 97 108 117 101 1 12 0 1 7 86 101 114 115 105 111 110 1 6 0 0 0 4 255 168 0 0] Num:4 Err:OK} DoOP.result.type=shardrpc.FreezeShardReply
2026/05/03 01:59:01 RSM node0: Submit received result for op.ID={0 111} queued.CommandIndex=111: error=OK result={OK}
2026/05/03 01:59:01 RSM node0: Submit received result for op.ID={0 112} queued.CommandIndex=112: error=OK result={[15 255 167 4 1 2 255 168 0 1 12 1 255 166 0 0 34 255 165 3 1 2 255 166 0 1 2 1 5 86 97 108 117 101 1 12 0 1 7 86 101 114 115 105 111 110 1 6 0 0 0 4 255 168 0 0] 4 OK}
2026/05/03 01:59:01 RSM node0: Start executed for op.ID={0 3} op.command={Shard:8 State:[15 255 167 4 1 2 255 168 0 1 12 1 255 166 0 0 34 255 165 3 1 2 255 166 0 1 2 1 5 86 97 108 117 101 1 12 0 1 7 86 101 114 115 105 111 110 1 6 0 0 0 4 255 168 0 0] Num:4}. index=3, term=2, isLeader=true
2026/05/03 01:59:01 RSM node0: Submit enqueued. op.ID={0 3} index=3 term=2 queued.len=1
2026/05/03 01:59:01 RSM node0: READER: applying op. applyOp.ID={0 3} applyOp.index=3 applyOp.command=shardrpc.InstallShardArgs applyOp.command={Shard:8 State:[15 255 167 4 1 2 255 168 0 1 12 1 255 166 0 0 34 255 165 3 1 2 255 166 0 1 2 1 5 86 97 108 117 101 1 12 0 1 7 86 101 114 115 105 111 110 1 6 0 0 0 4 255 168 0 0] Num:4}
2026/05/03 01:59:01 RSM node0: READER: dequeuing matched submit. applyOp.ID={0 3} index=3 queued.id={0 3} queued.index=3 queued.len(after)=0
2026/05/03 01:59:01 RSM node0: READER: sending OK response. applyOp.command={Shard:8 State:[15 255 167 4 1 2 255 168 0 1 12 1 255 166 0 0 34 255 165 3 1 2 255 166 0 1 2 1 5 86 97 108 117 101 1 12 0 1 7 86 101 114 115 105 111 110 1 6 0 0 0 4 255 168 0 0] Num:4} applyOp.command.type=shardrpc.InstallShardArgs applyOp.ID={0 3} applyOp.index=3; queueed.command={Shard:8 State:[15 255 167 4 1 2 255 168 0 1 12 1 255 166 0 0 34 255 165 3 1 2 255 166 0 1 2 1 5 86 97 108 117 101 1 12 0 1 7 86 101 114 115 105 111 110 1 6 0 0 0 4 255 168 0 0] Num:4} queued.id={0 3} queued.index=3; DoOP.result={Err:OK} DoOP.result.type=shardrpc.InstallShardReply
2026/05/03 01:59:01 RSM node0: Submit received result for op.ID={0 3} queued.CommandIndex=3: error=OK result={OK}
2026/05/03 01:59:01 RSM node0: Start executed for op.ID={0 113} op.command={Shard:8 Num:4}. index=113, term=1, isLeader=true
2026/05/03 01:59:01 RSM node0: Submit enqueued. op.ID={0 113} index=113 term=1 queued.len=1
2026/05/03 01:59:01 RSM node2: READER: applying op. applyOp.ID={0 111} applyOp.index=111 applyOp.command=rpc.PutArgs applyOp.command={Key:k0 Value:{"Id":0,"V":42} Version:42}
2026/05/03 01:59:01 RSM node2: READER: applying op. applyOp.ID={0 112} applyOp.index=112 applyOp.command=shardrpc.FreezeShardArgs applyOp.command={Shard:8 Num:4}
2026/05/03 01:59:01 RSM node0: READER: applying op. applyOp.ID={0 113} applyOp.index=113 applyOp.command=shardrpc.DeleteShardArgs applyOp.command={Shard:8 Num:4}
2026/05/03 01:59:01 RSM node0: READER: dequeuing matched submit. applyOp.ID={0 113} index=113 queued.id={0 113} queued.index=113 queued.len(after)=0
2026/05/03 01:59:01 RSM node0: READER: sending OK response. applyOp.command={Shard:8 Num:4} applyOp.command.type=shardrpc.DeleteShardArgs applyOp.ID={0 113} applyOp.index=113; queueed.command={Shard:8 Num:4} queued.id={0 113} queued.index=113; DoOP.result={Err:OK} DoOP.result.type=shardrpc.DeleteShardReply
2026/05/03 01:59:01 RSM node0: Submit received result for op.ID={0 113} queued.CommandIndex=113: error=OK result={OK}
2026/05/03 01:59:01 RSM node0: Start executed for op.ID={0 114} op.command={Key:k0}. index=114, term=1, isLeader=true
2026/05/03 01:59:01 RSM node0: Submit enqueued. op.ID={0 114} index=114 term=1 queued.len=1
2026/05/03 01:59:01 RSM node1: READER: applying op. applyOp.ID={0 111} applyOp.index=111 applyOp.command=rpc.PutArgs applyOp.command={Key:k0 Value:{"Id":0,"V":42} Version:42}
2026/05/03 01:59:01 RSM node1: READER: applying op. applyOp.ID={0 112} applyOp.index=112 applyOp.command=shardrpc.FreezeShardArgs applyOp.command={Shard:8 Num:4}
2026/05/03 01:59:01 RSM node2: READER: applying op. applyOp.ID={0 13} applyOp.index=13 applyOp.command=shardrpc.DeleteShardArgs applyOp.command={Shard:2 Num:4}
2026/05/03 01:59:01 RSM node2: READER: applying op. applyOp.ID={0 113} applyOp.index=113 applyOp.command=shardrpc.DeleteShardArgs applyOp.command={Shard:8 Num:4}
2026/05/03 01:59:01 RSM node0: READER: applying op. applyOp.ID={0 114} applyOp.index=114 applyOp.command=rpc.GetArgs applyOp.command={Key:k0}
2026/05/03 01:59:01 RSM node0: READER: dequeuing matched submit. applyOp.ID={0 114} index=114 queued.id={0 114} queued.index=114 queued.len(after)=0
2026/05/03 01:59:01 RSM node0: READER: sending OK response. applyOp.command={Key:k0} applyOp.command.type=rpc.GetArgs applyOp.ID={0 114} applyOp.index=114; queueed.command={Key:k0} queued.id={0 114} queued.index=114; DoOP.result={Value:{"Id":0,"V":42} Version:43 Err:OK} DoOP.result.type=rpc.GetReply
2026/05/03 01:59:01 RSM node0: Submit received result for op.ID={0 114} queued.CommandIndex=114: error=OK result={{"Id":0,"V":42} 43 OK}
2026/05/03 01:59:01 RSM node1: READER: applying op. applyOp.ID={0 13} applyOp.index=13 applyOp.command=shardrpc.DeleteShardArgs applyOp.command={Shard:2 Num:4}
2026/05/03 01:59:01 RSM node1: READER: applying op. applyOp.ID={0 113} applyOp.index=113 applyOp.command=shardrpc.DeleteShardArgs applyOp.command={Shard:8 Num:4}
2026/05/03 01:59:01 RSM node0: Start executed for op.ID={0 115} op.command={Key:k0 Value:{"Id":0,"V":43} Version:43}. index=115, term=1, isLeader=true
2026/05/03 01:59:01 RSM node0: Submit enqueued. op.ID={0 115} index=115 term=1 queued.len=1
2026/05/03 01:59:01 RSM node2: READER: applying op. applyOp.ID={0 114} applyOp.index=114 applyOp.command=rpc.GetArgs applyOp.command={Key:k0}
2026/05/03 01:59:01 RSM node1: READER: applying op. applyOp.ID={0 3} applyOp.index=3 applyOp.command=shardrpc.InstallShardArgs applyOp.command={Shard:8 State:[15 255 167 4 1 2 255 168 0 1 12 1 255 166 0 0 34 255 165 3 1 2 255 166 0 1 2 1 5 86 97 108 117 101 1 12 0 1 7 86 101 114 115 105 111 110 1 6 0 0 0 4 255 168 0 0] Num:4}
2026/05/03 01:59:01 RSM node1: READER: applying op. applyOp.ID={0 114} applyOp.index=114 applyOp.command=rpc.GetArgs applyOp.command={Key:k0}
2026/05/03 01:59:01 RSM node0: READER: applying op. applyOp.ID={0 115} applyOp.index=115 applyOp.command=rpc.PutArgs applyOp.command={Key:k0 Value:{"Id":0,"V":43} Version:43}
2026/05/03 01:59:01 RSM node0: READER: dequeuing matched submit. applyOp.ID={0 115} index=115 queued.id={0 115} queued.index=115 queued.len(after)=0
2026/05/03 01:59:01 RSM node0: READER: sending OK response. applyOp.command={Key:k0 Value:{"Id":0,"V":43} Version:43} applyOp.command.type=rpc.PutArgs applyOp.ID={0 115} applyOp.index=115; queueed.command={Key:k0 Value:{"Id":0,"V":43} Version:43} queued.id={0 115} queued.index=115; DoOP.result={Err:OK} DoOP.result.type=rpc.PutReply
2026/05/03 01:59:01 RSM node0: Submit received result for op.ID={0 115} queued.CommandIndex=115: error=OK result={OK}
2026/05/03 01:59:01 RSM node2: READER: applying op. applyOp.ID={0 3} applyOp.index=3 applyOp.command=shardrpc.InstallShardArgs applyOp.command={Shard:8 State:[15 255 167 4 1 2 255 168 0 1 12 1 255 166 0 0 34 255 165 3 1 2 255 166 0 1 2 1 5 86 97 108 117 101 1 12 0 1 7 86 101 114 115 105 111 110 1 6 0 0 0 4 255 168 0 0] Num:4}
2026/05/03 01:59:01 RSM node2: READER: applying op. applyOp.ID={0 115} applyOp.index=115 applyOp.command=rpc.PutArgs applyOp.command={Key:k0 Value:{"Id":0,"V":43} Version:43}
2026/05/03 01:59:01 RSM node0: Start executed for op.ID={0 116} op.command={Key:k0}. index=116, term=1, isLeader=true
2026/05/03 01:59:01 RSM node0: Submit enqueued. op.ID={0 116} index=116 term=1 queued.len=1
2026/05/03 01:59:01 RSM node1: READER: applying op. applyOp.ID={0 115} applyOp.index=115 applyOp.command=rpc.PutArgs applyOp.command={Key:k0 Value:{"Id":0,"V":43} Version:43}
2026/05/03 01:59:01 RSM node0: READER: applying op. applyOp.ID={0 116} applyOp.index=116 applyOp.command=rpc.GetArgs applyOp.command={Key:k0}
2026/05/03 01:59:01 RSM node0: READER: dequeuing matched submit. applyOp.ID={0 116} index=116 queued.id={0 116} queued.index=116 queued.len(after)=0
2026/05/03 01:59:01 RSM node0: READER: sending OK response. applyOp.command={Key:k0} applyOp.command.type=rpc.GetArgs applyOp.ID={0 116} applyOp.index=116; queueed.command={Key:k0} queued.id={0 116} queued.index=116; DoOP.result={Value:{"Id":0,"V":43} Version:44 Err:OK} DoOP.result.type=rpc.GetReply
2026/05/03 01:59:01 RSM node0: Submit received result for op.ID={0 116} queued.CommandIndex=116: error=OK result={{"Id":0,"V":43} 44 OK}
2026/05/03 01:59:01 RSM node1: Start executed for op.ID={1 20} op.command={Shard:8 Num:4}. index=-1, term=1, isLeader=false
2026/05/03 01:59:01 RSM node0: Start executed for op.ID={0 117} op.command={Key:k0 Value:{"Id":0,"V":44} Version:44}. index=117, term=1, isLeader=true
2026/05/03 01:59:01 RSM node0: Submit enqueued. op.ID={0 117} index=117 term=1 queued.len=1
2026/05/03 01:59:02 RSM node2: READER: applying op. applyOp.ID={0 116} applyOp.index=116 applyOp.command=rpc.GetArgs applyOp.command={Key:k0}
2026/05/03 01:59:02 RSM node0: READER: applying op. applyOp.ID={0 117} applyOp.index=117 applyOp.command=rpc.PutArgs applyOp.command={Key:k0 Value:{"Id":0,"V":44} Version:44}
2026/05/03 01:59:02 RSM node0: READER: dequeuing matched submit. applyOp.ID={0 117} index=117 queued.id={0 117} queued.index=117 queued.len(after)=0
2026/05/03 01:59:02 RSM node0: READER: sending OK response. applyOp.command={Key:k0 Value:{"Id":0,"V":44} Version:44} applyOp.command.type=rpc.PutArgs applyOp.ID={0 117} applyOp.index=117; queueed.command={Key:k0 Value:{"Id":0,"V":44} Version:44} queued.id={0 117} queued.index=117; DoOP.result={Err:OK} DoOP.result.type=rpc.PutReply
2026/05/03 01:59:02 RSM node0: Submit received result for op.ID={0 117} queued.CommandIndex=117: error=OK result={OK}
2026/05/03 01:59:02 RSM node1: READER: applying op. applyOp.ID={0 116} applyOp.index=116 applyOp.command=rpc.GetArgs applyOp.command={Key:k0}
2026/05/03 01:59:02 RSM node2: READER: applying op. applyOp.ID={0 117} applyOp.index=117 applyOp.command=rpc.PutArgs applyOp.command={Key:k0 Value:{"Id":0,"V":44} Version:44}
2026/05/03 01:59:02 RSM node1: READER: applying op. applyOp.ID={0 117} applyOp.index=117 applyOp.command=rpc.PutArgs applyOp.command={Key:k0 Value:{"Id":0,"V":44} Version:44}
2026/05/03 01:59:02 RSM node0: Start executed for op.ID={0 118} op.command={Key:k0}. index=118, term=1, isLeader=true
2026/05/03 01:59:02 RSM node0: Submit enqueued. op.ID={0 118} index=118 term=1 queued.len=1
2026/05/03 01:59:02 RSM node0: READER: applying op. applyOp.ID={0 118} applyOp.index=118 applyOp.command=rpc.GetArgs applyOp.command={Key:k0}
2026/05/03 01:59:02 RSM node0: READER: dequeuing matched submit. applyOp.ID={0 118} index=118 queued.id={0 118} queued.index=118 queued.len(after)=0
2026/05/03 01:59:02 RSM node0: READER: sending OK response. applyOp.command={Key:k0} applyOp.command.type=rpc.GetArgs applyOp.ID={0 118} applyOp.index=118; queueed.command={Key:k0} queued.id={0 118} queued.index=118; DoOP.result={Value:{"Id":0,"V":44} Version:45 Err:OK} DoOP.result.type=rpc.GetReply
2026/05/03 01:59:02 RSM node0: Submit received result for op.ID={0 118} queued.CommandIndex=118: error=OK result={{"Id":0,"V":44} 45 OK}
2026/05/03 01:59:02 RSM node1: READER: applying op. applyOp.ID={0 118} applyOp.index=118 applyOp.command=rpc.GetArgs applyOp.command={Key:k0}
2026/05/03 01:59:02 RSM node2: Start executed for op.ID={2 19} op.command={Shard:8 Num:4}. index=-1, term=1, isLeader=false
2026/05/03 01:59:02 RSM node2: READER: applying op. applyOp.ID={0 118} applyOp.index=118 applyOp.command=rpc.GetArgs applyOp.command={Key:k0}
2026/05/03 01:59:02 RSM node1: Start executed for op.ID={1 21} op.command={Key:k0}. index=-1, term=1, isLeader=false
2026/05/03 01:59:02 RSM node0: Start executed for op.ID={0 119} op.command={Shard:8 Num:4}. index=119, term=1, isLeader=true
2026/05/03 01:59:02 RSM node0: Submit enqueued. op.ID={0 119} index=119 term=1 queued.len=1
2026/05/03 01:59:02 RSM node0: READER: applying op. applyOp.ID={0 119} applyOp.index=119 applyOp.command=shardrpc.DeleteShardArgs applyOp.command={Shard:8 Num:4}
2026/05/03 01:59:02 RSM node0: READER: dequeuing matched submit. applyOp.ID={0 119} index=119 queued.id={0 119} queued.index=119 queued.len(after)=0
2026/05/03 01:59:02 RSM node0: READER: sending OK response. applyOp.command={Shard:8 Num:4} applyOp.command.type=shardrpc.DeleteShardArgs applyOp.ID={0 119} applyOp.index=119; queueed.command={Shard:8 Num:4} queued.id={0 119} queued.index=119; DoOP.result={Err:OK} DoOP.result.type=shardrpc.DeleteShardReply
2026/05/03 01:59:02 RSM node0: Submit received result for op.ID={0 119} queued.CommandIndex=119: error=OK result={OK}
2026/05/03 01:59:02 RSM node1: READER: applying op. applyOp.ID={0 119} applyOp.index=119 applyOp.command=shardrpc.DeleteShardArgs applyOp.command={Shard:8 Num:4}
2026/05/03 01:59:02 RSM node2: READER: applying op. applyOp.ID={0 119} applyOp.index=119 applyOp.command=shardrpc.DeleteShardArgs applyOp.command={Shard:8 Num:4}
2026/05/03 01:59:02 RSM node2: Start executed for op.ID={2 20} op.command={Key:k0}. index=-1, term=1, isLeader=false
2026/05/03 01:59:02 RSM node0: Start executed for op.ID={0 120} op.command={Key:k0}. index=120, term=1, isLeader=true
2026/05/03 01:59:02 RSM node0: Submit enqueued. op.ID={0 120} index=120 term=1 queued.len=1
2026/05/03 01:59:02 RSM node0: READER: applying op. applyOp.ID={0 120} applyOp.index=120 applyOp.command=rpc.GetArgs applyOp.command={Key:k0}
2026/05/03 01:59:02 RSM node0: READER: dequeuing matched submit. applyOp.ID={0 120} index=120 queued.id={0 120} queued.index=120 queued.len(after)=0
2026/05/03 01:59:02 RSM node0: READER: sending OK response. applyOp.command={Key:k0} applyOp.command.type=rpc.GetArgs applyOp.ID={0 120} applyOp.index=120; queueed.command={Key:k0} queued.id={0 120} queued.index=120; DoOP.result={Value:{"Id":0,"V":44} Version:45 Err:OK} DoOP.result.type=rpc.GetReply
2026/05/03 01:59:02 RSM node0: Submit received result for op.ID={0 120} queued.CommandIndex=120: error=OK result={{"Id":0,"V":44} 45 OK}
2026/05/03 01:59:02 RSM node1: READER: applying op. applyOp.ID={0 120} applyOp.index=120 applyOp.command=rpc.GetArgs applyOp.command={Key:k0}
2026/05/03 01:59:02 RSM node2: READER: applying op. applyOp.ID={0 120} applyOp.index=120 applyOp.command=rpc.GetArgs applyOp.command={Key:k0}
2026/05/03 01:59:02 RSM node1: Start executed for op.ID={1 22} op.command={Key:k0}. index=-1, term=1, isLeader=false
2026/05/03 01:59:02 RSM node2: Start executed for op.ID={2 21} op.command={Key:k0}. index=-1, term=1, isLeader=false
2026/05/03 01:59:02 RSM node0: Start executed for op.ID={0 121} op.command={Key:k0}. index=121, term=1, isLeader=true
2026/05/03 01:59:02 RSM node0: Submit enqueued. op.ID={0 121} index=121 term=1 queued.len=1
2026/05/03 01:59:02 RSM node0: READER: applying op. applyOp.ID={0 121} applyOp.index=121 applyOp.command=rpc.GetArgs applyOp.command={Key:k0}
2026/05/03 01:59:02 RSM node0: READER: dequeuing matched submit. applyOp.ID={0 121} index=121 queued.id={0 121} queued.index=121 queued.len(after)=0
2026/05/03 01:59:02 RSM node0: READER: sending OK response. applyOp.command={Key:k0} applyOp.command.type=rpc.GetArgs applyOp.ID={0 121} applyOp.index=121; queueed.command={Key:k0} queued.id={0 121} queued.index=121; DoOP.result={Value:{"Id":0,"V":44} Version:45 Err:OK} DoOP.result.type=rpc.GetReply
2026/05/03 01:59:02 RSM node0: Submit received result for op.ID={0 121} queued.CommandIndex=121: error=OK result={{"Id":0,"V":44} 45 OK}
2026/05/03 01:59:02 RSM node0: Start executed for op.ID={0 14} op.command={Shard:3 Num:5}. index=14, term=2, isLeader=true
2026/05/03 01:59:02 RSM node0: Submit enqueued. op.ID={0 14} index=14 term=2 queued.len=1
2026/05/03 01:59:02 RSM node0: READER: applying op. applyOp.ID={0 14} applyOp.index=14 applyOp.command=shardrpc.FreezeShardArgs applyOp.command={Shard:3 Num:5}
2026/05/03 01:59:02 RSM node0: READER: dequeuing matched submit. applyOp.ID={0 14} index=14 queued.id={0 14} queued.index=14 queued.len(after)=0
2026/05/03 01:59:02 RSM node0: READER: sending OK response. applyOp.command={Shard:3 Num:5} applyOp.command.type=shardrpc.FreezeShardArgs applyOp.ID={0 14} applyOp.index=14; queueed.command={Shard:3 Num:5} queued.id={0 14} queued.index=14; DoOP.result={State:[15 255 163 4 1 2 255 164 0 1 12 1 255 162 0 0 34 255 161 3 1 2 255 162 0 1 2 1 5 86 97 108 117 101 1 12 0 1 7 86 101 114 115 105 111 110 1 6 0 0 0 4 255 164 0 0] Num:5 Err:OK} DoOP.result.type=shardrpc.FreezeShardReply
2026/05/03 01:59:02 RSM node0: Submit received result for op.ID={0 14} queued.CommandIndex=14: error=OK result={[15 255 163 4 1 2 255 164 0 1 12 1 255 162 0 0 34 255 161 3 1 2 255 162 0 1 2 1 5 86 97 108 117 101 1 12 0 1 7 86 101 114 115 105 111 110 1 6 0 0 0 4 255 164 0 0] 5 OK}
2026/05/03 01:59:02 RSM node0: Start executed for op.ID={0 1} op.command={Shard:3 State:[15 255 163 4 1 2 255 164 0 1 12 1 255 162 0 0 34 255 161 3 1 2 255 162 0 1 2 1 5 86 97 108 117 101 1 12 0 1 7 86 101 114 115 105 111 110 1 6 0 0 0 4 255 164 0 0] Num:5}. index=-1, term=1, isLeader=false
2026/05/03 01:59:02 RSM node1: READER: applying op. applyOp.ID={0 121} applyOp.index=121 applyOp.command=rpc.GetArgs applyOp.command={Key:k0}
2026/05/03 01:59:02 RSM node2: READER: applying op. applyOp.ID={0 121} applyOp.index=121 applyOp.command=rpc.GetArgs applyOp.command={Key:k0}
2026/05/03 01:59:02 RSM node1: READER: applying op. applyOp.ID={0 14} applyOp.index=14 applyOp.command=shardrpc.FreezeShardArgs applyOp.command={Shard:3 Num:5}
2026/05/03 01:59:02 RSM node2: READER: applying op. applyOp.ID={0 14} applyOp.index=14 applyOp.command=shardrpc.FreezeShardArgs applyOp.command={Shard:3 Num:5}
2026/05/03 01:59:02 RSM node1: Start executed for op.ID={1 23} op.command={Key:k0}. index=-1, term=1, isLeader=false
2026/05/03 01:59:02 RSM node1: Start executed for op.ID={1 1} op.command={Shard:3 State:[15 255 163 4 1 2 255 164 0 1 12 1 255 162 0 0 34 255 161 3 1 2 255 162 0 1 2 1 5 86 97 108 117 101 1 12 0 1 7 86 101 114 115 105 111 110 1 6 0 0 0 4 255 164 0 0] Num:5}. index=-1, term=2, isLeader=false
2026/05/03 01:59:03 RSM node2: Start executed for op.ID={2 22} op.command={Key:k0}. index=-1, term=1, isLeader=false
2026/05/03 01:59:03 RSM node2: Start executed for op.ID={2 1} op.command={Shard:3 State:[15 255 163 4 1 2 255 164 0 1 12 1 255 162 0 0 34 255 161 3 1 2 255 162 0 1 2 1 5 86 97 108 117 101 1 12 0 1 7 86 101 114 115 105 111 110 1 6 0 0 0 4 255 164 0 0] Num:5}. index=-1, term=2, isLeader=false
2026/05/03 01:59:03 RSM node0: Start executed for op.ID={0 122} op.command={Key:k0}. index=122, term=1, isLeader=true
2026/05/03 01:59:03 RSM node0: Submit enqueued. op.ID={0 122} index=122 term=1 queued.len=1
2026/05/03 01:59:03 RSM node0: READER: applying op. applyOp.ID={0 122} applyOp.index=122 applyOp.command=rpc.GetArgs applyOp.command={Key:k0}
2026/05/03 01:59:03 RSM node0: READER: dequeuing matched submit. applyOp.ID={0 122} index=122 queued.id={0 122} queued.index=122 queued.len(after)=0
2026/05/03 01:59:03 RSM node0: READER: sending OK response. applyOp.command={Key:k0} applyOp.command.type=rpc.GetArgs applyOp.ID={0 122} applyOp.index=122; queueed.command={Key:k0} queued.id={0 122} queued.index=122; DoOP.result={Value:{"Id":0,"V":44} Version:45 Err:OK} DoOP.result.type=rpc.GetReply
2026/05/03 01:59:03 RSM node0: Submit received result for op.ID={0 122} queued.CommandIndex=122: error=OK result={{"Id":0,"V":44} 45 OK}
2026/05/03 01:59:03 RSM node0: Start executed for op.ID={0 123} op.command={Key:k0 Value:{"Id":0,"V":45} Version:45}. index=123, term=1, isLeader=true
2026/05/03 01:59:03 RSM node0: Submit enqueued. op.ID={0 123} index=123 term=1 queued.len=1
2026/05/03 01:59:03 RSM node2: READER: applying op. applyOp.ID={0 122} applyOp.index=122 applyOp.command=rpc.GetArgs applyOp.command={Key:k0}
2026/05/03 01:59:03 RSM node1: READER: applying op. applyOp.ID={0 122} applyOp.index=122 applyOp.command=rpc.GetArgs applyOp.command={Key:k0}
2026/05/03 01:59:03 RSM node0: READER: applying op. applyOp.ID={0 123} applyOp.index=123 applyOp.command=rpc.PutArgs applyOp.command={Key:k0 Value:{"Id":0,"V":45} Version:45}
2026/05/03 01:59:03 RSM node0: READER: dequeuing matched submit. applyOp.ID={0 123} index=123 queued.id={0 123} queued.index=123 queued.len(after)=0
2026/05/03 01:59:03 RSM node0: READER: sending OK response. applyOp.command={Key:k0 Value:{"Id":0,"V":45} Version:45} applyOp.command.type=rpc.PutArgs applyOp.ID={0 123} applyOp.index=123; queueed.command={Key:k0 Value:{"Id":0,"V":45} Version:45} queued.id={0 123} queued.index=123; DoOP.result={Err:OK} DoOP.result.type=rpc.PutReply
2026/05/03 01:59:03 RSM node0: Submit received result for op.ID={0 123} queued.CommandIndex=123: error=OK result={OK}
2026/05/03 01:59:03 RSM node0: Start executed for op.ID={0 2} op.command={Shard:3 State:[15 255 163 4 1 2 255 164 0 1 12 1 255 162 0 0 34 255 161 3 1 2 255 162 0 1 2 1 5 86 97 108 117 101 1 12 0 1 7 86 101 114 115 105 111 110 1 6 0 0 0 4 255 164 0 0] Num:5}. index=1, term=2, isLeader=true
2026/05/03 01:59:03 RSM node0: Submit enqueued. op.ID={0 2} index=1 term=2 queued.len=1
2026/05/03 01:59:03 RSM node0: READER: applying op. applyOp.ID={0 2} applyOp.index=1 applyOp.command=shardrpc.InstallShardArgs applyOp.command={Shard:3 State:[15 255 163 4 1 2 255 164 0 1 12 1 255 162 0 0 34 255 161 3 1 2 255 162 0 1 2 1 5 86 97 108 117 101 1 12 0 1 7 86 101 114 115 105 111 110 1 6 0 0 0 4 255 164 0 0] Num:5}
2026/05/03 01:59:03 RSM node0: READER: dequeuing matched submit. applyOp.ID={0 2} index=1 queued.id={0 2} queued.index=1 queued.len(after)=0
2026/05/03 01:59:03 RSM node0: Submit received result for op.ID={0 2} queued.CommandIndex=1: error=OK result={OK}
2026/05/03 01:59:03 RSM node0: READER: sending OK response. applyOp.command={Shard:3 State:[15 255 163 4 1 2 255 164 0 1 12 1 255 162 0 0 34 255 161 3 1 2 255 162 0 1 2 1 5 86 97 108 117 101 1 12 0 1 7 86 101 114 115 105 111 110 1 6 0 0 0 4 255 164 0 0] Num:5} applyOp.command.type=shardrpc.InstallShardArgs applyOp.ID={0 2} applyOp.index=1; queueed.command={Shard:3 State:[15 255 163 4 1 2 255 164 0 1 12 1 255 162 0 0 34 255 161 3 1 2 255 162 0 1 2 1 5 86 97 108 117 101 1 12 0 1 7 86 101 114 115 105 111 110 1 6 0 0 0 4 255 164 0 0] Num:5} queued.id={0 2} queued.index=1; DoOP.result={Err:OK} DoOP.result.type=shardrpc.InstallShardReply
2026/05/03 01:59:03 RSM node0: Start executed for op.ID={0 15} op.command={Shard:3 Num:5}. index=15, term=2, isLeader=true
2026/05/03 01:59:03 RSM node0: Submit enqueued. op.ID={0 15} index=15 term=2 queued.len=1
2026/05/03 01:59:03 RSM node0: READER: applying op. applyOp.ID={0 15} applyOp.index=15 applyOp.command=shardrpc.DeleteShardArgs applyOp.command={Shard:3 Num:5}
2026/05/03 01:59:03 RSM node0: READER: dequeuing matched submit. applyOp.ID={0 15} index=15 queued.id={0 15} queued.index=15 queued.len(after)=0
2026/05/03 01:59:03 RSM node0: READER: sending OK response. applyOp.command={Shard:3 Num:5} applyOp.command.type=shardrpc.DeleteShardArgs applyOp.ID={0 15} applyOp.index=15; queueed.command={Shard:3 Num:5} queued.id={0 15} queued.index=15; DoOP.result={Err:OK} DoOP.result.type=shardrpc.DeleteShardReply
2026/05/03 01:59:03 RSM node0: Submit received result for op.ID={0 15} queued.CommandIndex=15: error=OK result={OK}
2026/05/03 01:59:03 RSM node0: Start executed for op.ID={0 124} op.command={Key:k0}. index=124, term=1, isLeader=true
2026/05/03 01:59:03 RSM node0: Submit enqueued. op.ID={0 124} index=124 term=1 queued.len=1
2026/05/03 01:59:03 RSM node1: READER: applying op. applyOp.ID={0 123} applyOp.index=123 applyOp.command=rpc.PutArgs applyOp.command={Key:k0 Value:{"Id":0,"V":45} Version:45}
2026/05/03 01:59:03 RSM node2: READER: applying op. applyOp.ID={0 123} applyOp.index=123 applyOp.command=rpc.PutArgs applyOp.command={Key:k0 Value:{"Id":0,"V":45} Version:45}
2026/05/03 01:59:03 RSM node0: Start executed for op.ID={0 125} op.command={Shard:9 Num:5}. index=125, term=1, isLeader=true
2026/05/03 01:59:03 RSM node0: Submit enqueued. op.ID={0 125} index=125 term=1 queued.len=2
2026/05/03 01:59:03 RSM node2: READER: applying op. applyOp.ID={0 15} applyOp.index=15 applyOp.command=shardrpc.DeleteShardArgs applyOp.command={Shard:3 Num:5}
2026/05/03 01:59:03 RSM node0: READER: applying op. applyOp.ID={0 124} applyOp.index=124 applyOp.command=rpc.GetArgs applyOp.command={Key:k0}
2026/05/03 01:59:03 RSM node0: READER: dequeuing matched submit. applyOp.ID={0 124} index=124 queued.id={0 124} queued.index=124 queued.len(after)=1
2026/05/03 01:59:03 RSM node0: READER: sending OK response. applyOp.command={Key:k0} applyOp.command.type=rpc.GetArgs applyOp.ID={0 124} applyOp.index=124; queueed.command={Key:k0} queued.id={0 124} queued.index=124; DoOP.result={Value:{"Id":0,"V":45} Version:46 Err:OK} DoOP.result.type=rpc.GetReply
2026/05/03 01:59:03 RSM node0: Submit received result for op.ID={0 124} queued.CommandIndex=124: error=OK result={{"Id":0,"V":45} 46 OK}
2026/05/03 01:59:03 RSM node2: READER: applying op. applyOp.ID={0 124} applyOp.index=124 applyOp.command=rpc.GetArgs applyOp.command={Key:k0}
2026/05/03 01:59:03 RSM node0: READER: applying op. applyOp.ID={0 125} applyOp.index=125 applyOp.command=shardrpc.FreezeShardArgs applyOp.command={Shard:9 Num:5}
2026/05/03 01:59:03 RSM node0: READER: dequeuing matched submit. applyOp.ID={0 125} index=125 queued.id={0 125} queued.index=125 queued.len(after)=0
2026/05/03 01:59:03 RSM node0: READER: sending OK response. applyOp.command={Shard:9 Num:5} applyOp.command.type=shardrpc.FreezeShardArgs applyOp.ID={0 125} applyOp.index=125; queueed.command={Shard:9 Num:5} queued.id={0 125} queued.index=125; DoOP.result={State:[15 255 167 4 1 2 255 168 0 1 12 1 255 166 0 0 34 255 165 3 1 2 255 166 0 1 2 1 5 86 97 108 117 101 1 12 0 1 7 86 101 114 115 105 111 110 1 6 0 0 0 4 255 168 0 0] Num:5 Err:OK} DoOP.result.type=shardrpc.FreezeShardReply
2026/05/03 01:59:03 RSM node0: Submit received result for op.ID={0 125} queued.CommandIndex=125: error=OK result={[15 255 167 4 1 2 255 168 0 1 12 1 255 166 0 0 34 255 165 3 1 2 255 166 0 1 2 1 5 86 97 108 117 101 1 12 0 1 7 86 101 114 115 105 111 110 1 6 0 0 0 4 255 168 0 0] 5 OK}
2026/05/03 01:59:03 RSM node2: READER: applying op. applyOp.ID={0 2} applyOp.index=1 applyOp.command=shardrpc.InstallShardArgs applyOp.command={Shard:3 State:[15 255 163 4 1 2 255 164 0 1 12 1 255 162 0 0 34 255 161 3 1 2 255 162 0 1 2 1 5 86 97 108 117 101 1 12 0 1 7 86 101 114 115 105 111 110 1 6 0 0 0 4 255 164 0 0] Num:5}
2026/05/03 01:59:03 RSM node1: READER: applying op. applyOp.ID={0 124} applyOp.index=124 applyOp.command=rpc.GetArgs applyOp.command={Key:k0}
2026/05/03 01:59:03 RSM node1: READER: applying op. applyOp.ID={0 2} applyOp.index=1 applyOp.command=shardrpc.InstallShardArgs applyOp.command={Shard:3 State:[15 255 163 4 1 2 255 164 0 1 12 1 255 162 0 0 34 255 161 3 1 2 255 162 0 1 2 1 5 86 97 108 117 101 1 12 0 1 7 86 101 114 115 105 111 110 1 6 0 0 0 4 255 164 0 0] Num:5}
2026/05/03 01:59:03 RSM node1: READER: applying op. applyOp.ID={0 15} applyOp.index=15 applyOp.command=shardrpc.DeleteShardArgs applyOp.command={Shard:3 Num:5}
2026/05/03 01:59:03 RSM node0: Start executed for op.ID={0 3} op.command={Shard:9 State:[15 255 167 4 1 2 255 168 0 1 12 1 255 166 0 0 34 255 165 3 1 2 255 166 0 1 2 1 5 86 97 108 117 101 1 12 0 1 7 86 101 114 115 105 111 110 1 6 0 0 0 4 255 168 0 0] Num:5}. index=2, term=2, isLeader=true
2026/05/03 01:59:03 RSM node0: Submit enqueued. op.ID={0 3} index=2 term=2 queued.len=1
2026/05/03 01:59:03 RSM node0: READER: applying op. applyOp.ID={0 3} applyOp.index=2 applyOp.command=shardrpc.InstallShardArgs applyOp.command={Shard:9 State:[15 255 167 4 1 2 255 168 0 1 12 1 255 166 0 0 34 255 165 3 1 2 255 166 0 1 2 1 5 86 97 108 117 101 1 12 0 1 7 86 101 114 115 105 111 110 1 6 0 0 0 4 255 168 0 0] Num:5}
2026/05/03 01:59:03 RSM node0: READER: dequeuing matched submit. applyOp.ID={0 3} index=2 queued.id={0 3} queued.index=2 queued.len(after)=0
2026/05/03 01:59:03 RSM node0: READER: sending OK response. applyOp.command={Shard:9 State:[15 255 167 4 1 2 255 168 0 1 12 1 255 166 0 0 34 255 165 3 1 2 255 166 0 1 2 1 5 86 97 108 117 101 1 12 0 1 7 86 101 114 115 105 111 110 1 6 0 0 0 4 255 168 0 0] Num:5} applyOp.command.type=shardrpc.InstallShardArgs applyOp.ID={0 3} applyOp.index=2; queueed.command={Shard:9 State:[15 255 167 4 1 2 255 168 0 1 12 1 255 166 0 0 34 255 165 3 1 2 255 166 0 1 2 1 5 86 97 108 117 101 1 12 0 1 7 86 101 114 115 105 111 110 1 6 0 0 0 4 255 168 0 0] Num:5} queued.id={0 3} queued.index=2; DoOP.result={Err:OK} DoOP.result.type=shardrpc.InstallShardReply
2026/05/03 01:59:03 RSM node0: Submit received result for op.ID={0 3} queued.CommandIndex=2: error=OK result={OK}
2026/05/03 01:59:03 RSM node2: READER: applying op. applyOp.ID={0 125} applyOp.index=125 applyOp.command=shardrpc.FreezeShardArgs applyOp.command={Shard:9 Num:5}
2026/05/03 01:59:03 RSM node1: READER: applying op. applyOp.ID={0 125} applyOp.index=125 applyOp.command=shardrpc.FreezeShardArgs applyOp.command={Shard:9 Num:5}
2026/05/03 01:59:03 RSM node1: READER: applying op. applyOp.ID={0 3} applyOp.index=2 applyOp.command=shardrpc.InstallShardArgs applyOp.command={Shard:9 State:[15 255 167 4 1 2 255 168 0 1 12 1 255 166 0 0 34 255 165 3 1 2 255 166 0 1 2 1 5 86 97 108 117 101 1 12 0 1 7 86 101 114 115 105 111 110 1 6 0 0 0 4 255 168 0 0] Num:5}
2026/05/03 01:59:03 RSM node0: Start executed for op.ID={0 126} op.command={Shard:9 Num:5}. index=126, term=1, isLeader=true
2026/05/03 01:59:03 RSM node0: Submit enqueued. op.ID={0 126} index=126 term=1 queued.len=1
2026/05/03 01:59:03 RSM node0: READER: applying op. applyOp.ID={0 126} applyOp.index=126 applyOp.command=shardrpc.DeleteShardArgs applyOp.command={Shard:9 Num:5}
2026/05/03 01:59:03 RSM node0: READER: dequeuing matched submit. applyOp.ID={0 126} index=126 queued.id={0 126} queued.index=126 queued.len(after)=0
2026/05/03 01:59:03 RSM node0: READER: sending OK response. applyOp.command={Shard:9 Num:5} applyOp.command.type=shardrpc.DeleteShardArgs applyOp.ID={0 126} applyOp.index=126; queueed.command={Shard:9 Num:5} queued.id={0 126} queued.index=126; DoOP.result={Err:OK} DoOP.result.type=shardrpc.DeleteShardReply
2026/05/03 01:59:03 RSM node0: Submit received result for op.ID={0 126} queued.CommandIndex=126: error=OK result={OK}
2026/05/03 01:59:03 RSM node2: READER: applying op. applyOp.ID={0 126} applyOp.index=126 applyOp.command=shardrpc.DeleteShardArgs applyOp.command={Shard:9 Num:5}
2026/05/03 01:59:03 RSM node1: READER: applying op. applyOp.ID={0 126} applyOp.index=126 applyOp.command=shardrpc.DeleteShardArgs applyOp.command={Shard:9 Num:5}
2026/05/03 01:59:03 RSM node2: READER: applying op. applyOp.ID={0 3} applyOp.index=2 applyOp.command=shardrpc.InstallShardArgs applyOp.command={Shard:9 State:[15 255 167 4 1 2 255 168 0 1 12 1 255 166 0 0 34 255 165 3 1 2 255 166 0 1 2 1 5 86 97 108 117 101 1 12 0 1 7 86 101 114 115 105 111 110 1 6 0 0 0 4 255 168 0 0] Num:5}
2026/05/03 01:59:03 RSM node1: Start executed for op.ID={1 24} op.command={Key:k0 Value:{"Id":0,"V":46} Version:46}. index=-1, term=1, isLeader=false
2026/05/03 01:59:03 RSM node2: Start executed for op.ID={2 23} op.command={Key:k0 Value:{"Id":0,"V":46} Version:46}. index=-1, term=1, isLeader=false
2026/05/03 01:59:03 RSM node0: Start executed for op.ID={0 127} op.command={Key:k0 Value:{"Id":0,"V":46} Version:46}. index=127, term=1, isLeader=true
2026/05/03 01:59:03 RSM node0: Submit enqueued. op.ID={0 127} index=127 term=1 queued.len=1
2026/05/03 01:59:03 RSM node0: READER: applying op. applyOp.ID={0 127} applyOp.index=127 applyOp.command=rpc.PutArgs applyOp.command={Key:k0 Value:{"Id":0,"V":46} Version:46}
2026/05/03 01:59:03 RSM node0: READER: dequeuing matched submit. applyOp.ID={0 127} index=127 queued.id={0 127} queued.index=127 queued.len(after)=0
2026/05/03 01:59:03 RSM node0: READER: sending OK response. applyOp.command={Key:k0 Value:{"Id":0,"V":46} Version:46} applyOp.command.type=rpc.PutArgs applyOp.ID={0 127} applyOp.index=127; queueed.command={Key:k0 Value:{"Id":0,"V":46} Version:46} queued.id={0 127} queued.index=127; DoOP.result={Err:OK} DoOP.result.type=rpc.PutReply
2026/05/03 01:59:03 RSM node0: Submit received result for op.ID={0 127} queued.CommandIndex=127: error=OK result={OK}
2026/05/03 01:59:03 RSM node1: READER: applying op. applyOp.ID={0 127} applyOp.index=127 applyOp.command=rpc.PutArgs applyOp.command={Key:k0 Value:{"Id":0,"V":46} Version:46}
2026/05/03 01:59:03 RSM node0: Start executed for op.ID={0 128} op.command={Key:k0}. index=128, term=1, isLeader=true
2026/05/03 01:59:03 RSM node0: Submit enqueued. op.ID={0 128} index=128 term=1 queued.len=1
2026/05/03 01:59:03 RSM node2: READER: applying op. applyOp.ID={0 127} applyOp.index=127 applyOp.command=rpc.PutArgs applyOp.command={Key:k0 Value:{"Id":0,"V":46} Version:46}
2026/05/03 01:59:03 RSM node0: READER: applying op. applyOp.ID={0 128} applyOp.index=128 applyOp.command=rpc.GetArgs applyOp.command={Key:k0}
2026/05/03 01:59:03 RSM node0: READER: dequeuing matched submit. applyOp.ID={0 128} index=128 queued.id={0 128} queued.index=128 queued.len(after)=0
2026/05/03 01:59:03 RSM node0: READER: sending OK response. applyOp.command={Key:k0} applyOp.command.type=rpc.GetArgs applyOp.ID={0 128} applyOp.index=128; queueed.command={Key:k0} queued.id={0 128} queued.index=128; DoOP.result={Value:{"Id":0,"V":46} Version:47 Err:OK} DoOP.result.type=rpc.GetReply
2026/05/03 01:59:03 RSM node0: Submit received result for op.ID={0 128} queued.CommandIndex=128: error=OK result={{"Id":0,"V":46} 47 OK}
2026/05/03 01:59:03 RSM node0: Start executed for op.ID={0 129} op.command={Key:k0 Value:{"Id":0,"V":47} Version:47}. index=129, term=1, isLeader=true
2026/05/03 01:59:03 RSM node0: Submit enqueued. op.ID={0 129} index=129 term=1 queued.len=1
2026/05/03 01:59:03 RSM node2: READER: applying op. applyOp.ID={0 128} applyOp.index=128 applyOp.command=rpc.GetArgs applyOp.command={Key:k0}
2026/05/03 01:59:03 RSM node1: READER: applying op. applyOp.ID={0 128} applyOp.index=128 applyOp.command=rpc.GetArgs applyOp.command={Key:k0}
2026/05/03 01:59:03 RSM node0: Start executed for op.ID={0 4} op.command={Shard:0 Num:6}. index=4, term=2, isLeader=true
2026/05/03 01:59:03 RSM node0: Submit enqueued. op.ID={0 4} index=4 term=2 queued.len=1
2026/05/03 01:59:03 RSM node0: READER: applying op. applyOp.ID={0 129} applyOp.index=129 applyOp.command=rpc.PutArgs applyOp.command={Key:k0 Value:{"Id":0,"V":47} Version:47}
2026/05/03 01:59:03 RSM node0: READER: dequeuing matched submit. applyOp.ID={0 129} index=129 queued.id={0 129} queued.index=129 queued.len(after)=0
2026/05/03 01:59:03 RSM node0: READER: sending OK response. applyOp.command={Key:k0 Value:{"Id":0,"V":47} Version:47} applyOp.command.type=rpc.PutArgs applyOp.ID={0 129} applyOp.index=129; queueed.command={Key:k0 Value:{"Id":0,"V":47} Version:47} queued.id={0 129} queued.index=129; DoOP.result={Err:OK} DoOP.result.type=rpc.PutReply
2026/05/03 01:59:03 RSM node0: Submit received result for op.ID={0 129} queued.CommandIndex=129: error=OK result={OK}
2026/05/03 01:59:03 RSM node0: READER: applying op. applyOp.ID={0 4} applyOp.index=4 applyOp.command=shardrpc.FreezeShardArgs applyOp.command={Shard:0 Num:6}
2026/05/03 01:59:03 RSM node0: READER: dequeuing matched submit. applyOp.ID={0 4} index=4 queued.id={0 4} queued.index=4 queued.len(after)=0
2026/05/03 01:59:03 RSM node0: READER: sending OK response. applyOp.command={Shard:0 Num:6} applyOp.command.type=shardrpc.FreezeShardArgs applyOp.ID={0 4} applyOp.index=4; queueed.command={Shard:0 Num:6} queued.id={0 4} queued.index=4; DoOP.result={State:[15 255 163 4 1 2 255 164 0 1 12 1 255 162 0 0 34 255 161 3 1 2 255 162 0 1 2 1 5 86 97 108 117 101 1 12 0 1 7 86 101 114 115 105 111 110 1 6 0 0 0 4 255 164 0 0] Num:6 Err:OK} DoOP.result.type=shardrpc.FreezeShardReply
2026/05/03 01:59:03 RSM node0: Submit received result for op.ID={0 4} queued.CommandIndex=4: error=OK result={[15 255 163 4 1 2 255 164 0 1 12 1 255 162 0 0 34 255 161 3 1 2 255 162 0 1 2 1 5 86 97 108 117 101 1 12 0 1 7 86 101 114 115 105 111 110 1 6 0 0 0 4 255 164 0 0] 6 OK}
2026/05/03 01:59:03 RSM node0: Start executed for op.ID={0 1} op.command={Shard:0 State:[15 255 163 4 1 2 255 164 0 1 12 1 255 162 0 0 34 255 161 3 1 2 255 162 0 1 2 1 5 86 97 108 117 101 1 12 0 1 7 86 101 114 115 105 111 110 1 6 0 0 0 4 255 164 0 0] Num:6}. index=1, term=1, isLeader=true
2026/05/03 01:59:03 RSM node0: Submit enqueued. op.ID={0 1} index=1 term=1 queued.len=1
2026/05/03 01:59:03 RSM node0: Start executed for op.ID={0 130} op.command={Key:k0}. index=130, term=1, isLeader=true
2026/05/03 01:59:03 RSM node0: Submit enqueued. op.ID={0 130} index=130 term=1 queued.len=1
2026/05/03 01:59:03 RSM node0: READER: applying op. applyOp.ID={0 1} applyOp.index=1 applyOp.command=shardrpc.InstallShardArgs applyOp.command={Shard:0 State:[15 255 163 4 1 2 255 164 0 1 12 1 255 162 0 0 34 255 161 3 1 2 255 162 0 1 2 1 5 86 97 108 117 101 1 12 0 1 7 86 101 114 115 105 111 110 1 6 0 0 0 4 255 164 0 0] Num:6}
2026/05/03 01:59:03 RSM node0: READER: dequeuing matched submit. applyOp.ID={0 1} index=1 queued.id={0 1} queued.index=1 queued.len(after)=0
2026/05/03 01:59:03 RSM node0: READER: sending OK response. applyOp.command={Shard:0 State:[15 255 163 4 1 2 255 164 0 1 12 1 255 162 0 0 34 255 161 3 1 2 255 162 0 1 2 1 5 86 97 108 117 101 1 12 0 1 7 86 101 114 115 105 111 110 1 6 0 0 0 4 255 164 0 0] Num:6} applyOp.command.type=shardrpc.InstallShardArgs applyOp.ID={0 1} applyOp.index=1; queueed.command={Shard:0 State:[15 255 163 4 1 2 255 164 0 1 12 1 255 162 0 0 34 255 161 3 1 2 255 162 0 1 2 1 5 86 97 108 117 101 1 12 0 1 7 86 101 114 115 105 111 110 1 6 0 0 0 4 255 164 0 0] Num:6} queued.id={0 1} queued.index=1; DoOP.result={Err:OK} DoOP.result.type=shardrpc.InstallShardReply
2026/05/03 01:59:03 RSM node0: Submit received result for op.ID={0 1} queued.CommandIndex=1: error=OK result={OK}
2026/05/03 01:59:03 RSM node2: READER: applying op. applyOp.ID={0 4} applyOp.index=4 applyOp.command=shardrpc.FreezeShardArgs applyOp.command={Shard:0 Num:6}
2026/05/03 01:59:03 RSM node2: READER: applying op. applyOp.ID={0 129} applyOp.index=129 applyOp.command=rpc.PutArgs applyOp.command={Key:k0 Value:{"Id":0,"V":47} Version:47}
2026/05/03 01:59:03 RSM node1: READER: applying op. applyOp.ID={0 129} applyOp.index=129 applyOp.command=rpc.PutArgs applyOp.command={Key:k0 Value:{"Id":0,"V":47} Version:47}
2026/05/03 01:59:03 RSM node0: READER: applying op. applyOp.ID={0 130} applyOp.index=130 applyOp.command=rpc.GetArgs applyOp.command={Key:k0}
2026/05/03 01:59:03 RSM node0: READER: dequeuing matched submit. applyOp.ID={0 130} index=130 queued.id={0 130} queued.index=130 queued.len(after)=0
2026/05/03 01:59:03 RSM node0: READER: sending OK response. applyOp.command={Key:k0} applyOp.command.type=rpc.GetArgs applyOp.ID={0 130} applyOp.index=130; queueed.command={Key:k0} queued.id={0 130} queued.index=130; DoOP.result={Value:{"Id":0,"V":47} Version:48 Err:OK} DoOP.result.type=rpc.GetReply
2026/05/03 01:59:03 RSM node0: Submit received result for op.ID={0 130} queued.CommandIndex=130: error=OK result={{"Id":0,"V":47} 48 OK}
2026/05/03 01:59:03 RSM node1: READER: applying op. applyOp.ID={0 4} applyOp.index=4 applyOp.command=shardrpc.FreezeShardArgs applyOp.command={Shard:0 Num:6}
2026/05/03 01:59:03 RSM node0: Start executed for op.ID={0 5} op.command={Shard:0 Num:6}. index=5, term=2, isLeader=true
2026/05/03 01:59:03 RSM node0: Submit enqueued. op.ID={0 5} index=5 term=2 queued.len=1
2026/05/03 01:59:03 RSM node0: READER: applying op. applyOp.ID={0 5} applyOp.index=5 applyOp.command=shardrpc.DeleteShardArgs applyOp.command={Shard:0 Num:6}
2026/05/03 01:59:03 RSM node0: READER: dequeuing matched submit. applyOp.ID={0 5} index=5 queued.id={0 5} queued.index=5 queued.len(after)=0
2026/05/03 01:59:03 RSM node0: READER: sending OK response. applyOp.command={Shard:0 Num:6} applyOp.command.type=shardrpc.DeleteShardArgs applyOp.ID={0 5} applyOp.index=5; queueed.command={Shard:0 Num:6} queued.id={0 5} queued.index=5; DoOP.result={Err:OK} DoOP.result.type=shardrpc.DeleteShardReply
2026/05/03 01:59:03 RSM node0: Submit received result for op.ID={0 5} queued.CommandIndex=5: error=OK result={OK}
2026/05/03 01:59:03 RSM node1: READER: applying op. applyOp.ID={0 1} applyOp.index=1 applyOp.command=shardrpc.InstallShardArgs applyOp.command={Shard:0 State:[15 255 163 4 1 2 255 164 0 1 12 1 255 162 0 0 34 255 161 3 1 2 255 162 0 1 2 1 5 86 97 108 117 101 1 12 0 1 7 86 101 114 115 105 111 110 1 6 0 0 0 4 255 164 0 0] Num:6}
2026/05/03 01:59:03 RSM node2: READER: applying op. applyOp.ID={0 1} applyOp.index=1 applyOp.command=shardrpc.InstallShardArgs applyOp.command={Shard:0 State:[15 255 163 4 1 2 255 164 0 1 12 1 255 162 0 0 34 255 161 3 1 2 255 162 0 1 2 1 5 86 97 108 117 101 1 12 0 1 7 86 101 114 115 105 111 110 1 6 0 0 0 4 255 164 0 0] Num:6}
2026/05/03 01:59:03 RSM node2: READER: applying op. applyOp.ID={0 5} applyOp.index=5 applyOp.command=shardrpc.DeleteShardArgs applyOp.command={Shard:0 Num:6}
2026/05/03 01:59:03 RSM node1: READER: applying op. applyOp.ID={0 130} applyOp.index=130 applyOp.command=rpc.GetArgs applyOp.command={Key:k0}
2026/05/03 01:59:03 RSM node0: Start executed for op.ID={0 131} op.command={Key:k0 Value:{"Id":0,"V":48} Version:48}. index=131, term=1, isLeader=true
2026/05/03 01:59:03 RSM node0: Submit enqueued. op.ID={0 131} index=131 term=1 queued.len=1
2026/05/03 01:59:04 RSM node1: READER: applying op. applyOp.ID={0 5} applyOp.index=5 applyOp.command=shardrpc.DeleteShardArgs applyOp.command={Shard:0 Num:6}
2026/05/03 01:59:04 RSM node2: READER: applying op. applyOp.ID={0 130} applyOp.index=130 applyOp.command=rpc.GetArgs applyOp.command={Key:k0}
2026/05/03 01:59:04 RSM node0: READER: applying op. applyOp.ID={0 131} applyOp.index=131 applyOp.command=rpc.PutArgs applyOp.command={Key:k0 Value:{"Id":0,"V":48} Version:48}
2026/05/03 01:59:04 RSM node0: READER: dequeuing matched submit. applyOp.ID={0 131} index=131 queued.id={0 131} queued.index=131 queued.len(after)=0
2026/05/03 01:59:04 RSM node0: READER: sending OK response. applyOp.command={Key:k0 Value:{"Id":0,"V":48} Version:48} applyOp.command.type=rpc.PutArgs applyOp.ID={0 131} applyOp.index=131; queueed.command={Key:k0 Value:{"Id":0,"V":48} Version:48} queued.id={0 131} queued.index=131; DoOP.result={Err:OK} DoOP.result.type=rpc.PutReply
2026/05/03 01:59:04 RSM node0: Submit received result for op.ID={0 131} queued.CommandIndex=131: error=OK result={OK}
2026/05/03 01:59:04 RSM node1: READER: applying op. applyOp.ID={0 131} applyOp.index=131 applyOp.command=rpc.PutArgs applyOp.command={Key:k0 Value:{"Id":0,"V":48} Version:48}
2026/05/03 01:59:04 RSM node0: Start executed for op.ID={0 132} op.command={Key:k0}. index=132, term=1, isLeader=true
2026/05/03 01:59:04 RSM node0: Submit enqueued. op.ID={0 132} index=132 term=1 queued.len=1
2026/05/03 01:59:04 RSM node2: READER: applying op. applyOp.ID={0 131} applyOp.index=131 applyOp.command=rpc.PutArgs applyOp.command={Key:k0 Value:{"Id":0,"V":48} Version:48}
2026/05/03 01:59:04 RSM node0: READER: applying op. applyOp.ID={0 132} applyOp.index=132 applyOp.command=rpc.GetArgs applyOp.command={Key:k0}
2026/05/03 01:59:04 RSM node0: READER: dequeuing matched submit. applyOp.ID={0 132} index=132 queued.id={0 132} queued.index=132 queued.len(after)=0
2026/05/03 01:59:04 RSM node0: READER: sending OK response. applyOp.command={Key:k0} applyOp.command.type=rpc.GetArgs applyOp.ID={0 132} applyOp.index=132; queueed.command={Key:k0} queued.id={0 132} queued.index=132; DoOP.result={Value:{"Id":0,"V":48} Version:49 Err:OK} DoOP.result.type=rpc.GetReply
2026/05/03 01:59:04 RSM node0: Submit received result for op.ID={0 132} queued.CommandIndex=132: error=OK result={{"Id":0,"V":48} 49 OK}
2026/05/03 01:59:04 RSM node1: Start executed for op.ID={1 2} op.command={Shard:1 Num:6}. index=-1, term=1, isLeader=false
2026/05/03 01:59:04 RSM node2: READER: applying op. applyOp.ID={0 132} applyOp.index=132 applyOp.command=rpc.GetArgs applyOp.command={Key:k0}
2026/05/03 01:59:04 RSM node0: Start executed for op.ID={0 133} op.command={Key:k0 Value:{"Id":0,"V":49} Version:49}. index=133, term=1, isLeader=true
2026/05/03 01:59:04 RSM node0: Submit enqueued. op.ID={0 133} index=133 term=1 queued.len=1
2026/05/03 01:59:04 RSM node1: READER: applying op. applyOp.ID={0 132} applyOp.index=132 applyOp.command=rpc.GetArgs applyOp.command={Key:k0}
2026/05/03 01:59:04 RSM node0: READER: applying op. applyOp.ID={0 133} applyOp.index=133 applyOp.command=rpc.PutArgs applyOp.command={Key:k0 Value:{"Id":0,"V":49} Version:49}
2026/05/03 01:59:04 RSM node0: READER: dequeuing matched submit. applyOp.ID={0 133} index=133 queued.id={0 133} queued.index=133 queued.len(after)=0
2026/05/03 01:59:04 RSM node0: READER: sending OK response. applyOp.command={Key:k0 Value:{"Id":0,"V":49} Version:49} applyOp.command.type=rpc.PutArgs applyOp.ID={0 133} applyOp.index=133; queueed.command={Key:k0 Value:{"Id":0,"V":49} Version:49} queued.id={0 133} queued.index=133; DoOP.result={Err:OK} DoOP.result.type=rpc.PutReply
2026/05/03 01:59:04 RSM node0: Submit received result for op.ID={0 133} queued.CommandIndex=133: error=OK result={OK}
2026/05/03 01:59:04 RSM node2: READER: applying op. applyOp.ID={0 133} applyOp.index=133 applyOp.command=rpc.PutArgs applyOp.command={Key:k0 Value:{"Id":0,"V":49} Version:49}
2026/05/03 01:59:04 RSM node1: READER: applying op. applyOp.ID={0 133} applyOp.index=133 applyOp.command=rpc.PutArgs applyOp.command={Key:k0 Value:{"Id":0,"V":49} Version:49}
2026/05/03 01:59:04 RSM node2: Start executed for op.ID={2 1} op.command={Shard:1 Num:6}. index=-1, term=1, isLeader=false
2026/05/03 01:59:04 RSM node1: Start executed for op.ID={1 25} op.command={Key:k0 Value:{"Id":0,"V":49} Version:49}. index=-1, term=1, isLeader=false
2026/05/03 01:59:04 RSM node0: Start executed for op.ID={0 7} op.command={Shard:1 Num:6}. index=7, term=1, isLeader=true
2026/05/03 01:59:04 RSM node0: Submit enqueued. op.ID={0 7} index=7 term=1 queued.len=1
2026/05/03 01:59:04 RSM node0: READER: applying op. applyOp.ID={0 7} applyOp.index=7 applyOp.command=shardrpc.FreezeShardArgs applyOp.command={Shard:1 Num:6}
2026/05/03 01:59:04 RSM node0: READER: dequeuing matched submit. applyOp.ID={0 7} index=7 queued.id={0 7} queued.index=7 queued.len(after)=0
2026/05/03 01:59:04 RSM node0: READER: sending OK response. applyOp.command={Shard:1 Num:6} applyOp.command.type=shardrpc.FreezeShardArgs applyOp.ID={0 7} applyOp.index=7; queueed.command={Shard:1 Num:6} queued.id={0 7} queued.index=7; DoOP.result={State:[15 255 163 4 1 2 255 164 0 1 12 1 255 162 0 0 34 255 161 3 1 2 255 162 0 1 2 1 5 86 97 108 117 101 1 12 0 1 7 86 101 114 115 105 111 110 1 6 0 0 0 4 255 164 0 0] Num:6 Err:OK} DoOP.result.type=shardrpc.FreezeShardReply
2026/05/03 01:59:04 RSM node0: Submit received result for op.ID={0 7} queued.CommandIndex=7: error=OK result={[15 255 163 4 1 2 255 164 0 1 12 1 255 162 0 0 34 255 161 3 1 2 255 162 0 1 2 1 5 86 97 108 117 101 1 12 0 1 7 86 101 114 115 105 111 110 1 6 0 0 0 4 255 164 0 0] 6 OK}
2026/05/03 01:59:04 RSM node0: Start executed for op.ID={0 2} op.command={Shard:1 State:[15 255 163 4 1 2 255 164 0 1 12 1 255 162 0 0 34 255 161 3 1 2 255 162 0 1 2 1 5 86 97 108 117 101 1 12 0 1 7 86 101 114 115 105 111 110 1 6 0 0 0 4 255 164 0 0] Num:6}. index=2, term=1, isLeader=true
2026/05/03 01:59:04 RSM node0: Submit enqueued. op.ID={0 2} index=2 term=1 queued.len=1
2026/05/03 01:59:04 RSM node2: Start executed for op.ID={2 24} op.command={Key:k0 Value:{"Id":0,"V":49} Version:49}. index=-1, term=1, isLeader=false
2026/05/03 01:59:04 RSM node0: READER: applying op. applyOp.ID={0 2} applyOp.index=2 applyOp.command=shardrpc.InstallShardArgs applyOp.command={Shard:1 State:[15 255 163 4 1 2 255 164 0 1 12 1 255 162 0 0 34 255 161 3 1 2 255 162 0 1 2 1 5 86 97 108 117 101 1 12 0 1 7 86 101 114 115 105 111 110 1 6 0 0 0 4 255 164 0 0] Num:6}
2026/05/03 01:59:04 RSM node0: READER: dequeuing matched submit. applyOp.ID={0 2} index=2 queued.id={0 2} queued.index=2 queued.len(after)=0
2026/05/03 01:59:04 RSM node0: READER: sending OK response. applyOp.command={Shard:1 State:[15 255 163 4 1 2 255 164 0 1 12 1 255 162 0 0 34 255 161 3 1 2 255 162 0 1 2 1 5 86 97 108 117 101 1 12 0 1 7 86 101 114 115 105 111 110 1 6 0 0 0 4 255 164 0 0] Num:6} applyOp.command.type=shardrpc.InstallShardArgs applyOp.ID={0 2} applyOp.index=2; queueed.command={Shard:1 State:[15 255 163 4 1 2 255 164 0 1 12 1 255 162 0 0 34 255 161 3 1 2 255 162 0 1 2 1 5 86 97 108 117 101 1 12 0 1 7 86 101 114 115 105 111 110 1 6 0 0 0 4 255 164 0 0] Num:6} queued.id={0 2} queued.index=2; DoOP.result={Err:OK} DoOP.result.type=shardrpc.InstallShardReply
2026/05/03 01:59:04 RSM node0: Submit received result for op.ID={0 2} queued.CommandIndex=2: error=OK result={OK}
2026/05/03 01:59:04 RSM node2: READER: applying op. applyOp.ID={0 7} applyOp.index=7 applyOp.command=shardrpc.FreezeShardArgs applyOp.command={Shard:1 Num:6}
2026/05/03 01:59:04 RSM node1: READER: applying op. applyOp.ID={0 7} applyOp.index=7 applyOp.command=shardrpc.FreezeShardArgs applyOp.command={Shard:1 Num:6}
2026/05/03 01:59:04 RSM node0: Start executed for op.ID={0 8} op.command={Shard:1 Num:6}. index=8, term=1, isLeader=true
2026/05/03 01:59:04 RSM node0: Submit enqueued. op.ID={0 8} index=8 term=1 queued.len=1
2026/05/03 01:59:04 RSM node0: READER: applying op. applyOp.ID={0 8} applyOp.index=8 applyOp.command=shardrpc.DeleteShardArgs applyOp.command={Shard:1 Num:6}
2026/05/03 01:59:04 RSM node0: READER: dequeuing matched submit. applyOp.ID={0 8} index=8 queued.id={0 8} queued.index=8 queued.len(after)=0
2026/05/03 01:59:04 RSM node0: READER: sending OK response. applyOp.command={Shard:1 Num:6} applyOp.command.type=shardrpc.DeleteShardArgs applyOp.ID={0 8} applyOp.index=8; queueed.command={Shard:1 Num:6} queued.id={0 8} queued.index=8; DoOP.result={Err:OK} DoOP.result.type=shardrpc.DeleteShardReply
2026/05/03 01:59:04 RSM node0: Submit received result for op.ID={0 8} queued.CommandIndex=8: error=OK result={OK}
2026/05/03 01:59:04 RSM node1: READER: applying op. applyOp.ID={0 8} applyOp.index=8 applyOp.command=shardrpc.DeleteShardArgs applyOp.command={Shard:1 Num:6}
2026/05/03 01:59:04 RSM node2: READER: applying op. applyOp.ID={0 8} applyOp.index=8 applyOp.command=shardrpc.DeleteShardArgs applyOp.command={Shard:1 Num:6}
2026/05/03 01:59:04 RSM node2: READER: applying op. applyOp.ID={0 2} applyOp.index=2 applyOp.command=shardrpc.InstallShardArgs applyOp.command={Shard:1 State:[15 255 163 4 1 2 255 164 0 1 12 1 255 162 0 0 34 255 161 3 1 2 255 162 0 1 2 1 5 86 97 108 117 101 1 12 0 1 7 86 101 114 115 105 111 110 1 6 0 0 0 4 255 164 0 0] Num:6}
2026/05/03 01:59:04 RSM node0: Start executed for op.ID={0 134} op.command={Key:k0 Value:{"Id":0,"V":49} Version:49}. index=134, term=1, isLeader=true
2026/05/03 01:59:04 RSM node0: Submit enqueued. op.ID={0 134} index=134 term=1 queued.len=1
2026/05/03 01:59:04 RSM node1: READER: applying op. applyOp.ID={0 2} applyOp.index=2 applyOp.command=shardrpc.InstallShardArgs applyOp.command={Shard:1 State:[15 255 163 4 1 2 255 164 0 1 12 1 255 162 0 0 34 255 161 3 1 2 255 162 0 1 2 1 5 86 97 108 117 101 1 12 0 1 7 86 101 114 115 105 111 110 1 6 0 0 0 4 255 164 0 0] Num:6}
2026/05/03 01:59:04 RSM node0: READER: applying op. applyOp.ID={0 134} applyOp.index=134 applyOp.command=rpc.PutArgs applyOp.command={Key:k0 Value:{"Id":0,"V":49} Version:49}
2026/05/03 01:59:04 RSM node0: READER: dequeuing matched submit. applyOp.ID={0 134} index=134 queued.id={0 134} queued.index=134 queued.len(after)=0
2026/05/03 01:59:04 RSM node0: READER: sending OK response. applyOp.command={Key:k0 Value:{"Id":0,"V":49} Version:49} applyOp.command.type=rpc.PutArgs applyOp.ID={0 134} applyOp.index=134; queueed.command={Key:k0 Value:{"Id":0,"V":49} Version:49} queued.id={0 134} queued.index=134; DoOP.result={Err:ErrVersion} DoOP.result.type=rpc.PutReply
2026/05/03 01:59:04 RSM node0: Submit received result for op.ID={0 134} queued.CommandIndex=134: error=OK result={ErrVersion}
2026/05/03 01:59:04 RSM node1: READER: applying op. applyOp.ID={0 134} applyOp.index=134 applyOp.command=rpc.PutArgs applyOp.command={Key:k0 Value:{"Id":0,"V":49} Version:49}
2026/05/03 01:59:04 RSM node0: Start executed for op.ID={0 135} op.command={Key:k0}. index=135, term=1, isLeader=true
2026/05/03 01:59:04 RSM node0: Submit enqueued. op.ID={0 135} index=135 term=1 queued.len=1
2026/05/03 01:59:04 RSM node0: READER: applying op. applyOp.ID={0 135} applyOp.index=135 applyOp.command=rpc.GetArgs applyOp.command={Key:k0}
2026/05/03 01:59:04 RSM node0: READER: dequeuing matched submit. applyOp.ID={0 135} index=135 queued.id={0 135} queued.index=135 queued.len(after)=0
2026/05/03 01:59:04 RSM node0: READER: sending OK response. applyOp.command={Key:k0} applyOp.command.type=rpc.GetArgs applyOp.ID={0 135} applyOp.index=135; queueed.command={Key:k0} queued.id={0 135} queued.index=135; DoOP.result={Value:{"Id":0,"V":49} Version:50 Err:OK} DoOP.result.type=rpc.GetReply
2026/05/03 01:59:04 RSM node0: Submit received result for op.ID={0 135} queued.CommandIndex=135: error=OK result={{"Id":0,"V":49} 50 OK}
2026/05/03 01:59:04 RSM node2: READER: applying op. applyOp.ID={0 134} applyOp.index=134 applyOp.command=rpc.PutArgs applyOp.command={Key:k0 Value:{"Id":0,"V":49} Version:49}
2026/05/03 01:59:04 RSM node2: READER: applying op. applyOp.ID={0 135} applyOp.index=135 applyOp.command=rpc.GetArgs applyOp.command={Key:k0}
2026/05/03 01:59:04 RSM node1: READER: applying op. applyOp.ID={0 135} applyOp.index=135 applyOp.command=rpc.GetArgs applyOp.command={Key:k0}
2026/05/03 01:59:04 RSM node0: Start executed for op.ID={0 136} op.command={Key:k0 Value:{"Id":0,"V":50} Version:50}. index=136, term=1, isLeader=true
2026/05/03 01:59:04 RSM node0: Submit enqueued. op.ID={0 136} index=136 term=1 queued.len=1
2026/05/03 01:59:04 RSM node0: READER: applying op. applyOp.ID={0 136} applyOp.index=136 applyOp.command=rpc.PutArgs applyOp.command={Key:k0 Value:{"Id":0,"V":50} Version:50}
2026/05/03 01:59:04 RSM node0: READER: dequeuing matched submit. applyOp.ID={0 136} index=136 queued.id={0 136} queued.index=136 queued.len(after)=0
2026/05/03 01:59:04 RSM node0: READER: sending OK response. applyOp.command={Key:k0 Value:{"Id":0,"V":50} Version:50} applyOp.command.type=rpc.PutArgs applyOp.ID={0 136} applyOp.index=136; queueed.command={Key:k0 Value:{"Id":0,"V":50} Version:50} queued.id={0 136} queued.index=136; DoOP.result={Err:OK} DoOP.result.type=rpc.PutReply
2026/05/03 01:59:04 RSM node0: Submit received result for op.ID={0 136} queued.CommandIndex=136: error=OK result={OK}
2026/05/03 01:59:04 RSM node0: Start executed for op.ID={0 137} op.command={Key:k0}. index=137, term=1, isLeader=true
2026/05/03 01:59:04 RSM node0: Submit enqueued. op.ID={0 137} index=137 term=1 queued.len=1
2026/05/03 01:59:04 RSM node2: READER: applying op. applyOp.ID={0 136} applyOp.index=136 applyOp.command=rpc.PutArgs applyOp.command={Key:k0 Value:{"Id":0,"V":50} Version:50}
2026/05/03 01:59:04 RSM node0: READER: applying op. applyOp.ID={0 137} applyOp.index=137 applyOp.command=rpc.GetArgs applyOp.command={Key:k0}
2026/05/03 01:59:04 RSM node0: READER: dequeuing matched submit. applyOp.ID={0 137} index=137 queued.id={0 137} queued.index=137 queued.len(after)=0
2026/05/03 01:59:04 RSM node0: READER: sending OK response. applyOp.command={Key:k0} applyOp.command.type=rpc.GetArgs applyOp.ID={0 137} applyOp.index=137; queueed.command={Key:k0} queued.id={0 137} queued.index=137; DoOP.result={Value:{"Id":0,"V":50} Version:51 Err:OK} DoOP.result.type=rpc.GetReply
2026/05/03 01:59:04 RSM node0: Submit received result for op.ID={0 137} queued.CommandIndex=137: error=OK result={{"Id":0,"V":50} 51 OK}
2026/05/03 01:59:04 RSM node1: READER: applying op. applyOp.ID={0 136} applyOp.index=136 applyOp.command=rpc.PutArgs applyOp.command={Key:k0 Value:{"Id":0,"V":50} Version:50}
2026/05/03 01:59:04 RSM node0: Start executed for op.ID={0 138} op.command={Key:k0 Value:{"Id":0,"V":51} Version:51}. index=138, term=1, isLeader=true
2026/05/03 01:59:04 RSM node0: Submit enqueued. op.ID={0 138} index=138 term=1 queued.len=1
2026/05/03 01:59:04 RSM node2: READER: applying op. applyOp.ID={0 137} applyOp.index=137 applyOp.command=rpc.GetArgs applyOp.command={Key:k0}
2026/05/03 01:59:04 RSM node0: READER: applying op. applyOp.ID={0 138} applyOp.index=138 applyOp.command=rpc.PutArgs applyOp.command={Key:k0 Value:{"Id":0,"V":51} Version:51}
2026/05/03 01:59:04 RSM node0: READER: dequeuing matched submit. applyOp.ID={0 138} index=138 queued.id={0 138} queued.index=138 queued.len(after)=0
2026/05/03 01:59:04 RSM node0: Submit received result for op.ID={0 138} queued.CommandIndex=138: error=OK result={OK}
2026/05/03 01:59:04 RSM node0: READER: sending OK response. applyOp.command={Key:k0 Value:{"Id":0,"V":51} Version:51} applyOp.command.type=rpc.PutArgs applyOp.ID={0 138} applyOp.index=138; queueed.command={Key:k0 Value:{"Id":0,"V":51} Version:51} queued.id={0 138} queued.index=138; DoOP.result={Err:OK} DoOP.result.type=rpc.PutReply
2026/05/03 01:59:04 RSM node1: READER: applying op. applyOp.ID={0 137} applyOp.index=137 applyOp.command=rpc.GetArgs applyOp.command={Key:k0}
2026/05/03 01:59:04 RSM node0: Start executed for op.ID={0 139} op.command={Key:k0}. index=139, term=1, isLeader=true
2026/05/03 01:59:04 RSM node0: Submit enqueued. op.ID={0 139} index=139 term=1 queued.len=1
2026/05/03 01:59:04 RSM node2: READER: applying op. applyOp.ID={0 138} applyOp.index=138 applyOp.command=rpc.PutArgs applyOp.command={Key:k0 Value:{"Id":0,"V":51} Version:51}
2026/05/03 01:59:04 RSM node1: READER: applying op. applyOp.ID={0 138} applyOp.index=138 applyOp.command=rpc.PutArgs applyOp.command={Key:k0 Value:{"Id":0,"V":51} Version:51}
2026/05/03 01:59:04 RSM node0: READER: applying op. applyOp.ID={0 139} applyOp.index=139 applyOp.command=rpc.GetArgs applyOp.command={Key:k0}
2026/05/03 01:59:04 RSM node0: READER: dequeuing matched submit. applyOp.ID={0 139} index=139 queued.id={0 139} queued.index=139 queued.len(after)=0
2026/05/03 01:59:04 RSM node0: READER: sending OK response. applyOp.command={Key:k0} applyOp.command.type=rpc.GetArgs applyOp.ID={0 139} applyOp.index=139; queueed.command={Key:k0} queued.id={0 139} queued.index=139; DoOP.result={Value:{"Id":0,"V":51} Version:52 Err:OK} DoOP.result.type=rpc.GetReply
2026/05/03 01:59:04 RSM node0: Submit received result for op.ID={0 139} queued.CommandIndex=139: error=OK result={{"Id":0,"V":51} 52 OK}
2026/05/03 01:59:04 RSM node0: Start executed for op.ID={0 140} op.command={Key:k0 Value:{"Id":0,"V":52} Version:52}. index=140, term=1, isLeader=true
2026/05/03 01:59:04 RSM node0: Submit enqueued. op.ID={0 140} index=140 term=1 queued.len=1
2026/05/03 01:59:04 RSM node2: READER: applying op. applyOp.ID={0 139} applyOp.index=139 applyOp.command=rpc.GetArgs applyOp.command={Key:k0}
2026/05/03 01:59:04 RSM node0: READER: applying op. applyOp.ID={0 140} applyOp.index=140 applyOp.command=rpc.PutArgs applyOp.command={Key:k0 Value:{"Id":0,"V":52} Version:52}
2026/05/03 01:59:04 RSM node0: READER: dequeuing matched submit. applyOp.ID={0 140} index=140 queued.id={0 140} queued.index=140 queued.len(after)=0
2026/05/03 01:59:04 RSM node0: READER: sending OK response. applyOp.command={Key:k0 Value:{"Id":0,"V":52} Version:52} applyOp.command.type=rpc.PutArgs applyOp.ID={0 140} applyOp.index=140; queueed.command={Key:k0 Value:{"Id":0,"V":52} Version:52} queued.id={0 140} queued.index=140; DoOP.result={Err:OK} DoOP.result.type=rpc.PutReply
2026/05/03 01:59:04 RSM node0: Submit received result for op.ID={0 140} queued.CommandIndex=140: error=OK result={OK}
2026/05/03 01:59:04 RSM node1: READER: applying op. applyOp.ID={0 139} applyOp.index=139 applyOp.command=rpc.GetArgs applyOp.command={Key:k0}
2026/05/03 01:59:04 RSM node0: Start executed for op.ID={0 141} op.command={Key:k0}. index=141, term=1, isLeader=true
2026/05/03 01:59:04 RSM node0: Submit enqueued. op.ID={0 141} index=141 term=1 queued.len=1
2026/05/03 01:59:04 RSM node1: READER: applying op. applyOp.ID={0 140} applyOp.index=140 applyOp.command=rpc.PutArgs applyOp.command={Key:k0 Value:{"Id":0,"V":52} Version:52}
2026/05/03 01:59:04 RSM node0: READER: applying op. applyOp.ID={0 141} applyOp.index=141 applyOp.command=rpc.GetArgs applyOp.command={Key:k0}
2026/05/03 01:59:04 RSM node0: READER: dequeuing matched submit. applyOp.ID={0 141} index=141 queued.id={0 141} queued.index=141 queued.len(after)=0
2026/05/03 01:59:04 RSM node0: READER: sending OK response. applyOp.command={Key:k0} applyOp.command.type=rpc.GetArgs applyOp.ID={0 141} applyOp.index=141; queueed.command={Key:k0} queued.id={0 141} queued.index=141; DoOP.result={Value:{"Id":0,"V":52} Version:53 Err:OK} DoOP.result.type=rpc.GetReply
2026/05/03 01:59:04 RSM node0: Submit received result for op.ID={0 141} queued.CommandIndex=141: error=OK result={{"Id":0,"V":52} 53 OK}
2026/05/03 01:59:04 RSM node2: READER: applying op. applyOp.ID={0 140} applyOp.index=140 applyOp.command=rpc.PutArgs applyOp.command={Key:k0 Value:{"Id":0,"V":52} Version:52}
2026/05/03 01:59:04 RSM node1: READER: applying op. applyOp.ID={0 141} applyOp.index=141 applyOp.command=rpc.GetArgs applyOp.command={Key:k0}
2026/05/03 01:59:04 RSM node0: Start executed for op.ID={0 142} op.command={Key:k0 Value:{"Id":0,"V":53} Version:53}. index=142, term=1, isLeader=true
2026/05/03 01:59:04 RSM node0: Submit enqueued. op.ID={0 142} index=142 term=1 queued.len=1
2026/05/03 01:59:04 RSM node2: READER: applying op. applyOp.ID={0 141} applyOp.index=141 applyOp.command=rpc.GetArgs applyOp.command={Key:k0}
2026/05/03 01:59:04 RSM node0: READER: applying op. applyOp.ID={0 142} applyOp.index=142 applyOp.command=rpc.PutArgs applyOp.command={Key:k0 Value:{"Id":0,"V":53} Version:53}
2026/05/03 01:59:04 RSM node0: READER: dequeuing matched submit. applyOp.ID={0 142} index=142 queued.id={0 142} queued.index=142 queued.len(after)=0
2026/05/03 01:59:04 RSM node0: READER: sending OK response. applyOp.command={Key:k0 Value:{"Id":0,"V":53} Version:53} applyOp.command.type=rpc.PutArgs applyOp.ID={0 142} applyOp.index=142; queueed.command={Key:k0 Value:{"Id":0,"V":53} Version:53} queued.id={0 142} queued.index=142; DoOP.result={Err:OK} DoOP.result.type=rpc.PutReply
2026/05/03 01:59:04 RSM node0: Submit received result for op.ID={0 142} queued.CommandIndex=142: error=OK result={OK}
2026/05/03 01:59:04 RSM node1: READER: applying op. applyOp.ID={0 142} applyOp.index=142 applyOp.command=rpc.PutArgs applyOp.command={Key:k0 Value:{"Id":0,"V":53} Version:53}
2026/05/03 01:59:04 RSM node0: Start executed for op.ID={0 143} op.command={Key:k0}. index=143, term=1, isLeader=true
2026/05/03 01:59:04 RSM node0: Submit enqueued. op.ID={0 143} index=143 term=1 queued.len=1
2026/05/03 01:59:04 RSM node0: READER: applying op. applyOp.ID={0 143} applyOp.index=143 applyOp.command=rpc.GetArgs applyOp.command={Key:k0}
2026/05/03 01:59:04 RSM node0: READER: dequeuing matched submit. applyOp.ID={0 143} index=143 queued.id={0 143} queued.index=143 queued.len(after)=0
2026/05/03 01:59:04 RSM node0: READER: sending OK response. applyOp.command={Key:k0} applyOp.command.type=rpc.GetArgs applyOp.ID={0 143} applyOp.index=143; queueed.command={Key:k0} queued.id={0 143} queued.index=143; DoOP.result={Value:{"Id":0,"V":53} Version:54 Err:OK} DoOP.result.type=rpc.GetReply
2026/05/03 01:59:04 RSM node0: Submit received result for op.ID={0 143} queued.CommandIndex=143: error=OK result={{"Id":0,"V":53} 54 OK}
2026/05/03 01:59:04 RSM node2: READER: applying op. applyOp.ID={0 142} applyOp.index=142 applyOp.command=rpc.PutArgs applyOp.command={Key:k0 Value:{"Id":0,"V":53} Version:53}
2026/05/03 01:59:04 RSM node1: READER: applying op. applyOp.ID={0 143} applyOp.index=143 applyOp.command=rpc.GetArgs applyOp.command={Key:k0}
2026/05/03 01:59:04 RSM node2: READER: applying op. applyOp.ID={0 143} applyOp.index=143 applyOp.command=rpc.GetArgs applyOp.command={Key:k0}
2026/05/03 01:59:04 RSM node1: Start executed for op.ID={1 26} op.command={Key:k0}. index=-1, term=1, isLeader=false
2026/05/03 01:59:04 RSM node0: Start executed for op.ID={0 144} op.command={Shard:10 Num:7}. index=144, term=1, isLeader=true
2026/05/03 01:59:04 RSM node0: Submit enqueued. op.ID={0 144} index=144 term=1 queued.len=1
2026/05/03 01:59:05 RSM node0: READER: applying op. applyOp.ID={0 144} applyOp.index=144 applyOp.command=shardrpc.FreezeShardArgs applyOp.command={Shard:10 Num:7}
2026/05/03 01:59:05 RSM node0: READER: dequeuing matched submit. applyOp.ID={0 144} index=144 queued.id={0 144} queued.index=144 queued.len(after)=0
2026/05/03 01:59:05 RSM node0: READER: sending OK response. applyOp.command={Shard:10 Num:7} applyOp.command.type=shardrpc.FreezeShardArgs applyOp.ID={0 144} applyOp.index=144; queueed.command={Shard:10 Num:7} queued.id={0 144} queued.index=144; DoOP.result={State:[15 255 167 4 1 2 255 168 0 1 12 1 255 166 0 0 34 255 165 3 1 2 255 166 0 1 2 1 5 86 97 108 117 101 1 12 0 1 7 86 101 114 115 105 111 110 1 6 0 0 0 27 255 168 0 1 2 107 48 1 15 123 34 73 100 34 58 48 44 34 86 34 58 53 51 125 1 54 0] Num:7 Err:OK} DoOP.result.type=shardrpc.FreezeShardReply
2026/05/03 01:59:05 RSM node0: Submit received result for op.ID={0 144} queued.CommandIndex=144: error=OK result={[15 255 167 4 1 2 255 168 0 1 12 1 255 166 0 0 34 255 165 3 1 2 255 166 0 1 2 1 5 86 97 108 117 101 1 12 0 1 7 86 101 114 115 105 111 110 1 6 0 0 0 27 255 168 0 1 2 107 48 1 15 123 34 73 100 34 58 48 44 34 86 34 58 53 51 125 1 54 0] 7 OK}
2026/05/03 01:59:05 RSM node0: Start executed for op.ID={0 1} op.command={Shard:10 State:[15 255 167 4 1 2 255 168 0 1 12 1 255 166 0 0 34 255 165 3 1 2 255 166 0 1 2 1 5 86 97 108 117 101 1 12 0 1 7 86 101 114 115 105 111 110 1 6 0 0 0 27 255 168 0 1 2 107 48 1 15 123 34 73 100 34 58 48 44 34 86 34 58 53 51 125 1 54 0] Num:7}. index=1, term=1, isLeader=true
2026/05/03 01:59:05 RSM node0: Submit enqueued. op.ID={0 1} index=1 term=1 queued.len=1
2026/05/03 01:59:05 RSM node0: READER: applying op. applyOp.ID={0 1} applyOp.index=1 applyOp.command=shardrpc.InstallShardArgs applyOp.command={Shard:10 State:[15 255 167 4 1 2 255 168 0 1 12 1 255 166 0 0 34 255 165 3 1 2 255 166 0 1 2 1 5 86 97 108 117 101 1 12 0 1 7 86 101 114 115 105 111 110 1 6 0 0 0 27 255 168 0 1 2 107 48 1 15 123 34 73 100 34 58 48 44 34 86 34 58 53 51 125 1 54 0] Num:7}
2026/05/03 01:59:05 RSM node0: READER: dequeuing matched submit. applyOp.ID={0 1} index=1 queued.id={0 1} queued.index=1 queued.len(after)=0
2026/05/03 01:59:05 RSM node0: Submit received result for op.ID={0 1} queued.CommandIndex=1: error=OK result={OK}
2026/05/03 01:59:05 RSM node0: READER: sending OK response. applyOp.command={Shard:10 State:[15 255 167 4 1 2 255 168 0 1 12 1 255 166 0 0 34 255 165 3 1 2 255 166 0 1 2 1 5 86 97 108 117 101 1 12 0 1 7 86 101 114 115 105 111 110 1 6 0 0 0 27 255 168 0 1 2 107 48 1 15 123 34 73 100 34 58 48 44 34 86 34 58 53 51 125 1 54 0] Num:7} applyOp.command.type=shardrpc.InstallShardArgs applyOp.ID={0 1} applyOp.index=1; queueed.command={Shard:10 State:[15 255 167 4 1 2 255 168 0 1 12 1 255 166 0 0 34 255 165 3 1 2 255 166 0 1 2 1 5 86 97 108 117 101 1 12 0 1 7 86 101 114 115 105 111 110 1 6 0 0 0 27 255 168 0 1 2 107 48 1 15 123 34 73 100 34 58 48 44 34 86 34 58 53 51 125 1 54 0] Num:7} queued.id={0 1} queued.index=1; DoOP.result={Err:OK} DoOP.result.type=shardrpc.InstallShardReply
2026/05/03 01:59:05 RSM node2: Start executed for op.ID={2 25} op.command={Key:k0}. index=-1, term=1, isLeader=false
2026/05/03 01:59:05 RSM node0: Start executed for op.ID={0 145} op.command={Shard:10 Num:7}. index=145, term=1, isLeader=true
2026/05/03 01:59:05 RSM node0: Submit enqueued. op.ID={0 145} index=145 term=1 queued.len=1
2026/05/03 01:59:05 RSM node1: READER: applying op. applyOp.ID={0 144} applyOp.index=144 applyOp.command=shardrpc.FreezeShardArgs applyOp.command={Shard:10 Num:7}
2026/05/03 01:59:05 RSM node2: READER: applying op. applyOp.ID={0 144} applyOp.index=144 applyOp.command=shardrpc.FreezeShardArgs applyOp.command={Shard:10 Num:7}
2026/05/03 01:59:05 RSM node0: READER: applying op. applyOp.ID={0 145} applyOp.index=145 applyOp.command=shardrpc.DeleteShardArgs applyOp.command={Shard:10 Num:7}
2026/05/03 01:59:05 RSM node0: READER: dequeuing matched submit. applyOp.ID={0 145} index=145 queued.id={0 145} queued.index=145 queued.len(after)=0
2026/05/03 01:59:05 RSM node0: READER: sending OK response. applyOp.command={Shard:10 Num:7} applyOp.command.type=shardrpc.DeleteShardArgs applyOp.ID={0 145} applyOp.index=145; queueed.command={Shard:10 Num:7} queued.id={0 145} queued.index=145; DoOP.result={Err:OK} DoOP.result.type=shardrpc.DeleteShardReply
2026/05/03 01:59:05 RSM node0: Submit received result for op.ID={0 145} queued.CommandIndex=145: error=OK result={OK}
2026/05/03 01:59:05 RSM node2: READER: applying op. applyOp.ID={0 1} applyOp.index=1 applyOp.command=shardrpc.InstallShardArgs applyOp.command={Shard:10 State:[15 255 167 4 1 2 255 168 0 1 12 1 255 166 0 0 34 255 165 3 1 2 255 166 0 1 2 1 5 86 97 108 117 101 1 12 0 1 7 86 101 114 115 105 111 110 1 6 0 0 0 27 255 168 0 1 2 107 48 1 15 123 34 73 100 34 58 48 44 34 86 34 58 53 51 125 1 54 0] Num:7}
2026/05/03 01:59:05 RSM node1: READER: applying op. applyOp.ID={0 145} applyOp.index=145 applyOp.command=shardrpc.DeleteShardArgs applyOp.command={Shard:10 Num:7}
2026/05/03 01:59:05 RSM node2: READER: applying op. applyOp.ID={0 145} applyOp.index=145 applyOp.command=shardrpc.DeleteShardArgs applyOp.command={Shard:10 Num:7}
2026/05/03 01:59:05 RSM node1: READER: applying op. applyOp.ID={0 1} applyOp.index=1 applyOp.command=shardrpc.InstallShardArgs applyOp.command={Shard:10 State:[15 255 167 4 1 2 255 168 0 1 12 1 255 166 0 0 34 255 165 3 1 2 255 166 0 1 2 1 5 86 97 108 117 101 1 12 0 1 7 86 101 114 115 105 111 110 1 6 0 0 0 27 255 168 0 1 2 107 48 1 15 123 34 73 100 34 58 48 44 34 86 34 58 53 51 125 1 54 0] Num:7}
2026/05/03 01:59:05 RSM node0: Start executed for op.ID={0 146} op.command={Key:k0}. index=146, term=1, isLeader=true
2026/05/03 01:59:05 RSM node0: Submit enqueued. op.ID={0 146} index=146 term=1 queued.len=1
2026/05/03 01:59:05 RSM node0: READER: applying op. applyOp.ID={0 146} applyOp.index=146 applyOp.command=rpc.GetArgs applyOp.command={Key:k0}
2026/05/03 01:59:05 RSM node0: READER: dequeuing matched submit. applyOp.ID={0 146} index=146 queued.id={0 146} queued.index=146 queued.len(after)=0
2026/05/03 01:59:05 RSM node0: READER: sending OK response. applyOp.command={Key:k0} applyOp.command.type=rpc.GetArgs applyOp.ID={0 146} applyOp.index=146; queueed.command={Key:k0} queued.id={0 146} queued.index=146; DoOP.result={Value: Version:0 Err:ErrWrongGroup} DoOP.result.type=rpc.GetReply
2026/05/03 01:59:05 RSM node0: Submit received result for op.ID={0 146} queued.CommandIndex=146: error=OK result={ 0 ErrWrongGroup}
2026/05/03 01:59:05 RSM node1: READER: applying op. applyOp.ID={0 146} applyOp.index=146 applyOp.command=rpc.GetArgs applyOp.command={Key:k0}
2026/05/03 01:59:05 RSM node2: READER: applying op. applyOp.ID={0 146} applyOp.index=146 applyOp.command=rpc.GetArgs applyOp.command={Key:k0}
2026/05/03 01:59:05 RSM node1: Start executed for op.ID={1 1} op.command={Key:k0}. index=-1, term=1, isLeader=false
2026/05/03 01:59:05 RSM node2: Start executed for op.ID={2 1} op.command={Key:k0}. index=-1, term=2, isLeader=false
2026/05/03 01:59:05 RSM node0: Start executed for op.ID={0 2} op.command={Key:k0}. index=-1, term=2, isLeader=false
2026/05/03 01:59:05 RSM node0: Start executed for op.ID={0 16} op.command={Shard:4 Num:8}. index=16, term=2, isLeader=true
2026/05/03 01:59:05 RSM node0: Submit enqueued. op.ID={0 16} index=16 term=2 queued.len=1
2026/05/03 01:59:05 RSM node0: READER: applying op. applyOp.ID={0 16} applyOp.index=16 applyOp.command=shardrpc.FreezeShardArgs applyOp.command={Shard:4 Num:8}
2026/05/03 01:59:05 RSM node0: READER: dequeuing matched submit. applyOp.ID={0 16} index=16 queued.id={0 16} queued.index=16 queued.len(after)=0
2026/05/03 01:59:05 RSM node0: Submit received result for op.ID={0 16} queued.CommandIndex=16: error=OK result={[15 255 163 4 1 2 255 164 0 1 12 1 255 162 0 0 34 255 161 3 1 2 255 162 0 1 2 1 5 86 97 108 117 101 1 12 0 1 7 86 101 114 115 105 111 110 1 6 0 0 0 4 255 164 0 0] 8 OK}
2026/05/03 01:59:05 RSM node0: READER: sending OK response. applyOp.command={Shard:4 Num:8} applyOp.command.type=shardrpc.FreezeShardArgs applyOp.ID={0 16} applyOp.index=16; queueed.command={Shard:4 Num:8} queued.id={0 16} queued.index=16; DoOP.result={State:[15 255 163 4 1 2 255 164 0 1 12 1 255 162 0 0 34 255 161 3 1 2 255 162 0 1 2 1 5 86 97 108 117 101 1 12 0 1 7 86 101 114 115 105 111 110 1 6 0 0 0 4 255 164 0 0] Num:8 Err:OK} DoOP.result.type=shardrpc.FreezeShardReply
2026/05/03 01:59:05 RSM node0: Start executed for op.ID={0 1} op.command={Shard:4 State:[15 255 163 4 1 2 255 164 0 1 12 1 255 162 0 0 34 255 161 3 1 2 255 162 0 1 2 1 5 86 97 108 117 101 1 12 0 1 7 86 101 114 115 105 111 110 1 6 0 0 0 4 255 164 0 0] Num:8}. index=1, term=2, isLeader=true
2026/05/03 01:59:05 RSM node0: Submit enqueued. op.ID={0 1} index=1 term=2 queued.len=1
2026/05/03 01:59:05 RSM node0: READER: applying op. applyOp.ID={0 1} applyOp.index=1 applyOp.command=shardrpc.InstallShardArgs applyOp.command={Shard:4 State:[15 255 163 4 1 2 255 164 0 1 12 1 255 162 0 0 34 255 161 3 1 2 255 162 0 1 2 1 5 86 97 108 117 101 1 12 0 1 7 86 101 114 115 105 111 110 1 6 0 0 0 4 255 164 0 0] Num:8}
2026/05/03 01:59:05 RSM node0: READER: dequeuing matched submit. applyOp.ID={0 1} index=1 queued.id={0 1} queued.index=1 queued.len(after)=0
2026/05/03 01:59:05 RSM node0: Submit received result for op.ID={0 1} queued.CommandIndex=1: error=OK result={OK}
2026/05/03 01:59:05 RSM node0: READER: sending OK response. applyOp.command={Shard:4 State:[15 255 163 4 1 2 255 164 0 1 12 1 255 162 0 0 34 255 161 3 1 2 255 162 0 1 2 1 5 86 97 108 117 101 1 12 0 1 7 86 101 114 115 105 111 110 1 6 0 0 0 4 255 164 0 0] Num:8} applyOp.command.type=shardrpc.InstallShardArgs applyOp.ID={0 1} applyOp.index=1; queueed.command={Shard:4 State:[15 255 163 4 1 2 255 164 0 1 12 1 255 162 0 0 34 255 161 3 1 2 255 162 0 1 2 1 5 86 97 108 117 101 1 12 0 1 7 86 101 114 115 105 111 110 1 6 0 0 0 4 255 164 0 0] Num:8} queued.id={0 1} queued.index=1; DoOP.result={Err:OK} DoOP.result.type=shardrpc.InstallShardReply
2026/05/03 01:59:05 RSM node0: Start executed for op.ID={0 17} op.command={Shard:4 Num:8}. index=17, term=2, isLeader=true
2026/05/03 01:59:05 RSM node0: Submit enqueued. op.ID={0 17} index=17 term=2 queued.len=1
2026/05/03 01:59:05 RSM node1: READER: applying op. applyOp.ID={0 16} applyOp.index=16 applyOp.command=shardrpc.FreezeShardArgs applyOp.command={Shard:4 Num:8}
2026/05/03 01:59:05 RSM node0: READER: applying op. applyOp.ID={0 17} applyOp.index=17 applyOp.command=shardrpc.DeleteShardArgs applyOp.command={Shard:4 Num:8}
2026/05/03 01:59:05 RSM node0: READER: dequeuing matched submit. applyOp.ID={0 17} index=17 queued.id={0 17} queued.index=17 queued.len(after)=0
2026/05/03 01:59:05 RSM node0: READER: sending OK response. applyOp.command={Shard:4 Num:8} applyOp.command.type=shardrpc.DeleteShardArgs applyOp.ID={0 17} applyOp.index=17; queueed.command={Shard:4 Num:8} queued.id={0 17} queued.index=17; DoOP.result={Err:OK} DoOP.result.type=shardrpc.DeleteShardReply
2026/05/03 01:59:05 RSM node0: Submit received result for op.ID={0 17} queued.CommandIndex=17: error=OK result={OK}
2026/05/03 01:59:05 RSM node2: READER: applying op. applyOp.ID={0 16} applyOp.index=16 applyOp.command=shardrpc.FreezeShardArgs applyOp.command={Shard:4 Num:8}
2026/05/03 01:59:05 RSM node2: READER: applying op. applyOp.ID={0 1} applyOp.index=1 applyOp.command=shardrpc.InstallShardArgs applyOp.command={Shard:4 State:[15 255 163 4 1 2 255 164 0 1 12 1 255 162 0 0 34 255 161 3 1 2 255 162 0 1 2 1 5 86 97 108 117 101 1 12 0 1 7 86 101 114 115 105 111 110 1 6 0 0 0 4 255 164 0 0] Num:8}
2026/05/03 01:59:05 RSM node1: READER: applying op. applyOp.ID={0 1} applyOp.index=1 applyOp.command=shardrpc.InstallShardArgs applyOp.command={Shard:4 State:[15 255 163 4 1 2 255 164 0 1 12 1 255 162 0 0 34 255 161 3 1 2 255 162 0 1 2 1 5 86 97 108 117 101 1 12 0 1 7 86 101 114 115 105 111 110 1 6 0 0 0 4 255 164 0 0] Num:8}
2026/05/03 01:59:05 RSM node0: Start executed for op.ID={0 3} op.command={Key:k0}. index=-1, term=2, isLeader=false
2026/05/03 01:59:05 RSM node2: READER: applying op. applyOp.ID={0 17} applyOp.index=17 applyOp.command=shardrpc.DeleteShardArgs applyOp.command={Shard:4 Num:8}
2026/05/03 01:59:05 RSM node1: READER: applying op. applyOp.ID={0 17} applyOp.index=17 applyOp.command=shardrpc.DeleteShardArgs applyOp.command={Shard:4 Num:8}
2026/05/03 01:59:06 RSM node1: Start executed for op.ID={1 2} op.command={Key:k0}. index=2, term=2, isLeader=true
2026/05/03 01:59:06 RSM node1: Submit enqueued. op.ID={1 2} index=2 term=2 queued.len=1
2026/05/03 01:59:06 RSM node1: READER: applying op. applyOp.ID={1 2} applyOp.index=2 applyOp.command=rpc.GetArgs applyOp.command={Key:k0}
2026/05/03 01:59:06 RSM node1: READER: dequeuing matched submit. applyOp.ID={1 2} index=2 queued.id={1 2} queued.index=2 queued.len(after)=0
2026/05/03 01:59:06 RSM node1: READER: sending OK response. applyOp.command={Key:k0} applyOp.command.type=rpc.GetArgs applyOp.ID={1 2} applyOp.index=2; queueed.command={Key:k0} queued.id={1 2} queued.index=2; DoOP.result={Value:{"Id":0,"V":53} Version:54 Err:OK} DoOP.result.type=rpc.GetReply
2026/05/03 01:59:06 RSM node1: Submit received result for op.ID={1 2} queued.CommandIndex=2: error=OK result={{"Id":0,"V":53} 54 OK}
2026/05/03 01:59:06 RSM node0: READER: applying op. applyOp.ID={1 2} applyOp.index=2 applyOp.command=rpc.GetArgs applyOp.command={Key:k0}
2026/05/03 01:59:06 RSM node2: READER: applying op. applyOp.ID={1 2} applyOp.index=2 applyOp.command=rpc.GetArgs applyOp.command={Key:k0}
2026/05/03 01:59:06 RSM node0: Start executed for op.ID={0 4} op.command={Key:k0 Value:{"Id":0,"V":54} Version:54}. index=-1, term=2, isLeader=false
2026/05/03 01:59:06 RSM node1: Start executed for op.ID={1 3} op.command={Key:k0 Value:{"Id":0,"V":54} Version:54}. index=3, term=2, isLeader=true
2026/05/03 01:59:06 RSM node1: Submit enqueued. op.ID={1 3} index=3 term=2 queued.len=1
2026/05/03 01:59:06 RSM node1: READER: applying op. applyOp.ID={1 3} applyOp.index=3 applyOp.command=rpc.PutArgs applyOp.command={Key:k0 Value:{"Id":0,"V":54} Version:54}
2026/05/03 01:59:06 RSM node1: READER: dequeuing matched submit. applyOp.ID={1 3} index=3 queued.id={1 3} queued.index=3 queued.len(after)=0
2026/05/03 01:59:06 RSM node1: READER: sending OK response. applyOp.command={Key:k0 Value:{"Id":0,"V":54} Version:54} applyOp.command.type=rpc.PutArgs applyOp.ID={1 3} applyOp.index=3; queueed.command={Key:k0 Value:{"Id":0,"V":54} Version:54} queued.id={1 3} queued.index=3; DoOP.result={Err:OK} DoOP.result.type=rpc.PutReply
2026/05/03 01:59:06 RSM node1: Submit received result for op.ID={1 3} queued.CommandIndex=3: error=OK result={OK}
2026/05/03 01:59:06 RSM node0: READER: applying op. applyOp.ID={1 3} applyOp.index=3 applyOp.command=rpc.PutArgs applyOp.command={Key:k0 Value:{"Id":0,"V":54} Version:54}
2026/05/03 01:59:06 RSM node0: Start executed for op.ID={0 5} op.command={Key:k0}. index=-1, term=2, isLeader=false
2026/05/03 01:59:06 RSM node2: READER: applying op. applyOp.ID={1 3} applyOp.index=3 applyOp.command=rpc.PutArgs applyOp.command={Key:k0 Value:{"Id":0,"V":54} Version:54}
2026/05/03 01:59:06 RSM node1: Start executed for op.ID={1 4} op.command={Key:k0}. index=4, term=2, isLeader=true
2026/05/03 01:59:06 RSM node1: Submit enqueued. op.ID={1 4} index=4 term=2 queued.len=1
2026/05/03 01:59:06 RSM node1: READER: applying op. applyOp.ID={1 4} applyOp.index=4 applyOp.command=rpc.GetArgs applyOp.command={Key:k0}
2026/05/03 01:59:06 RSM node1: READER: dequeuing matched submit. applyOp.ID={1 4} index=4 queued.id={1 4} queued.index=4 queued.len(after)=0
2026/05/03 01:59:06 RSM node1: READER: sending OK response. applyOp.command={Key:k0} applyOp.command.type=rpc.GetArgs applyOp.ID={1 4} applyOp.index=4; queueed.command={Key:k0} queued.id={1 4} queued.index=4; DoOP.result={Value:{"Id":0,"V":54} Version:55 Err:OK} DoOP.result.type=rpc.GetReply
2026/05/03 01:59:06 RSM node1: Submit received result for op.ID={1 4} queued.CommandIndex=4: error=OK result={{"Id":0,"V":54} 55 OK}
2026/05/03 01:59:06 RSM node0: READER: applying op. applyOp.ID={1 4} applyOp.index=4 applyOp.command=rpc.GetArgs applyOp.command={Key:k0}
2026/05/03 01:59:06 RSM node2: READER: applying op. applyOp.ID={1 4} applyOp.index=4 applyOp.command=rpc.GetArgs applyOp.command={Key:k0}
2026/05/03 01:59:06 RSM node2: Start executed for op.ID={2 2} op.command={Key:k0}. index=-1, term=2, isLeader=false
2026/05/03 01:59:06 RSM node0: Start executed for op.ID={0 9} op.command={Shard:6 Num:9}. index=9, term=1, isLeader=true
2026/05/03 01:59:06 RSM node0: Submit enqueued. op.ID={0 9} index=9 term=1 queued.len=1
2026/05/03 01:59:06 RSM node0: READER: applying op. applyOp.ID={0 9} applyOp.index=9 applyOp.command=shardrpc.FreezeShardArgs applyOp.command={Shard:6 Num:9}
2026/05/03 01:59:06 RSM node0: READER: dequeuing matched submit. applyOp.ID={0 9} index=9 queued.id={0 9} queued.index=9 queued.len(after)=0
2026/05/03 01:59:06 RSM node0: READER: sending OK response. applyOp.command={Shard:6 Num:9} applyOp.command.type=shardrpc.FreezeShardArgs applyOp.ID={0 9} applyOp.index=9; queueed.command={Shard:6 Num:9} queued.id={0 9} queued.index=9; DoOP.result={State:[15 255 163 4 1 2 255 164 0 1 12 1 255 162 0 0 34 255 161 3 1 2 255 162 0 1 2 1 5 86 97 108 117 101 1 12 0 1 7 86 101 114 115 105 111 110 1 6 0 0 0 4 255 164 0 0] Num:9 Err:OK} DoOP.result.type=shardrpc.FreezeShardReply
2026/05/03 01:59:06 RSM node0: Submit received result for op.ID={0 9} queued.CommandIndex=9: error=OK result={[15 255 163 4 1 2 255 164 0 1 12 1 255 162 0 0 34 255 161 3 1 2 255 162 0 1 2 1 5 86 97 108 117 101 1 12 0 1 7 86 101 114 115 105 111 110 1 6 0 0 0 4 255 164 0 0] 9 OK}
2026/05/03 01:59:06 RSM node0: Start executed for op.ID={0 6} op.command={Key:k0}. index=-1, term=2, isLeader=false
2026/05/03 01:59:06 RSM node2: READER: applying op. applyOp.ID={0 9} applyOp.index=9 applyOp.command=shardrpc.FreezeShardArgs applyOp.command={Shard:6 Num:9}
2026/05/03 01:59:06 RSM node1: READER: applying op. applyOp.ID={0 9} applyOp.index=9 applyOp.command=shardrpc.FreezeShardArgs applyOp.command={Shard:6 Num:9}
2026/05/03 01:59:06 RSM node1: Start executed for op.ID={1 3} op.command={Shard:6 Num:9}. index=-1, term=1, isLeader=false
2026/05/03 01:59:06 RSM node1: Start executed for op.ID={1 5} op.command={Key:k0}. index=5, term=2, isLeader=true
2026/05/03 01:59:06 RSM node1: Submit enqueued. op.ID={1 5} index=5 term=2 queued.len=1
2026/05/03 01:59:06 RSM node1: READER: applying op. applyOp.ID={1 5} applyOp.index=5 applyOp.command=rpc.GetArgs applyOp.command={Key:k0}
2026/05/03 01:59:06 RSM node1: READER: dequeuing matched submit. applyOp.ID={1 5} index=5 queued.id={1 5} queued.index=5 queued.len(after)=0
2026/05/03 01:59:06 RSM node1: READER: sending OK response. applyOp.command={Key:k0} applyOp.command.type=rpc.GetArgs applyOp.ID={1 5} applyOp.index=5; queueed.command={Key:k0} queued.id={1 5} queued.index=5; DoOP.result={Value:{"Id":0,"V":54} Version:55 Err:OK} DoOP.result.type=rpc.GetReply
2026/05/03 01:59:06 RSM node1: Submit received result for op.ID={1 5} queued.CommandIndex=5: error=OK result={{"Id":0,"V":54} 55 OK}
2026/05/03 01:59:06 RSM node0: Start executed for op.ID={0 7} op.command={Key:k0 Value:{"Id":0,"V":55} Version:55}. index=-1, term=2, isLeader=false
2026/05/03 01:59:06 RSM node0: READER: applying op. applyOp.ID={1 5} applyOp.index=5 applyOp.command=rpc.GetArgs applyOp.command={Key:k0}
2026/05/03 01:59:06 RSM node2: READER: applying op. applyOp.ID={1 5} applyOp.index=5 applyOp.command=rpc.GetArgs applyOp.command={Key:k0}
2026/05/03 01:59:06 RSM node2: Start executed for op.ID={2 2} op.command={Shard:6 Num:9}. index=-1, term=1, isLeader=false
2026/05/03 01:59:06 RSM node1: Start executed for op.ID={1 6} op.command={Key:k0 Value:{"Id":0,"V":55} Version:55}. index=6, term=2, isLeader=true
2026/05/03 01:59:06 RSM node1: Submit enqueued. op.ID={1 6} index=6 term=2 queued.len=1
2026/05/03 01:59:06 RSM node1: READER: applying op. applyOp.ID={1 6} applyOp.index=6 applyOp.command=rpc.PutArgs applyOp.command={Key:k0 Value:{"Id":0,"V":55} Version:55}
2026/05/03 01:59:06 RSM node1: READER: dequeuing matched submit. applyOp.ID={1 6} index=6 queued.id={1 6} queued.index=6 queued.len(after)=0
2026/05/03 01:59:06 RSM node1: READER: sending OK response. applyOp.command={Key:k0 Value:{"Id":0,"V":55} Version:55} applyOp.command.type=rpc.PutArgs applyOp.ID={1 6} applyOp.index=6; queueed.command={Key:k0 Value:{"Id":0,"V":55} Version:55} queued.id={1 6} queued.index=6; DoOP.result={Err:OK} DoOP.result.type=rpc.PutReply
2026/05/03 01:59:06 RSM node1: Submit received result for op.ID={1 6} queued.CommandIndex=6: error=OK result={OK}
2026/05/03 01:59:06 RSM node0: Start executed for op.ID={0 8} op.command={Key:k0}. index=-1, term=2, isLeader=false
2026/05/03 01:59:06 RSM node0: Start executed for op.ID={0 10} op.command={Shard:6 Num:9}. index=10, term=1, isLeader=true
2026/05/03 01:59:06 RSM node0: Submit enqueued. op.ID={0 10} index=10 term=1 queued.len=1
2026/05/03 01:59:06 RSM node2: READER: applying op. applyOp.ID={1 6} applyOp.index=6 applyOp.command=rpc.PutArgs applyOp.command={Key:k0 Value:{"Id":0,"V":55} Version:55}
2026/05/03 01:59:06 RSM node0: READER: applying op. applyOp.ID={0 10} applyOp.index=10 applyOp.command=shardrpc.FreezeShardArgs applyOp.command={Shard:6 Num:9}
2026/05/03 01:59:06 RSM node0: READER: dequeuing matched submit. applyOp.ID={0 10} index=10 queued.id={0 10} queued.index=10 queued.len(after)=0
2026/05/03 01:59:06 RSM node0: READER: sending OK response. applyOp.command={Shard:6 Num:9} applyOp.command.type=shardrpc.FreezeShardArgs applyOp.ID={0 10} applyOp.index=10; queueed.command={Shard:6 Num:9} queued.id={0 10} queued.index=10; DoOP.result={State:[15 255 163 4 1 2 255 164 0 1 12 1 255 162 0 0 34 255 161 3 1 2 255 162 0 1 2 1 5 86 97 108 117 101 1 12 0 1 7 86 101 114 115 105 111 110 1 6 0 0 0 4 255 164 0 0] Num:9 Err:OK} DoOP.result.type=shardrpc.FreezeShardReply
2026/05/03 01:59:06 RSM node0: Submit received result for op.ID={0 10} queued.CommandIndex=10: error=OK result={[15 255 163 4 1 2 255 164 0 1 12 1 255 162 0 0 34 255 161 3 1 2 255 162 0 1 2 1 5 86 97 108 117 101 1 12 0 1 7 86 101 114 115 105 111 110 1 6 0 0 0 4 255 164 0 0] 9 OK}
2026/05/03 01:59:06 RSM node0: Start executed for op.ID={0 1} op.command={Shard:6 State:[15 255 163 4 1 2 255 164 0 1 12 1 255 162 0 0 34 255 161 3 1 2 255 162 0 1 2 1 5 86 97 108 117 101 1 12 0 1 7 86 101 114 115 105 111 110 1 6 0 0 0 4 255 164 0 0] Num:9}. index=1, term=3, isLeader=true
2026/05/03 01:59:06 RSM node0: Submit enqueued. op.ID={0 1} index=1 term=3 queued.len=1
2026/05/03 01:59:06 RSM node1: READER: applying op. applyOp.ID={0 10} applyOp.index=10 applyOp.command=shardrpc.FreezeShardArgs applyOp.command={Shard:6 Num:9}
2026/05/03 01:59:07 RSM node0: READER: applying op. applyOp.ID={0 1} applyOp.index=1 applyOp.command=shardrpc.InstallShardArgs applyOp.command={Shard:6 State:[15 255 163 4 1 2 255 164 0 1 12 1 255 162 0 0 34 255 161 3 1 2 255 162 0 1 2 1 5 86 97 108 117 101 1 12 0 1 7 86 101 114 115 105 111 110 1 6 0 0 0 4 255 164 0 0] Num:9}
2026/05/03 01:59:07 RSM node0: READER: dequeuing matched submit. applyOp.ID={0 1} index=1 queued.id={0 1} queued.index=1 queued.len(after)=0
2026/05/03 01:59:07 RSM node0: Submit received result for op.ID={0 1} queued.CommandIndex=1: error=OK result={OK}
2026/05/03 01:59:07 RSM node0: READER: sending OK response. applyOp.command={Shard:6 State:[15 255 163 4 1 2 255 164 0 1 12 1 255 162 0 0 34 255 161 3 1 2 255 162 0 1 2 1 5 86 97 108 117 101 1 12 0 1 7 86 101 114 115 105 111 110 1 6 0 0 0 4 255 164 0 0] Num:9} applyOp.command.type=shardrpc.InstallShardArgs applyOp.ID={0 1} applyOp.index=1; queueed.command={Shard:6 State:[15 255 163 4 1 2 255 164 0 1 12 1 255 162 0 0 34 255 161 3 1 2 255 162 0 1 2 1 5 86 97 108 117 101 1 12 0 1 7 86 101 114 115 105 111 110 1 6 0 0 0 4 255 164 0 0] Num:9} queued.id={0 1} queued.index=1; DoOP.result={Err:OK} DoOP.result.type=shardrpc.InstallShardReply
2026/05/03 01:59:07 RSM node0: Start executed for op.ID={0 11} op.command={Shard:6 Num:9}. index=11, term=1, isLeader=true
2026/05/03 01:59:07 RSM node0: Submit enqueued. op.ID={0 11} index=11 term=1 queued.len=1
2026/05/03 01:59:07 RSM node2: READER: applying op. applyOp.ID={0 10} applyOp.index=10 applyOp.command=shardrpc.FreezeShardArgs applyOp.command={Shard:6 Num:9}
2026/05/03 01:59:07 RSM node1: READER: applying op. applyOp.ID={0 1} applyOp.index=1 applyOp.command=shardrpc.InstallShardArgs applyOp.command={Shard:6 State:[15 255 163 4 1 2 255 164 0 1 12 1 255 162 0 0 34 255 161 3 1 2 255 162 0 1 2 1 5 86 97 108 117 101 1 12 0 1 7 86 101 114 115 105 111 110 1 6 0 0 0 4 255 164 0 0] Num:9}
2026/05/03 01:59:07 RSM node2: READER: applying op. applyOp.ID={0 1} applyOp.index=1 applyOp.command=shardrpc.InstallShardArgs applyOp.command={Shard:6 State:[15 255 163 4 1 2 255 164 0 1 12 1 255 162 0 0 34 255 161 3 1 2 255 162 0 1 2 1 5 86 97 108 117 101 1 12 0 1 7 86 101 114 115 105 111 110 1 6 0 0 0 4 255 164 0 0] Num:9}
2026/05/03 01:59:07 RSM node0: READER: applying op. applyOp.ID={1 6} applyOp.index=6 applyOp.command=rpc.PutArgs applyOp.command={Key:k0 Value:{"Id":0,"V":55} Version:55}
2026/05/03 01:59:07 RSM node0: READER: applying op. applyOp.ID={0 11} applyOp.index=11 applyOp.command=shardrpc.DeleteShardArgs applyOp.command={Shard:6 Num:9}
2026/05/03 01:59:07 RSM node0: READER: dequeuing matched submit. applyOp.ID={0 11} index=11 queued.id={0 11} queued.index=11 queued.len(after)=0
2026/05/03 01:59:07 RSM node0: READER: sending OK response. applyOp.command={Shard:6 Num:9} applyOp.command.type=shardrpc.DeleteShardArgs applyOp.ID={0 11} applyOp.index=11; queueed.command={Shard:6 Num:9} queued.id={0 11} queued.index=11; DoOP.result={Err:OK} DoOP.result.type=shardrpc.DeleteShardReply
2026/05/03 01:59:07 RSM node0: Submit received result for op.ID={0 11} queued.CommandIndex=11: error=OK result={OK}
2026/05/03 01:59:07 RSM node1: Start executed for op.ID={1 7} op.command={Key:k0}. index=7, term=2, isLeader=true
2026/05/03 01:59:07 RSM node1: Submit enqueued. op.ID={1 7} index=7 term=2 queued.len=1
2026/05/03 01:59:07 RSM node1: READER: applying op. applyOp.ID={1 7} applyOp.index=7 applyOp.command=rpc.GetArgs applyOp.command={Key:k0}
2026/05/03 01:59:07 RSM node1: READER: dequeuing matched submit. applyOp.ID={1 7} index=7 queued.id={1 7} queued.index=7 queued.len(after)=0
2026/05/03 01:59:07 RSM node1: READER: sending OK response. applyOp.command={Key:k0} applyOp.command.type=rpc.GetArgs applyOp.ID={1 7} applyOp.index=7; queueed.command={Key:k0} queued.id={1 7} queued.index=7; DoOP.result={Value:{"Id":0,"V":55} Version:56 Err:OK} DoOP.result.type=rpc.GetReply
2026/05/03 01:59:07 RSM node1: Submit received result for op.ID={1 7} queued.CommandIndex=7: error=OK result={{"Id":0,"V":55} 56 OK}
2026/05/03 01:59:07 RSM node1: READER: applying op. applyOp.ID={0 11} applyOp.index=11 applyOp.command=shardrpc.DeleteShardArgs applyOp.command={Shard:6 Num:9}
2026/05/03 01:59:07 RSM node2: READER: applying op. applyOp.ID={0 11} applyOp.index=11 applyOp.command=shardrpc.DeleteShardArgs applyOp.command={Shard:6 Num:9}
2026/05/03 01:59:07 RSM node0: Start executed for op.ID={0 9} op.command={Key:k0 Value:{"Id":0,"V":56} Version:56}. index=-1, term=2, isLeader=false
2026/05/03 01:59:07 RSM node0: READER: applying op. applyOp.ID={1 7} applyOp.index=7 applyOp.command=rpc.GetArgs applyOp.command={Key:k0}
2026/05/03 01:59:07 RSM node2: READER: applying op. applyOp.ID={1 7} applyOp.index=7 applyOp.command=rpc.GetArgs applyOp.command={Key:k0}
2026/05/03 01:59:07 RSM node1: Start executed for op.ID={1 8} op.command={Key:k0 Value:{"Id":0,"V":56} Version:56}. index=8, term=2, isLeader=true
2026/05/03 01:59:07 RSM node1: Submit enqueued. op.ID={1 8} index=8 term=2 queued.len=1
2026/05/03 01:59:07 RSM node1: READER: applying op. applyOp.ID={1 8} applyOp.index=8 applyOp.command=rpc.PutArgs applyOp.command={Key:k0 Value:{"Id":0,"V":56} Version:56}
2026/05/03 01:59:07 RSM node1: READER: dequeuing matched submit. applyOp.ID={1 8} index=8 queued.id={1 8} queued.index=8 queued.len(after)=0
2026/05/03 01:59:07 RSM node1: READER: sending OK response. applyOp.command={Key:k0 Value:{"Id":0,"V":56} Version:56} applyOp.command.type=rpc.PutArgs applyOp.ID={1 8} applyOp.index=8; queueed.command={Key:k0 Value:{"Id":0,"V":56} Version:56} queued.id={1 8} queued.index=8; DoOP.result={Err:OK} DoOP.result.type=rpc.PutReply
2026/05/03 01:59:07 RSM node1: Submit received result for op.ID={1 8} queued.CommandIndex=8: error=OK result={OK}
2026/05/03 01:59:07 RSM node0: Start executed for op.ID={0 10} op.command={Key:k0}. index=-1, term=2, isLeader=false
2026/05/03 01:59:07 RSM node0: READER: applying op. applyOp.ID={1 8} applyOp.index=8 applyOp.command=rpc.PutArgs applyOp.command={Key:k0 Value:{"Id":0,"V":56} Version:56}
2026/05/03 01:59:07 RSM node2: READER: applying op. applyOp.ID={1 8} applyOp.index=8 applyOp.command=rpc.PutArgs applyOp.command={Key:k0 Value:{"Id":0,"V":56} Version:56}
2026/05/03 01:59:07 RSM node0: Start executed for op.ID={0 18} op.command={Shard:5 Num:10}. index=18, term=2, isLeader=true
2026/05/03 01:59:07 RSM node0: Submit enqueued. op.ID={0 18} index=18 term=2 queued.len=1
2026/05/03 01:59:07 RSM node0: READER: applying op. applyOp.ID={0 18} applyOp.index=18 applyOp.command=shardrpc.FreezeShardArgs applyOp.command={Shard:5 Num:10}
2026/05/03 01:59:07 RSM node0: READER: dequeuing matched submit. applyOp.ID={0 18} index=18 queued.id={0 18} queued.index=18 queued.len(after)=0
2026/05/03 01:59:07 RSM node0: READER: sending OK response. applyOp.command={Shard:5 Num:10} applyOp.command.type=shardrpc.FreezeShardArgs applyOp.ID={0 18} applyOp.index=18; queueed.command={Shard:5 Num:10} queued.id={0 18} queued.index=18; DoOP.result={State:[15 255 163 4 1 2 255 164 0 1 12 1 255 162 0 0 34 255 161 3 1 2 255 162 0 1 2 1 5 86 97 108 117 101 1 12 0 1 7 86 101 114 115 105 111 110 1 6 0 0 0 4 255 164 0 0] Num:10 Err:OK} DoOP.result.type=shardrpc.FreezeShardReply
2026/05/03 01:59:07 RSM node0: Submit received result for op.ID={0 18} queued.CommandIndex=18: error=OK result={[15 255 163 4 1 2 255 164 0 1 12 1 255 162 0 0 34 255 161 3 1 2 255 162 0 1 2 1 5 86 97 108 117 101 1 12 0 1 7 86 101 114 115 105 111 110 1 6 0 0 0 4 255 164 0 0] 10 OK}
2026/05/03 01:59:07 RSM node0: Start executed for op.ID={0 147} op.command={Shard:5 State:[15 255 163 4 1 2 255 164 0 1 12 1 255 162 0 0 34 255 161 3 1 2 255 162 0 1 2 1 5 86 97 108 117 101 1 12 0 1 7 86 101 114 115 105 111 110 1 6 0 0 0 4 255 164 0 0] Num:10}. index=147, term=1, isLeader=true
2026/05/03 01:59:07 RSM node0: Submit enqueued. op.ID={0 147} index=147 term=1 queued.len=1
2026/05/03 01:59:07 RSM node0: READER: applying op. applyOp.ID={0 147} applyOp.index=147 applyOp.command=shardrpc.InstallShardArgs applyOp.command={Shard:5 State:[15 255 163 4 1 2 255 164 0 1 12 1 255 162 0 0 34 255 161 3 1 2 255 162 0 1 2 1 5 86 97 108 117 101 1 12 0 1 7 86 101 114 115 105 111 110 1 6 0 0 0 4 255 164 0 0] Num:10}
2026/05/03 01:59:07 RSM node0: READER: dequeuing matched submit. applyOp.ID={0 147} index=147 queued.id={0 147} queued.index=147 queued.len(after)=0
2026/05/03 01:59:07 RSM node0: Submit received result for op.ID={0 147} queued.CommandIndex=147: error=OK result={OK}
2026/05/03 01:59:07 RSM node0: READER: sending OK response. applyOp.command={Shard:5 State:[15 255 163 4 1 2 255 164 0 1 12 1 255 162 0 0 34 255 161 3 1 2 255 162 0 1 2 1 5 86 97 108 117 101 1 12 0 1 7 86 101 114 115 105 111 110 1 6 0 0 0 4 255 164 0 0] Num:10} applyOp.command.type=shardrpc.InstallShardArgs applyOp.ID={0 147} applyOp.index=147; queueed.command={Shard:5 State:[15 255 163 4 1 2 255 164 0 1 12 1 255 162 0 0 34 255 161 3 1 2 255 162 0 1 2 1 5 86 97 108 117 101 1 12 0 1 7 86 101 114 115 105 111 110 1 6 0 0 0 4 255 164 0 0] Num:10} queued.id={0 147} queued.index=147; DoOP.result={Err:OK} DoOP.result.type=shardrpc.InstallShardReply
2026/05/03 01:59:07 RSM node1: READER: applying op. applyOp.ID={0 18} applyOp.index=18 applyOp.command=shardrpc.FreezeShardArgs applyOp.command={Shard:5 Num:10}
2026/05/03 01:59:07 RSM node1: Start executed for op.ID={1 9} op.command={Key:k0}. index=9, term=2, isLeader=true
2026/05/03 01:59:07 RSM node1: Submit enqueued. op.ID={1 9} index=9 term=2 queued.len=1
2026/05/03 01:59:07 RSM node1: READER: applying op. applyOp.ID={1 9} applyOp.index=9 applyOp.command=rpc.GetArgs applyOp.command={Key:k0}
2026/05/03 01:59:07 RSM node1: READER: dequeuing matched submit. applyOp.ID={1 9} index=9 queued.id={1 9} queued.index=9 queued.len(after)=0
2026/05/03 01:59:07 RSM node1: READER: sending OK response. applyOp.command={Key:k0} applyOp.command.type=rpc.GetArgs applyOp.ID={1 9} applyOp.index=9; queueed.command={Key:k0} queued.id={1 9} queued.index=9; DoOP.result={Value:{"Id":0,"V":56} Version:57 Err:OK} DoOP.result.type=rpc.GetReply
2026/05/03 01:59:07 RSM node1: Submit received result for op.ID={1 9} queued.CommandIndex=9: error=OK result={{"Id":0,"V":56} 57 OK}
2026/05/03 01:59:07 RSM node2: READER: applying op. applyOp.ID={0 147} applyOp.index=147 applyOp.command=shardrpc.InstallShardArgs applyOp.command={Shard:5 State:[15 255 163 4 1 2 255 164 0 1 12 1 255 162 0 0 34 255 161 3 1 2 255 162 0 1 2 1 5 86 97 108 117 101 1 12 0 1 7 86 101 114 115 105 111 110 1 6 0 0 0 4 255 164 0 0] Num:10}
2026/05/03 01:59:07 RSM node2: READER: applying op. applyOp.ID={0 18} applyOp.index=18 applyOp.command=shardrpc.FreezeShardArgs applyOp.command={Shard:5 Num:10}
2026/05/03 01:59:07 RSM node0: Start executed for op.ID={0 11} op.command={Key:k0 Value:{"Id":0,"V":57} Version:57}. index=-1, term=2, isLeader=false
2026/05/03 01:59:07 RSM node0: READER: applying op. applyOp.ID={1 9} applyOp.index=9 applyOp.command=rpc.GetArgs applyOp.command={Key:k0}
2026/05/03 01:59:07 RSM node1: READER: applying op. applyOp.ID={0 147} applyOp.index=147 applyOp.command=shardrpc.InstallShardArgs applyOp.command={Shard:5 State:[15 255 163 4 1 2 255 164 0 1 12 1 255 162 0 0 34 255 161 3 1 2 255 162 0 1 2 1 5 86 97 108 117 101 1 12 0 1 7 86 101 114 115 105 111 110 1 6 0 0 0 4 255 164 0 0] Num:10}
2026/05/03 01:59:07 RSM node2: READER: applying op. applyOp.ID={1 9} applyOp.index=9 applyOp.command=rpc.GetArgs applyOp.command={Key:k0}
2026/05/03 01:59:07 RSM node1: Start executed for op.ID={1 4} op.command={Shard:5 Num:10}. index=-1, term=2, isLeader=false
2026/05/03 01:59:07 RSM node1: Start executed for op.ID={1 10} op.command={Key:k0 Value:{"Id":0,"V":57} Version:57}. index=10, term=2, isLeader=true
2026/05/03 01:59:07 RSM node1: Submit enqueued. op.ID={1 10} index=10 term=2 queued.len=1
2026/05/03 01:59:07 RSM node1: READER: applying op. applyOp.ID={1 10} applyOp.index=10 applyOp.command=rpc.PutArgs applyOp.command={Key:k0 Value:{"Id":0,"V":57} Version:57}
2026/05/03 01:59:07 RSM node1: READER: dequeuing matched submit. applyOp.ID={1 10} index=10 queued.id={1 10} queued.index=10 queued.len(after)=0
2026/05/03 01:59:07 RSM node1: READER: sending OK response. applyOp.command={Key:k0 Value:{"Id":0,"V":57} Version:57} applyOp.command.type=rpc.PutArgs applyOp.ID={1 10} applyOp.index=10; queueed.command={Key:k0 Value:{"Id":0,"V":57} Version:57} queued.id={1 10} queued.index=10; DoOP.result={Err:OK} DoOP.result.type=rpc.PutReply
2026/05/03 01:59:07 RSM node1: Submit received result for op.ID={1 10} queued.CommandIndex=10: error=OK result={OK}
2026/05/03 01:59:07 RSM node2: Start executed for op.ID={2 3} op.command={Shard:5 Num:10}. index=-1, term=2, isLeader=false
2026/05/03 01:59:07 RSM node0: Start executed for op.ID={0 12} op.command={Key:k0}. index=-1, term=2, isLeader=false
2026/05/03 01:59:07 RSM node0: READER: applying op. applyOp.ID={1 10} applyOp.index=10 applyOp.command=rpc.PutArgs applyOp.command={Key:k0 Value:{"Id":0,"V":57} Version:57}
2026/05/03 01:59:07 RSM node2: READER: applying op. applyOp.ID={1 10} applyOp.index=10 applyOp.command=rpc.PutArgs applyOp.command={Key:k0 Value:{"Id":0,"V":57} Version:57}
2026/05/03 01:59:07 RSM node0: Start executed for op.ID={0 19} op.command={Shard:5 Num:10}. index=19, term=2, isLeader=true
2026/05/03 01:59:07 RSM node0: Submit enqueued. op.ID={0 19} index=19 term=2 queued.len=1
2026/05/03 01:59:07 RSM node0: READER: applying op. applyOp.ID={0 19} applyOp.index=19 applyOp.command=shardrpc.DeleteShardArgs applyOp.command={Shard:5 Num:10}
2026/05/03 01:59:07 RSM node0: READER: dequeuing matched submit. applyOp.ID={0 19} index=19 queued.id={0 19} queued.index=19 queued.len(after)=0
2026/05/03 01:59:07 RSM node0: READER: sending OK response. applyOp.command={Shard:5 Num:10} applyOp.command.type=shardrpc.DeleteShardArgs applyOp.ID={0 19} applyOp.index=19; queueed.command={Shard:5 Num:10} queued.id={0 19} queued.index=19; DoOP.result={Err:OK} DoOP.result.type=shardrpc.DeleteShardReply
2026/05/03 01:59:07 RSM node0: Submit received result for op.ID={0 19} queued.CommandIndex=19: error=OK result={OK}
2026/05/03 01:59:07 RSM node1: Start executed for op.ID={1 11} op.command={Key:k0}. index=11, term=2, isLeader=true
2026/05/03 01:59:07 RSM node1: Submit enqueued. op.ID={1 11} index=11 term=2 queued.len=1
2026/05/03 01:59:07 RSM node1: READER: applying op. applyOp.ID={1 11} applyOp.index=11 applyOp.command=rpc.GetArgs applyOp.command={Key:k0}
2026/05/03 01:59:07 RSM node1: READER: dequeuing matched submit. applyOp.ID={1 11} index=11 queued.id={1 11} queued.index=11 queued.len(after)=0
2026/05/03 01:59:07 RSM node1: READER: sending OK response. applyOp.command={Key:k0} applyOp.command.type=rpc.GetArgs applyOp.ID={1 11} applyOp.index=11; queueed.command={Key:k0} queued.id={1 11} queued.index=11; DoOP.result={Value:{"Id":0,"V":57} Version:58 Err:OK} DoOP.result.type=rpc.GetReply
2026/05/03 01:59:07 RSM node1: Submit received result for op.ID={1 11} queued.CommandIndex=11: error=OK result={{"Id":0,"V":57} 58 OK}
2026/05/03 01:59:07 RSM node0: Start executed for op.ID={0 13} op.command={Key:k0 Value:{"Id":0,"V":58} Version:58}. index=-1, term=2, isLeader=false
2026/05/03 01:59:07 RSM node1: READER: applying op. applyOp.ID={0 19} applyOp.index=19 applyOp.command=shardrpc.DeleteShardArgs applyOp.command={Shard:5 Num:10}
2026/05/03 01:59:07 RSM node2: READER: applying op. applyOp.ID={0 19} applyOp.index=19 applyOp.command=shardrpc.DeleteShardArgs applyOp.command={Shard:5 Num:10}
2026/05/03 01:59:07 RSM node2: READER: applying op. applyOp.ID={1 11} applyOp.index=11 applyOp.command=rpc.GetArgs applyOp.command={Key:k0}
2026/05/03 01:59:07 RSM node0: READER: applying op. applyOp.ID={1 11} applyOp.index=11 applyOp.command=rpc.GetArgs applyOp.command={Key:k0}
2026/05/03 01:59:07 RSM node1: Start executed for op.ID={1 12} op.command={Key:k0 Value:{"Id":0,"V":58} Version:58}. index=12, term=2, isLeader=true
2026/05/03 01:59:07 RSM node1: Submit enqueued. op.ID={1 12} index=12 term=2 queued.len=1
2026/05/03 01:59:07 RSM node1: READER: applying op. applyOp.ID={1 12} applyOp.index=12 applyOp.command=rpc.PutArgs applyOp.command={Key:k0 Value:{"Id":0,"V":58} Version:58}
2026/05/03 01:59:07 RSM node1: READER: dequeuing matched submit. applyOp.ID={1 12} index=12 queued.id={1 12} queued.index=12 queued.len(after)=0
2026/05/03 01:59:07 RSM node1: READER: sending OK response. applyOp.command={Key:k0 Value:{"Id":0,"V":58} Version:58} applyOp.command.type=rpc.PutArgs applyOp.ID={1 12} applyOp.index=12; queueed.command={Key:k0 Value:{"Id":0,"V":58} Version:58} queued.id={1 12} queued.index=12; DoOP.result={Err:OK} DoOP.result.type=rpc.PutReply
2026/05/03 01:59:07 RSM node1: Submit received result for op.ID={1 12} queued.CommandIndex=12: error=OK result={OK}
2026/05/03 01:59:07 RSM node2: READER: applying op. applyOp.ID={1 12} applyOp.index=12 applyOp.command=rpc.PutArgs applyOp.command={Key:k0 Value:{"Id":0,"V":58} Version:58}
2026/05/03 01:59:07 RSM node0: READER: applying op. applyOp.ID={1 12} applyOp.index=12 applyOp.command=rpc.PutArgs applyOp.command={Key:k0 Value:{"Id":0,"V":58} Version:58}
2026/05/03 01:59:08 RSM node0: Start executed for op.ID={0 14} op.command={Key:k0}. index=-1, term=2, isLeader=false
2026/05/03 01:59:08 RSM node1: Start executed for op.ID={1 13} op.command={Key:k0}. index=13, term=2, isLeader=true
2026/05/03 01:59:08 RSM node1: Submit enqueued. op.ID={1 13} index=13 term=2 queued.len=1
2026/05/03 01:59:08 RSM node1: READER: applying op. applyOp.ID={1 13} applyOp.index=13 applyOp.command=rpc.GetArgs applyOp.command={Key:k0}
2026/05/03 01:59:08 RSM node1: READER: dequeuing matched submit. applyOp.ID={1 13} index=13 queued.id={1 13} queued.index=13 queued.len(after)=0
2026/05/03 01:59:08 RSM node1: READER: sending OK response. applyOp.command={Key:k0} applyOp.command.type=rpc.GetArgs applyOp.ID={1 13} applyOp.index=13; queueed.command={Key:k0} queued.id={1 13} queued.index=13; DoOP.result={Value:{"Id":0,"V":58} Version:59 Err:OK} DoOP.result.type=rpc.GetReply
2026/05/03 01:59:08 RSM node1: Submit received result for op.ID={1 13} queued.CommandIndex=13: error=OK result={{"Id":0,"V":58} 59 OK}
2026/05/03 01:59:08 RSM node2: READER: applying op. applyOp.ID={1 13} applyOp.index=13 applyOp.command=rpc.GetArgs applyOp.command={Key:k0}
2026/05/03 01:59:08 RSM node1: Start executed for op.ID={1 4} op.command={Shard:7 Num:11}. index=-1, term=1, isLeader=false
2026/05/03 01:59:08 RSM node0: READER: applying op. applyOp.ID={1 13} applyOp.index=13 applyOp.command=rpc.GetArgs applyOp.command={Key:k0}
2026/05/03 01:59:08 RSM node0: Start executed for op.ID={0 15} op.command={Key:k0 Value:{"Id":0,"V":59} Version:59}. index=-1, term=2, isLeader=false
2026/05/03 01:59:08 RSM node2: Start executed for op.ID={2 3} op.command={Shard:7 Num:11}. index=-1, term=1, isLeader=false
2026/05/03 01:59:08 RSM node1: Start executed for op.ID={1 14} op.command={Key:k0 Value:{"Id":0,"V":59} Version:59}. index=14, term=2, isLeader=true
2026/05/03 01:59:08 RSM node1: Submit enqueued. op.ID={1 14} index=14 term=2 queued.len=1
2026/05/03 01:59:08 RSM node1: READER: applying op. applyOp.ID={1 14} applyOp.index=14 applyOp.command=rpc.PutArgs applyOp.command={Key:k0 Value:{"Id":0,"V":59} Version:59}
2026/05/03 01:59:08 RSM node1: READER: dequeuing matched submit. applyOp.ID={1 14} index=14 queued.id={1 14} queued.index=14 queued.len(after)=0
2026/05/03 01:59:08 RSM node1: READER: sending OK response. applyOp.command={Key:k0 Value:{"Id":0,"V":59} Version:59} applyOp.command.type=rpc.PutArgs applyOp.ID={1 14} applyOp.index=14; queueed.command={Key:k0 Value:{"Id":0,"V":59} Version:59} queued.id={1 14} queued.index=14; DoOP.result={Err:OK} DoOP.result.type=rpc.PutReply
2026/05/03 01:59:08 RSM node1: Submit received result for op.ID={1 14} queued.CommandIndex=14: error=OK result={OK}
2026/05/03 01:59:08 RSM node0: READER: applying op. applyOp.ID={1 14} applyOp.index=14 applyOp.command=rpc.PutArgs applyOp.command={Key:k0 Value:{"Id":0,"V":59} Version:59}
2026/05/03 01:59:08 RSM node2: READER: applying op. applyOp.ID={1 14} applyOp.index=14 applyOp.command=rpc.PutArgs applyOp.command={Key:k0 Value:{"Id":0,"V":59} Version:59}
2026/05/03 01:59:08 RSM node0: Start executed for op.ID={0 12} op.command={Shard:7 Num:11}. index=12, term=1, isLeader=true
2026/05/03 01:59:08 RSM node0: Submit enqueued. op.ID={0 12} index=12 term=1 queued.len=1
2026/05/03 01:59:08 RSM node2: Start executed for op.ID={2 3} op.command={Key:k0 Value:{"Id":0,"V":59} Version:59}. index=-1, term=2, isLeader=false
2026/05/03 01:59:08 RSM node0: READER: applying op. applyOp.ID={0 12} applyOp.index=12 applyOp.command=shardrpc.FreezeShardArgs applyOp.command={Shard:7 Num:11}
2026/05/03 01:59:08 RSM node0: READER: dequeuing matched submit. applyOp.ID={0 12} index=12 queued.id={0 12} queued.index=12 queued.len(after)=0
2026/05/03 01:59:08 RSM node0: READER: sending OK response. applyOp.command={Shard:7 Num:11} applyOp.command.type=shardrpc.FreezeShardArgs applyOp.ID={0 12} applyOp.index=12; queueed.command={Shard:7 Num:11} queued.id={0 12} queued.index=12; DoOP.result={State:[15 255 163 4 1 2 255 164 0 1 12 1 255 162 0 0 34 255 161 3 1 2 255 162 0 1 2 1 5 86 97 108 117 101 1 12 0 1 7 86 101 114 115 105 111 110 1 6 0 0 0 4 255 164 0 0] Num:11 Err:OK} DoOP.result.type=shardrpc.FreezeShardReply
2026/05/03 01:59:08 RSM node0: Submit received result for op.ID={0 12} queued.CommandIndex=12: error=OK result={[15 255 163 4 1 2 255 164 0 1 12 1 255 162 0 0 34 255 161 3 1 2 255 162 0 1 2 1 5 86 97 108 117 101 1 12 0 1 7 86 101 114 115 105 111 110 1 6 0 0 0 4 255 164 0 0] 11 OK}
2026/05/03 01:59:08 RSM node1: READER: applying op. applyOp.ID={0 12} applyOp.index=12 applyOp.command=shardrpc.FreezeShardArgs applyOp.command={Shard:7 Num:11}
2026/05/03 01:59:08 RSM node0: Start executed for op.ID={0 16} op.command={Shard:7 State:[15 255 163 4 1 2 255 164 0 1 12 1 255 162 0 0 34 255 161 3 1 2 255 162 0 1 2 1 5 86 97 108 117 101 1 12 0 1 7 86 101 114 115 105 111 110 1 6 0 0 0 4 255 164 0 0] Num:11}. index=-1, term=2, isLeader=false
2026/05/03 01:59:08 RSM node2: READER: applying op. applyOp.ID={0 12} applyOp.index=12 applyOp.command=shardrpc.FreezeShardArgs applyOp.command={Shard:7 Num:11}
2026/05/03 01:59:08 RSM node0: Start executed for op.ID={0 17} op.command={Key:k0 Value:{"Id":0,"V":59} Version:59}. index=-1, term=2, isLeader=false
2026/05/03 01:59:08 RSM node1: Start executed for op.ID={1 15} op.command={Shard:7 State:[15 255 163 4 1 2 255 164 0 1 12 1 255 162 0 0 34 255 161 3 1 2 255 162 0 1 2 1 5 86 97 108 117 101 1 12 0 1 7 86 101 114 115 105 111 110 1 6 0 0 0 4 255 164 0 0] Num:11}. index=15, term=2, isLeader=true
2026/05/03 01:59:08 RSM node1: Submit enqueued. op.ID={1 15} index=15 term=2 queued.len=1
2026/05/03 01:59:08 RSM node1: READER: applying op. applyOp.ID={1 15} applyOp.index=15 applyOp.command=shardrpc.InstallShardArgs applyOp.command={Shard:7 State:[15 255 163 4 1 2 255 164 0 1 12 1 255 162 0 0 34 255 161 3 1 2 255 162 0 1 2 1 5 86 97 108 117 101 1 12 0 1 7 86 101 114 115 105 111 110 1 6 0 0 0 4 255 164 0 0] Num:11}
2026/05/03 01:59:08 RSM node1: READER: dequeuing matched submit. applyOp.ID={1 15} index=15 queued.id={1 15} queued.index=15 queued.len(after)=0
2026/05/03 01:59:08 RSM node1: READER: sending OK response. applyOp.command={Shard:7 State:[15 255 163 4 1 2 255 164 0 1 12 1 255 162 0 0 34 255 161 3 1 2 255 162 0 1 2 1 5 86 97 108 117 101 1 12 0 1 7 86 101 114 115 105 111 110 1 6 0 0 0 4 255 164 0 0] Num:11} applyOp.command.type=shardrpc.InstallShardArgs applyOp.ID={1 15} applyOp.index=15; queueed.command={Shard:7 State:[15 255 163 4 1 2 255 164 0 1 12 1 255 162 0 0 34 255 161 3 1 2 255 162 0 1 2 1 5 86 97 108 117 101 1 12 0 1 7 86 101 114 115 105 111 110 1 6 0 0 0 4 255 164 0 0] Num:11} queued.id={1 15} queued.index=15; DoOP.result={Err:OK} DoOP.result.type=shardrpc.InstallShardReply
2026/05/03 01:59:08 RSM node1: Submit received result for op.ID={1 15} queued.CommandIndex=15: error=OK result={OK}
2026/05/03 01:59:08 RSM node0: Start executed for op.ID={0 13} op.command={Shard:7 Num:11}. index=13, term=1, isLeader=true
2026/05/03 01:59:08 RSM node0: Submit enqueued. op.ID={0 13} index=13 term=1 queued.len=1
2026/05/03 01:59:08 RSM node0: READER: applying op. applyOp.ID={0 13} applyOp.index=13 applyOp.command=shardrpc.DeleteShardArgs applyOp.command={Shard:7 Num:11}
2026/05/03 01:59:08 RSM node0: READER: dequeuing matched submit. applyOp.ID={0 13} index=13 queued.id={0 13} queued.index=13 queued.len(after)=0
2026/05/03 01:59:08 RSM node0: READER: sending OK response. applyOp.command={Shard:7 Num:11} applyOp.command.type=shardrpc.DeleteShardArgs applyOp.ID={0 13} applyOp.index=13; queueed.command={Shard:7 Num:11} queued.id={0 13} queued.index=13; DoOP.result={Err:OK} DoOP.result.type=shardrpc.DeleteShardReply
2026/05/03 01:59:08 RSM node0: Submit received result for op.ID={0 13} queued.CommandIndex=13: error=OK result={OK}
2026/05/03 01:59:08 RSM node0: READER: applying op. applyOp.ID={1 15} applyOp.index=15 applyOp.command=shardrpc.InstallShardArgs applyOp.command={Shard:7 State:[15 255 163 4 1 2 255 164 0 1 12 1 255 162 0 0 34 255 161 3 1 2 255 162 0 1 2 1 5 86 97 108 117 101 1 12 0 1 7 86 101 114 115 105 111 110 1 6 0 0 0 4 255 164 0 0] Num:11}
2026/05/03 01:59:08 RSM node1: Start executed for op.ID={1 16} op.command={Key:k0 Value:{"Id":0,"V":59} Version:59}. index=16, term=2, isLeader=true
2026/05/03 01:59:08 RSM node1: Submit enqueued. op.ID={1 16} index=16 term=2 queued.len=1
2026/05/03 01:59:08 RSM node2: READER: applying op. applyOp.ID={1 15} applyOp.index=15 applyOp.command=shardrpc.InstallShardArgs applyOp.command={Shard:7 State:[15 255 163 4 1 2 255 164 0 1 12 1 255 162 0 0 34 255 161 3 1 2 255 162 0 1 2 1 5 86 97 108 117 101 1 12 0 1 7 86 101 114 115 105 111 110 1 6 0 0 0 4 255 164 0 0] Num:11}
2026/05/03 01:59:08 RSM node1: READER: applying op. applyOp.ID={1 16} applyOp.index=16 applyOp.command=rpc.PutArgs applyOp.command={Key:k0 Value:{"Id":0,"V":59} Version:59}
2026/05/03 01:59:08 RSM node1: READER: dequeuing matched submit. applyOp.ID={1 16} index=16 queued.id={1 16} queued.index=16 queued.len(after)=0
2026/05/03 01:59:08 RSM node1: READER: sending OK response. applyOp.command={Key:k0 Value:{"Id":0,"V":59} Version:59} applyOp.command.type=rpc.PutArgs applyOp.ID={1 16} applyOp.index=16; queueed.command={Key:k0 Value:{"Id":0,"V":59} Version:59} queued.id={1 16} queued.index=16; DoOP.result={Err:ErrVersion} DoOP.result.type=rpc.PutReply
2026/05/03 01:59:08 RSM node1: Submit received result for op.ID={1 16} queued.CommandIndex=16: error=OK result={ErrVersion}
2026/05/03 01:59:08 RSM node0: Start executed for op.ID={0 18} op.command={Key:k0}. index=-1, term=2, isLeader=false
2026/05/03 01:59:08 RSM node0: READER: applying op. applyOp.ID={1 16} applyOp.index=16 applyOp.command=rpc.PutArgs applyOp.command={Key:k0 Value:{"Id":0,"V":59} Version:59}
2026/05/03 01:59:08 RSM node1: Start executed for op.ID={1 17} op.command={Key:k0}. index=17, term=2, isLeader=true
2026/05/03 01:59:08 RSM node1: Submit enqueued. op.ID={1 17} index=17 term=2 queued.len=1
2026/05/03 01:59:08 RSM node2: READER: applying op. applyOp.ID={1 16} applyOp.index=16 applyOp.command=rpc.PutArgs applyOp.command={Key:k0 Value:{"Id":0,"V":59} Version:59}
2026/05/03 01:59:08 RSM node1: READER: applying op. applyOp.ID={1 17} applyOp.index=17 applyOp.command=rpc.GetArgs applyOp.command={Key:k0}
2026/05/03 01:59:08 RSM node1: READER: dequeuing matched submit. applyOp.ID={1 17} index=17 queued.id={1 17} queued.index=17 queued.len(after)=0
2026/05/03 01:59:08 RSM node1: READER: sending OK response. applyOp.command={Key:k0} applyOp.command.type=rpc.GetArgs applyOp.ID={1 17} applyOp.index=17; queueed.command={Key:k0} queued.id={1 17} queued.index=17; DoOP.result={Value:{"Id":0,"V":59} Version:60 Err:OK} DoOP.result.type=rpc.GetReply
2026/05/03 01:59:08 RSM node1: Submit received result for op.ID={1 17} queued.CommandIndex=17: error=OK result={{"Id":0,"V":59} 60 OK}
2026/05/03 01:59:08 RSM node0: Start executed for op.ID={0 19} op.command={Key:k0 Value:{"Id":0,"V":60} Version:60}. index=-1, term=2, isLeader=false
2026/05/03 01:59:08 RSM node0: READER: applying op. applyOp.ID={1 17} applyOp.index=17 applyOp.command=rpc.GetArgs applyOp.command={Key:k0}
2026/05/03 01:59:08 RSM node2: READER: applying op. applyOp.ID={1 17} applyOp.index=17 applyOp.command=rpc.GetArgs applyOp.command={Key:k0}
2026/05/03 01:59:08 RSM node1: Start executed for op.ID={1 18} op.command={Key:k0 Value:{"Id":0,"V":60} Version:60}. index=18, term=2, isLeader=true
2026/05/03 01:59:08 RSM node1: Submit enqueued. op.ID={1 18} index=18 term=2 queued.len=1
2026/05/03 01:59:08 RSM node0: Start executed for op.ID={0 6} op.command={Shard:2 Num:12}. index=6, term=2, isLeader=true
2026/05/03 01:59:08 RSM node0: Submit enqueued. op.ID={0 6} index=6 term=2 queued.len=1
2026/05/03 01:59:08 RSM node1: READER: applying op. applyOp.ID={1 18} applyOp.index=18 applyOp.command=rpc.PutArgs applyOp.command={Key:k0 Value:{"Id":0,"V":60} Version:60}
2026/05/03 01:59:08 RSM node1: READER: dequeuing matched submit. applyOp.ID={1 18} index=18 queued.id={1 18} queued.index=18 queued.len(after)=0
2026/05/03 01:59:08 RSM node1: READER: sending OK response. applyOp.command={Key:k0 Value:{"Id":0,"V":60} Version:60} applyOp.command.type=rpc.PutArgs applyOp.ID={1 18} applyOp.index=18; queueed.command={Key:k0 Value:{"Id":0,"V":60} Version:60} queued.id={1 18} queued.index=18; DoOP.result={Err:OK} DoOP.result.type=rpc.PutReply
2026/05/03 01:59:08 RSM node1: Submit received result for op.ID={1 18} queued.CommandIndex=18: error=OK result={OK}
2026/05/03 01:59:08 RSM node0: READER: applying op. applyOp.ID={0 6} applyOp.index=6 applyOp.command=shardrpc.FreezeShardArgs applyOp.command={Shard:2 Num:12}
2026/05/03 01:59:08 RSM node0: READER: dequeuing matched submit. applyOp.ID={0 6} index=6 queued.id={0 6} queued.index=6 queued.len(after)=0
2026/05/03 01:59:08 RSM node0: READER: sending OK response. applyOp.command={Shard:2 Num:12} applyOp.command.type=shardrpc.FreezeShardArgs applyOp.ID={0 6} applyOp.index=6; queueed.command={Shard:2 Num:12} queued.id={0 6} queued.index=6; DoOP.result={State:[15 255 163 4 1 2 255 164 0 1 12 1 255 162 0 0 34 255 161 3 1 2 255 162 0 1 2 1 5 86 97 108 117 101 1 12 0 1 7 86 101 114 115 105 111 110 1 6 0 0 0 4 255 164 0 0] Num:12 Err:OK} DoOP.result.type=shardrpc.FreezeShardReply
2026/05/03 01:59:08 RSM node0: Submit received result for op.ID={0 6} queued.CommandIndex=6: error=OK result={[15 255 163 4 1 2 255 164 0 1 12 1 255 162 0 0 34 255 161 3 1 2 255 162 0 1 2 1 5 86 97 108 117 101 1 12 0 1 7 86 101 114 115 105 111 110 1 6 0 0 0 4 255 164 0 0] 12 OK}
2026/05/03 01:59:08 RSM node0: Start executed for op.ID={0 2} op.command={Shard:2 State:[15 255 163 4 1 2 255 164 0 1 12 1 255 162 0 0 34 255 161 3 1 2 255 162 0 1 2 1 5 86 97 108 117 101 1 12 0 1 7 86 101 114 115 105 111 110 1 6 0 0 0 4 255 164 0 0] Num:12}. index=2, term=2, isLeader=true
2026/05/03 01:59:08 RSM node0: Submit enqueued. op.ID={0 2} index=2 term=2 queued.len=1
2026/05/03 01:59:08 RSM node0: Start executed for op.ID={0 20} op.command={Key:k0}. index=-1, term=2, isLeader=false
2026/05/03 01:59:08 RSM node0: READER: applying op. applyOp.ID={0 2} applyOp.index=2 applyOp.command=shardrpc.InstallShardArgs applyOp.command={Shard:2 State:[15 255 163 4 1 2 255 164 0 1 12 1 255 162 0 0 34 255 161 3 1 2 255 162 0 1 2 1 5 86 97 108 117 101 1 12 0 1 7 86 101 114 115 105 111 110 1 6 0 0 0 4 255 164 0 0] Num:12}
2026/05/03 01:59:08 RSM node0: READER: dequeuing matched submit. applyOp.ID={0 2} index=2 queued.id={0 2} queued.index=2 queued.len(after)=0
2026/05/03 01:59:08 RSM node0: Submit received result for op.ID={0 2} queued.CommandIndex=2: error=OK result={OK}
2026/05/03 01:59:08 RSM node0: READER: sending OK response. applyOp.command={Shard:2 State:[15 255 163 4 1 2 255 164 0 1 12 1 255 162 0 0 34 255 161 3 1 2 255 162 0 1 2 1 5 86 97 108 117 101 1 12 0 1 7 86 101 114 115 105 111 110 1 6 0 0 0 4 255 164 0 0] Num:12} applyOp.command.type=shardrpc.InstallShardArgs applyOp.ID={0 2} applyOp.index=2; queueed.command={Shard:2 State:[15 255 163 4 1 2 255 164 0 1 12 1 255 162 0 0 34 255 161 3 1 2 255 162 0 1 2 1 5 86 97 108 117 101 1 12 0 1 7 86 101 114 115 105 111 110 1 6 0 0 0 4 255 164 0 0] Num:12} queued.id={0 2} queued.index=2; DoOP.result={Err:OK} DoOP.result.type=shardrpc.InstallShardReply
2026/05/03 01:59:08 RSM node1: READER: applying op. applyOp.ID={0 6} applyOp.index=6 applyOp.command=shardrpc.FreezeShardArgs applyOp.command={Shard:2 Num:12}
2026/05/03 01:59:08 RSM node2: READER: applying op. applyOp.ID={1 18} applyOp.index=18 applyOp.command=rpc.PutArgs applyOp.command={Key:k0 Value:{"Id":0,"V":60} Version:60}
2026/05/03 01:59:08 RSM node2: READER: applying op. applyOp.ID={0 6} applyOp.index=6 applyOp.command=shardrpc.FreezeShardArgs applyOp.command={Shard:2 Num:12}
2026/05/03 01:59:08 RSM node0: READER: applying op. applyOp.ID={1 18} applyOp.index=18 applyOp.command=rpc.PutArgs applyOp.command={Key:k0 Value:{"Id":0,"V":60} Version:60}
2026/05/03 01:59:09 RSM node0: Start executed for op.ID={0 7} op.command={Shard:2 Num:12}. index=7, term=2, isLeader=true
2026/05/03 01:59:09 RSM node0: Submit enqueued. op.ID={0 7} index=7 term=2 queued.len=1
2026/05/03 01:59:09 RSM node2: READER: applying op. applyOp.ID={0 2} applyOp.index=2 applyOp.command=shardrpc.InstallShardArgs applyOp.command={Shard:2 State:[15 255 163 4 1 2 255 164 0 1 12 1 255 162 0 0 34 255 161 3 1 2 255 162 0 1 2 1 5 86 97 108 117 101 1 12 0 1 7 86 101 114 115 105 111 110 1 6 0 0 0 4 255 164 0 0] Num:12}
2026/05/03 01:59:09 RSM node0: READER: applying op. applyOp.ID={0 7} applyOp.index=7 applyOp.command=shardrpc.DeleteShardArgs applyOp.command={Shard:2 Num:12}
2026/05/03 01:59:09 RSM node0: READER: dequeuing matched submit. applyOp.ID={0 7} index=7 queued.id={0 7} queued.index=7 queued.len(after)=0
2026/05/03 01:59:09 RSM node0: READER: sending OK response. applyOp.command={Shard:2 Num:12} applyOp.command.type=shardrpc.DeleteShardArgs applyOp.ID={0 7} applyOp.index=7; queueed.command={Shard:2 Num:12} queued.id={0 7} queued.index=7; DoOP.result={Err:OK} DoOP.result.type=shardrpc.DeleteShardReply
2026/05/03 01:59:09 RSM node0: Submit received result for op.ID={0 7} queued.CommandIndex=7: error=OK result={OK}
2026/05/03 01:59:09 RSM node0: Start executed for op.ID={0 8} op.command={Shard:8 Num:12}. index=8, term=2, isLeader=true
2026/05/03 01:59:09 RSM node0: Submit enqueued. op.ID={0 8} index=8 term=2 queued.len=1
2026/05/03 01:59:09 RSM node1: READER: applying op. applyOp.ID={0 7} applyOp.index=7 applyOp.command=shardrpc.DeleteShardArgs applyOp.command={Shard:2 Num:12}
2026/05/03 01:59:09 RSM node0: READER: applying op. applyOp.ID={0 8} applyOp.index=8 applyOp.command=shardrpc.FreezeShardArgs applyOp.command={Shard:8 Num:12}
2026/05/03 01:59:09 RSM node0: READER: dequeuing matched submit. applyOp.ID={0 8} index=8 queued.id={0 8} queued.index=8 queued.len(after)=0
2026/05/03 01:59:09 RSM node0: READER: sending OK response. applyOp.command={Shard:8 Num:12} applyOp.command.type=shardrpc.FreezeShardArgs applyOp.ID={0 8} applyOp.index=8; queueed.command={Shard:8 Num:12} queued.id={0 8} queued.index=8; DoOP.result={State:[15 255 163 4 1 2 255 164 0 1 12 1 255 162 0 0 34 255 161 3 1 2 255 162 0 1 2 1 5 86 97 108 117 101 1 12 0 1 7 86 101 114 115 105 111 110 1 6 0 0 0 4 255 164 0 0] Num:12 Err:OK} DoOP.result.type=shardrpc.FreezeShardReply
2026/05/03 01:59:09 RSM node0: Submit received result for op.ID={0 8} queued.CommandIndex=8: error=OK result={[15 255 163 4 1 2 255 164 0 1 12 1 255 162 0 0 34 255 161 3 1 2 255 162 0 1 2 1 5 86 97 108 117 101 1 12 0 1 7 86 101 114 115 105 111 110 1 6 0 0 0 4 255 164 0 0] 12 OK}
2026/05/03 01:59:09 RSM node2: READER: applying op. applyOp.ID={0 7} applyOp.index=7 applyOp.command=shardrpc.DeleteShardArgs applyOp.command={Shard:2 Num:12}
2026/05/03 01:59:09 RSM node1: READER: applying op. applyOp.ID={0 2} applyOp.index=2 applyOp.command=shardrpc.InstallShardArgs applyOp.command={Shard:2 State:[15 255 163 4 1 2 255 164 0 1 12 1 255 162 0 0 34 255 161 3 1 2 255 162 0 1 2 1 5 86 97 108 117 101 1 12 0 1 7 86 101 114 115 105 111 110 1 6 0 0 0 4 255 164 0 0] Num:12}
2026/05/03 01:59:09 RSM node0: Start executed for op.ID={0 2} op.command={Shard:8 State:[15 255 163 4 1 2 255 164 0 1 12 1 255 162 0 0 34 255 161 3 1 2 255 162 0 1 2 1 5 86 97 108 117 101 1 12 0 1 7 86 101 114 115 105 111 110 1 6 0 0 0 4 255 164 0 0] Num:12}. index=2, term=3, isLeader=true
2026/05/03 01:59:09 RSM node0: Submit enqueued. op.ID={0 2} index=2 term=3 queued.len=1
2026/05/03 01:59:09 RSM node0: READER: applying op. applyOp.ID={0 2} applyOp.index=2 applyOp.command=shardrpc.InstallShardArgs applyOp.command={Shard:8 State:[15 255 163 4 1 2 255 164 0 1 12 1 255 162 0 0 34 255 161 3 1 2 255 162 0 1 2 1 5 86 97 108 117 101 1 12 0 1 7 86 101 114 115 105 111 110 1 6 0 0 0 4 255 164 0 0] Num:12}
2026/05/03 01:59:09 RSM node0: READER: dequeuing matched submit. applyOp.ID={0 2} index=2 queued.id={0 2} queued.index=2 queued.len(after)=0
2026/05/03 01:59:09 RSM node0: READER: sending OK response. applyOp.command={Shard:8 State:[15 255 163 4 1 2 255 164 0 1 12 1 255 162 0 0 34 255 161 3 1 2 255 162 0 1 2 1 5 86 97 108 117 101 1 12 0 1 7 86 101 114 115 105 111 110 1 6 0 0 0 4 255 164 0 0] Num:12} applyOp.command.type=shardrpc.InstallShardArgs applyOp.ID={0 2} applyOp.index=2; queueed.command={Shard:8 State:[15 255 163 4 1 2 255 164 0 1 12 1 255 162 0 0 34 255 161 3 1 2 255 162 0 1 2 1 5 86 97 108 117 101 1 12 0 1 7 86 101 114 115 105 111 110 1 6 0 0 0 4 255 164 0 0] Num:12} queued.id={0 2} queued.index=2; DoOP.result={Err:OK} DoOP.result.type=shardrpc.InstallShardReply
2026/05/03 01:59:09 RSM node0: Submit received result for op.ID={0 2} queued.CommandIndex=2: error=OK result={OK}
2026/05/03 01:59:09 RSM node1: Start executed for op.ID={1 19} op.command={Key:k0}. index=19, term=2, isLeader=true
2026/05/03 01:59:09 RSM node1: Submit enqueued. op.ID={1 19} index=19 term=2 queued.len=1
2026/05/03 01:59:09 RSM node0: Start executed for op.ID={0 9} op.command={Shard:8 Num:12}. index=9, term=2, isLeader=true
2026/05/03 01:59:09 RSM node0: Submit enqueued. op.ID={0 9} index=9 term=2 queued.len=1
2026/05/03 01:59:09 RSM node2: READER: applying op. applyOp.ID={0 8} applyOp.index=8 applyOp.command=shardrpc.FreezeShardArgs applyOp.command={Shard:8 Num:12}
2026/05/03 01:59:09 RSM node0: READER: applying op. applyOp.ID={0 9} applyOp.index=9 applyOp.command=shardrpc.DeleteShardArgs applyOp.command={Shard:8 Num:12}
2026/05/03 01:59:09 RSM node0: READER: dequeuing matched submit. applyOp.ID={0 9} index=9 queued.id={0 9} queued.index=9 queued.len(after)=0
2026/05/03 01:59:09 RSM node0: READER: sending OK response. applyOp.command={Shard:8 Num:12} applyOp.command.type=shardrpc.DeleteShardArgs applyOp.ID={0 9} applyOp.index=9; queueed.command={Shard:8 Num:12} queued.id={0 9} queued.index=9; DoOP.result={Err:OK} DoOP.result.type=shardrpc.DeleteShardReply
2026/05/03 01:59:09 RSM node0: Submit received result for op.ID={0 9} queued.CommandIndex=9: error=OK result={OK}
2026/05/03 01:59:09 RSM node1: READER: applying op. applyOp.ID={0 8} applyOp.index=8 applyOp.command=shardrpc.FreezeShardArgs applyOp.command={Shard:8 Num:12}
2026/05/03 01:59:09 RSM node2: READER: applying op. applyOp.ID={0 2} applyOp.index=2 applyOp.command=shardrpc.InstallShardArgs applyOp.command={Shard:8 State:[15 255 163 4 1 2 255 164 0 1 12 1 255 162 0 0 34 255 161 3 1 2 255 162 0 1 2 1 5 86 97 108 117 101 1 12 0 1 7 86 101 114 115 105 111 110 1 6 0 0 0 4 255 164 0 0] Num:12}
2026/05/03 01:59:09 RSM node1: READER: applying op. applyOp.ID={1 19} applyOp.index=19 applyOp.command=rpc.GetArgs applyOp.command={Key:k0}
2026/05/03 01:59:09 RSM node1: READER: dequeuing matched submit. applyOp.ID={1 19} index=19 queued.id={1 19} queued.index=19 queued.len(after)=0
2026/05/03 01:59:09 RSM node1: READER: sending OK response. applyOp.command={Key:k0} applyOp.command.type=rpc.GetArgs applyOp.ID={1 19} applyOp.index=19; queueed.command={Key:k0} queued.id={1 19} queued.index=19; DoOP.result={Value:{"Id":0,"V":60} Version:61 Err:OK} DoOP.result.type=rpc.GetReply
2026/05/03 01:59:09 RSM node1: Submit received result for op.ID={1 19} queued.CommandIndex=19: error=OK result={{"Id":0,"V":60} 61 OK}
2026/05/03 01:59:09 RSM node0: Start executed for op.ID={0 21} op.command={Key:k0 Value:{"Id":0,"V":61} Version:61}. index=-1, term=2, isLeader=false
2026/05/03 01:59:09 RSM node1: READER: applying op. applyOp.ID={0 9} applyOp.index=9 applyOp.command=shardrpc.DeleteShardArgs applyOp.command={Shard:8 Num:12}
2026/05/03 01:59:09 RSM node2: READER: applying op. applyOp.ID={0 9} applyOp.index=9 applyOp.command=shardrpc.DeleteShardArgs applyOp.command={Shard:8 Num:12}
2026/05/03 01:59:09 RSM node0: READER: applying op. applyOp.ID={1 19} applyOp.index=19 applyOp.command=rpc.GetArgs applyOp.command={Key:k0}
2026/05/03 01:59:09 RSM node1: READER: applying op. applyOp.ID={0 2} applyOp.index=2 applyOp.command=shardrpc.InstallShardArgs applyOp.command={Shard:8 State:[15 255 163 4 1 2 255 164 0 1 12 1 255 162 0 0 34 255 161 3 1 2 255 162 0 1 2 1 5 86 97 108 117 101 1 12 0 1 7 86 101 114 115 105 111 110 1 6 0 0 0 4 255 164 0 0] Num:12}
2026/05/03 01:59:09 RSM node2: READER: applying op. applyOp.ID={1 19} applyOp.index=19 applyOp.command=rpc.GetArgs applyOp.command={Key:k0}
2026/05/03 01:59:09 RSM node1: Start executed for op.ID={1 20} op.command={Key:k0 Value:{"Id":0,"V":61} Version:61}. index=20, term=2, isLeader=true
2026/05/03 01:59:09 RSM node1: Submit enqueued. op.ID={1 20} index=20 term=2 queued.len=1
2026/05/03 01:59:09 RSM node1: READER: applying op. applyOp.ID={1 20} applyOp.index=20 applyOp.command=rpc.PutArgs applyOp.command={Key:k0 Value:{"Id":0,"V":61} Version:61}
2026/05/03 01:59:09 RSM node1: READER: dequeuing matched submit. applyOp.ID={1 20} index=20 queued.id={1 20} queued.index=20 queued.len(after)=0
2026/05/03 01:59:09 RSM node1: READER: sending OK response. applyOp.command={Key:k0 Value:{"Id":0,"V":61} Version:61} applyOp.command.type=rpc.PutArgs applyOp.ID={1 20} applyOp.index=20; queueed.command={Key:k0 Value:{"Id":0,"V":61} Version:61} queued.id={1 20} queued.index=20; DoOP.result={Err:OK} DoOP.result.type=rpc.PutReply
2026/05/03 01:59:09 RSM node1: Submit received result for op.ID={1 20} queued.CommandIndex=20: error=OK result={OK}
2026/05/03 01:59:09 RSM node0: Start executed for op.ID={0 22} op.command={Key:k0}. index=-1, term=2, isLeader=false
2026/05/03 01:59:09 RSM node2: READER: applying op. applyOp.ID={1 20} applyOp.index=20 applyOp.command=rpc.PutArgs applyOp.command={Key:k0 Value:{"Id":0,"V":61} Version:61}
2026/05/03 01:59:09 RSM node0: READER: applying op. applyOp.ID={1 20} applyOp.index=20 applyOp.command=rpc.PutArgs applyOp.command={Key:k0 Value:{"Id":0,"V":61} Version:61}
2026/05/03 01:59:09 RSM node0: Start executed for op.ID={0 4} op.command={Shard:3 Num:13}. index=3, term=4, isLeader=true
2026/05/03 01:59:09 RSM node0: Submit enqueued. op.ID={0 4} index=3 term=4 queued.len=1
2026/05/03 01:59:09 RSM node0: READER: applying op. applyOp.ID={0 4} applyOp.index=3 applyOp.command=shardrpc.FreezeShardArgs applyOp.command={Shard:3 Num:13}
2026/05/03 01:59:09 RSM node0: READER: dequeuing matched submit. applyOp.ID={0 4} index=3 queued.id={0 4} queued.index=3 queued.len(after)=0
2026/05/03 01:59:09 RSM node0: READER: sending OK response. applyOp.command={Shard:3 Num:13} applyOp.command.type=shardrpc.FreezeShardArgs applyOp.ID={0 4} applyOp.index=3; queueed.command={Shard:3 Num:13} queued.id={0 4} queued.index=3; DoOP.result={State:[15 255 165 4 1 2 255 166 0 1 12 1 255 164 0 0 34 255 163 3 1 2 255 164 0 1 2 1 5 86 97 108 117 101 1 12 0 1 7 86 101 114 115 105 111 110 1 6 0 0 0 4 255 166 0 0] Num:13 Err:OK} DoOP.result.type=shardrpc.FreezeShardReply
2026/05/03 01:59:09 RSM node0: Submit received result for op.ID={0 4} queued.CommandIndex=3: error=OK result={[15 255 165 4 1 2 255 166 0 1 12 1 255 164 0 0 34 255 163 3 1 2 255 164 0 1 2 1 5 86 97 108 117 101 1 12 0 1 7 86 101 114 115 105 111 110 1 6 0 0 0 4 255 166 0 0] 13 OK}
2026/05/03 01:59:09 RSM node2: Start executed for op.ID={2 4} op.command={Key:k0}. index=-1, term=2, isLeader=false
2026/05/03 01:59:09 RSM node1: READER: applying op. applyOp.ID={0 4} applyOp.index=3 applyOp.command=shardrpc.FreezeShardArgs applyOp.command={Shard:3 Num:13}
2026/05/03 01:59:09 RSM node2: READER: applying op. applyOp.ID={0 4} applyOp.index=3 applyOp.command=shardrpc.FreezeShardArgs applyOp.command={Shard:3 Num:13}
2026/05/03 01:59:09 RSM node1: Start executed for op.ID={1 2} op.command={Shard:3 Num:13}. index=-1, term=4, isLeader=false
2026/05/03 01:59:09 RSM node0: Start executed for op.ID={0 23} op.command={Key:k0}. index=-1, term=2, isLeader=false
2026/05/03 01:59:09 RSM node2: Start executed for op.ID={2 5} op.command={Key:k0}. index=-1, term=2, isLeader=false
2026/05/03 01:59:09 RSM node1: Start executed for op.ID={1 3} op.command={Shard:3 Num:13}. index=-1, term=4, isLeader=false
2026/05/03 01:59:10 RSM node0: Start executed for op.ID={0 24} op.command={Key:k0}. index=-1, term=2, isLeader=false
2026/05/03 01:59:10 RSM node1: Start executed for op.ID={1 21} op.command={Key:k0}. index=21, term=2, isLeader=true
2026/05/03 01:59:10 RSM node1: Submit enqueued. op.ID={1 21} index=21 term=2 queued.len=1
2026/05/03 01:59:10 RSM node1: READER: applying op. applyOp.ID={1 21} applyOp.index=21 applyOp.command=rpc.GetArgs applyOp.command={Key:k0}
2026/05/03 01:59:10 RSM node1: READER: dequeuing matched submit. applyOp.ID={1 21} index=21 queued.id={1 21} queued.index=21 queued.len(after)=0
2026/05/03 01:59:10 RSM node1: READER: sending OK response. applyOp.command={Key:k0} applyOp.command.type=rpc.GetArgs applyOp.ID={1 21} applyOp.index=21; queueed.command={Key:k0} queued.id={1 21} queued.index=21; DoOP.result={Value:{"Id":0,"V":61} Version:62 Err:OK} DoOP.result.type=rpc.GetReply
2026/05/03 01:59:10 RSM node1: Submit received result for op.ID={1 21} queued.CommandIndex=21: error=OK result={{"Id":0,"V":61} 62 OK}
2026/05/03 01:59:10 RSM node0: Start executed for op.ID={0 25} op.command={Key:k0 Value:{"Id":0,"V":62} Version:62}. index=-1, term=2, isLeader=false
2026/05/03 01:59:10 RSM node0: Start executed for op.ID={0 5} op.command={Shard:3 Num:13}. index=4, term=4, isLeader=true
2026/05/03 01:59:10 RSM node0: Submit enqueued. op.ID={0 5} index=4 term=4 queued.len=1
2026/05/03 01:59:10 RSM node0: READER: applying op. applyOp.ID={1 21} applyOp.index=21 applyOp.command=rpc.GetArgs applyOp.command={Key:k0}
2026/05/03 01:59:10 RSM node0: READER: applying op. applyOp.ID={0 5} applyOp.index=4 applyOp.command=shardrpc.FreezeShardArgs applyOp.command={Shard:3 Num:13}
2026/05/03 01:59:10 RSM node0: READER: dequeuing matched submit. applyOp.ID={0 5} index=4 queued.id={0 5} queued.index=4 queued.len(after)=0
2026/05/03 01:59:10 RSM node0: READER: sending OK response. applyOp.command={Shard:3 Num:13} applyOp.command.type=shardrpc.FreezeShardArgs applyOp.ID={0 5} applyOp.index=4; queueed.command={Shard:3 Num:13} queued.id={0 5} queued.index=4; DoOP.result={State:[15 255 165 4 1 2 255 166 0 1 12 1 255 164 0 0 34 255 163 3 1 2 255 164 0 1 2 1 5 86 97 108 117 101 1 12 0 1 7 86 101 114 115 105 111 110 1 6 0 0 0 4 255 166 0 0] Num:13 Err:OK} DoOP.result.type=shardrpc.FreezeShardReply
2026/05/03 01:59:10 RSM node0: Submit received result for op.ID={0 5} queued.CommandIndex=4: error=OK result={[15 255 165 4 1 2 255 166 0 1 12 1 255 164 0 0 34 255 163 3 1 2 255 164 0 1 2 1 5 86 97 108 117 101 1 12 0 1 7 86 101 114 115 105 111 110 1 6 0 0 0 4 255 166 0 0] 13 OK}
2026/05/03 01:59:10 RSM node2: READER: applying op. applyOp.ID={1 21} applyOp.index=21 applyOp.command=rpc.GetArgs applyOp.command={Key:k0}
2026/05/03 01:59:10 RSM node2: READER: applying op. applyOp.ID={0 5} applyOp.index=4 applyOp.command=shardrpc.FreezeShardArgs applyOp.command={Shard:3 Num:13}
2026/05/03 01:59:10 RSM node0: Start executed for op.ID={0 148} op.command={Shard:3 State:[15 255 165 4 1 2 255 166 0 1 12 1 255 164 0 0 34 255 163 3 1 2 255 164 0 1 2 1 5 86 97 108 117 101 1 12 0 1 7 86 101 114 115 105 111 110 1 6 0 0 0 4 255 166 0 0] Num:13}. index=148, term=1, isLeader=true
2026/05/03 01:59:10 RSM node0: Submit enqueued. op.ID={0 148} index=148 term=1 queued.len=1
2026/05/03 01:59:10 RSM node1: READER: applying op. applyOp.ID={0 5} applyOp.index=4 applyOp.command=shardrpc.FreezeShardArgs applyOp.command={Shard:3 Num:13}
2026/05/03 01:59:10 RSM node0: READER: applying op. applyOp.ID={0 148} applyOp.index=148 applyOp.command=shardrpc.InstallShardArgs applyOp.command={Shard:3 State:[15 255 165 4 1 2 255 166 0 1 12 1 255 164 0 0 34 255 163 3 1 2 255 164 0 1 2 1 5 86 97 108 117 101 1 12 0 1 7 86 101 114 115 105 111 110 1 6 0 0 0 4 255 166 0 0] Num:13}
2026/05/03 01:59:10 RSM node0: READER: dequeuing matched submit. applyOp.ID={0 148} index=148 queued.id={0 148} queued.index=148 queued.len(after)=0
2026/05/03 01:59:10 RSM node0: Submit received result for op.ID={0 148} queued.CommandIndex=148: error=OK result={OK}
2026/05/03 01:59:10 RSM node0: READER: sending OK response. applyOp.command={Shard:3 State:[15 255 165 4 1 2 255 166 0 1 12 1 255 164 0 0 34 255 163 3 1 2 255 164 0 1 2 1 5 86 97 108 117 101 1 12 0 1 7 86 101 114 115 105 111 110 1 6 0 0 0 4 255 166 0 0] Num:13} applyOp.command.type=shardrpc.InstallShardArgs applyOp.ID={0 148} applyOp.index=148; queueed.command={Shard:3 State:[15 255 165 4 1 2 255 166 0 1 12 1 255 164 0 0 34 255 163 3 1 2 255 164 0 1 2 1 5 86 97 108 117 101 1 12 0 1 7 86 101 114 115 105 111 110 1 6 0 0 0 4 255 166 0 0] Num:13} queued.id={0 148} queued.index=148; DoOP.result={Err:OK} DoOP.result.type=shardrpc.InstallShardReply
2026/05/03 01:59:10 RSM node0: Start executed for op.ID={0 6} op.command={Shard:3 Num:13}. index=5, term=4, isLeader=true
2026/05/03 01:59:10 RSM node0: Submit enqueued. op.ID={0 6} index=5 term=4 queued.len=1
2026/05/03 01:59:10 RSM node0: READER: applying op. applyOp.ID={0 6} applyOp.index=5 applyOp.command=shardrpc.DeleteShardArgs applyOp.command={Shard:3 Num:13}
2026/05/03 01:59:10 RSM node0: READER: dequeuing matched submit. applyOp.ID={0 6} index=5 queued.id={0 6} queued.index=5 queued.len(after)=0
2026/05/03 01:59:10 RSM node0: READER: sending OK response. applyOp.command={Shard:3 Num:13} applyOp.command.type=shardrpc.DeleteShardArgs applyOp.ID={0 6} applyOp.index=5; queueed.command={Shard:3 Num:13} queued.id={0 6} queued.index=5; DoOP.result={Err:OK} DoOP.result.type=shardrpc.DeleteShardReply
2026/05/03 01:59:10 RSM node0: Submit received result for op.ID={0 6} queued.CommandIndex=5: error=OK result={OK}
2026/05/03 01:59:10 RSM node0: Start executed for op.ID={0 7} op.command={Shard:9 Num:13}. index=6, term=4, isLeader=true
2026/05/03 01:59:10 RSM node0: Submit enqueued. op.ID={0 7} index=6 term=4 queued.len=1
2026/05/03 01:59:10 RSM node2: READER: applying op. applyOp.ID={0 6} applyOp.index=5 applyOp.command=shardrpc.DeleteShardArgs applyOp.command={Shard:3 Num:13}
2026/05/03 01:59:10 RSM node2: READER: applying op. applyOp.ID={0 148} applyOp.index=148 applyOp.command=shardrpc.InstallShardArgs applyOp.command={Shard:3 State:[15 255 165 4 1 2 255 166 0 1 12 1 255 164 0 0 34 255 163 3 1 2 255 164 0 1 2 1 5 86 97 108 117 101 1 12 0 1 7 86 101 114 115 105 111 110 1 6 0 0 0 4 255 166 0 0] Num:13}
2026/05/03 01:59:10 RSM node0: READER: applying op. applyOp.ID={0 7} applyOp.index=6 applyOp.command=shardrpc.FreezeShardArgs applyOp.command={Shard:9 Num:13}
2026/05/03 01:59:10 RSM node0: READER: dequeuing matched submit. applyOp.ID={0 7} index=6 queued.id={0 7} queued.index=6 queued.len(after)=0
2026/05/03 01:59:10 RSM node0: READER: sending OK response. applyOp.command={Shard:9 Num:13} applyOp.command.type=shardrpc.FreezeShardArgs applyOp.ID={0 7} applyOp.index=6; queueed.command={Shard:9 Num:13} queued.id={0 7} queued.index=6; DoOP.result={State:[15 255 165 4 1 2 255 166 0 1 12 1 255 164 0 0 34 255 163 3 1 2 255 164 0 1 2 1 5 86 97 108 117 101 1 12 0 1 7 86 101 114 115 105 111 110 1 6 0 0 0 4 255 166 0 0] Num:13 Err:OK} DoOP.result.type=shardrpc.FreezeShardReply
2026/05/03 01:59:10 RSM node0: Submit received result for op.ID={0 7} queued.CommandIndex=6: error=OK result={[15 255 165 4 1 2 255 166 0 1 12 1 255 164 0 0 34 255 163 3 1 2 255 164 0 1 2 1 5 86 97 108 117 101 1 12 0 1 7 86 101 114 115 105 111 110 1 6 0 0 0 4 255 166 0 0] 13 OK}
2026/05/03 01:59:10 RSM node0: Start executed for op.ID={0 3} op.command={Shard:9 State:[15 255 165 4 1 2 255 166 0 1 12 1 255 164 0 0 34 255 163 3 1 2 255 164 0 1 2 1 5 86 97 108 117 101 1 12 0 1 7 86 101 114 115 105 111 110 1 6 0 0 0 4 255 166 0 0] Num:13}. index=-1, term=2, isLeader=false
2026/05/03 01:59:10 RSM node1: READER: applying op. applyOp.ID={0 6} applyOp.index=5 applyOp.command=shardrpc.DeleteShardArgs applyOp.command={Shard:3 Num:13}
2026/05/03 01:59:10 RSM node1: Start executed for op.ID={1 22} op.command={Key:k0 Value:{"Id":0,"V":62} Version:62}. index=22, term=2, isLeader=true
2026/05/03 01:59:10 RSM node1: Submit enqueued. op.ID={1 22} index=22 term=2 queued.len=1
2026/05/03 01:59:10 RSM node1: READER: applying op. applyOp.ID={0 148} applyOp.index=148 applyOp.command=shardrpc.InstallShardArgs applyOp.command={Shard:3 State:[15 255 165 4 1 2 255 166 0 1 12 1 255 164 0 0 34 255 163 3 1 2 255 164 0 1 2 1 5 86 97 108 117 101 1 12 0 1 7 86 101 114 115 105 111 110 1 6 0 0 0 4 255 166 0 0] Num:13}
2026/05/03 01:59:10 RSM node1: READER: applying op. applyOp.ID={0 7} applyOp.index=6 applyOp.command=shardrpc.FreezeShardArgs applyOp.command={Shard:9 Num:13}
2026/05/03 01:59:10 RSM node2: READER: applying op. applyOp.ID={0 7} applyOp.index=6 applyOp.command=shardrpc.FreezeShardArgs applyOp.command={Shard:9 Num:13}
2026/05/03 01:59:10 RSM node1: READER: applying op. applyOp.ID={1 22} applyOp.index=22 applyOp.command=rpc.PutArgs applyOp.command={Key:k0 Value:{"Id":0,"V":62} Version:62}
2026/05/03 01:59:10 RSM node1: READER: dequeuing matched submit. applyOp.ID={1 22} index=22 queued.id={1 22} queued.index=22 queued.len(after)=0
2026/05/03 01:59:10 RSM node1: READER: sending OK response. applyOp.command={Key:k0 Value:{"Id":0,"V":62} Version:62} applyOp.command.type=rpc.PutArgs applyOp.ID={1 22} applyOp.index=22; queueed.command={Key:k0 Value:{"Id":0,"V":62} Version:62} queued.id={1 22} queued.index=22; DoOP.result={Err:OK} DoOP.result.type=rpc.PutReply
2026/05/03 01:59:10 RSM node1: Submit received result for op.ID={1 22} queued.CommandIndex=22: error=OK result={OK}
2026/05/03 01:59:10 RSM node1: Start executed for op.ID={1 1} op.command={Shard:9 State:[15 255 165 4 1 2 255 166 0 1 12 1 255 164 0 0 34 255 163 3 1 2 255 164 0 1 2 1 5 86 97 108 117 101 1 12 0 1 7 86 101 114 115 105 111 110 1 6 0 0 0 4 255 166 0 0] Num:13}. index=3, term=2, isLeader=true
2026/05/03 01:59:10 RSM node1: Submit enqueued. op.ID={1 1} index=3 term=2 queued.len=1
2026/05/03 01:59:10 RSM node0: READER: applying op. applyOp.ID={1 22} applyOp.index=22 applyOp.command=rpc.PutArgs applyOp.command={Key:k0 Value:{"Id":0,"V":62} Version:62}
2026/05/03 01:59:10 RSM node2: READER: applying op. applyOp.ID={1 22} applyOp.index=22 applyOp.command=rpc.PutArgs applyOp.command={Key:k0 Value:{"Id":0,"V":62} Version:62}
2026/05/03 01:59:10 RSM node1: READER: applying op. applyOp.ID={1 1} applyOp.index=3 applyOp.command=shardrpc.InstallShardArgs applyOp.command={Shard:9 State:[15 255 165 4 1 2 255 166 0 1 12 1 255 164 0 0 34 255 163 3 1 2 255 164 0 1 2 1 5 86 97 108 117 101 1 12 0 1 7 86 101 114 115 105 111 110 1 6 0 0 0 4 255 166 0 0] Num:13}
2026/05/03 01:59:10 RSM node1: READER: dequeuing matched submit. applyOp.ID={1 1} index=3 queued.id={1 1} queued.index=3 queued.len(after)=0
2026/05/03 01:59:10 RSM node1: Submit received result for op.ID={1 1} queued.CommandIndex=3: error=OK result={OK}
2026/05/03 01:59:10 RSM node1: READER: sending OK response. applyOp.command={Shard:9 State:[15 255 165 4 1 2 255 166 0 1 12 1 255 164 0 0 34 255 163 3 1 2 255 164 0 1 2 1 5 86 97 108 117 101 1 12 0 1 7 86 101 114 115 105 111 110 1 6 0 0 0 4 255 166 0 0] Num:13} applyOp.command.type=shardrpc.InstallShardArgs applyOp.ID={1 1} applyOp.index=3; queueed.command={Shard:9 State:[15 255 165 4 1 2 255 166 0 1 12 1 255 164 0 0 34 255 163 3 1 2 255 164 0 1 2 1 5 86 97 108 117 101 1 12 0 1 7 86 101 114 115 105 111 110 1 6 0 0 0 4 255 166 0 0] Num:13} queued.id={1 1} queued.index=3; DoOP.result={Err:OK} DoOP.result.type=shardrpc.InstallShardReply
2026/05/03 01:59:10 RSM node0: Start executed for op.ID={0 8} op.command={Shard:9 Num:13}. index=7, term=4, isLeader=true
2026/05/03 01:59:10 RSM node0: Submit enqueued. op.ID={0 8} index=7 term=4 queued.len=1
2026/05/03 01:59:10 RSM node0: READER: applying op. applyOp.ID={0 8} applyOp.index=7 applyOp.command=shardrpc.DeleteShardArgs applyOp.command={Shard:9 Num:13}
2026/05/03 01:59:10 RSM node0: READER: dequeuing matched submit. applyOp.ID={0 8} index=7 queued.id={0 8} queued.index=7 queued.len(after)=0
2026/05/03 01:59:10 RSM node0: READER: sending OK response. applyOp.command={Shard:9 Num:13} applyOp.command.type=shardrpc.DeleteShardArgs applyOp.ID={0 8} applyOp.index=7; queueed.command={Shard:9 Num:13} queued.id={0 8} queued.index=7; DoOP.result={Err:OK} DoOP.result.type=shardrpc.DeleteShardReply
2026/05/03 01:59:10 RSM node0: Submit received result for op.ID={0 8} queued.CommandIndex=7: error=OK result={OK}
2026/05/03 01:59:10 RSM node2: Start executed for op.ID={2 6} op.command={Key:k0 Value:{"Id":0,"V":62} Version:62}. index=-1, term=2, isLeader=false
2026/05/03 01:59:10 RSM node1: READER: applying op. applyOp.ID={0 8} applyOp.index=7 applyOp.command=shardrpc.DeleteShardArgs applyOp.command={Shard:9 Num:13}
2026/05/03 01:59:10 RSM node0: READER: applying op. applyOp.ID={1 1} applyOp.index=3 applyOp.command=shardrpc.InstallShardArgs applyOp.command={Shard:9 State:[15 255 165 4 1 2 255 166 0 1 12 1 255 164 0 0 34 255 163 3 1 2 255 164 0 1 2 1 5 86 97 108 117 101 1 12 0 1 7 86 101 114 115 105 111 110 1 6 0 0 0 4 255 166 0 0] Num:13}
2026/05/03 01:59:10 RSM node2: READER: applying op. applyOp.ID={0 8} applyOp.index=7 applyOp.command=shardrpc.DeleteShardArgs applyOp.command={Shard:9 Num:13}
2026/05/03 01:59:10 RSM node2: READER: applying op. applyOp.ID={1 1} applyOp.index=3 applyOp.command=shardrpc.InstallShardArgs applyOp.command={Shard:9 State:[15 255 165 4 1 2 255 166 0 1 12 1 255 164 0 0 34 255 163 3 1 2 255 164 0 1 2 1 5 86 97 108 117 101 1 12 0 1 7 86 101 114 115 105 111 110 1 6 0 0 0 4 255 166 0 0] Num:13}
2026/05/03 01:59:10 RSM node0: Start executed for op.ID={0 26} op.command={Key:k0 Value:{"Id":0,"V":62} Version:62}. index=-1, term=2, isLeader=false
2026/05/03 01:59:10 RSM node1: Start executed for op.ID={1 23} op.command={Key:k0 Value:{"Id":0,"V":62} Version:62}. index=23, term=2, isLeader=true
2026/05/03 01:59:10 RSM node1: Submit enqueued. op.ID={1 23} index=23 term=2 queued.len=1
2026/05/03 01:59:10 RSM node1: READER: applying op. applyOp.ID={1 23} applyOp.index=23 applyOp.command=rpc.PutArgs applyOp.command={Key:k0 Value:{"Id":0,"V":62} Version:62}
2026/05/03 01:59:10 RSM node1: READER: dequeuing matched submit. applyOp.ID={1 23} index=23 queued.id={1 23} queued.index=23 queued.len(after)=0
2026/05/03 01:59:10 RSM node1: READER: sending OK response. applyOp.command={Key:k0 Value:{"Id":0,"V":62} Version:62} applyOp.command.type=rpc.PutArgs applyOp.ID={1 23} applyOp.index=23; queueed.command={Key:k0 Value:{"Id":0,"V":62} Version:62} queued.id={1 23} queued.index=23; DoOP.result={Err:ErrVersion} DoOP.result.type=rpc.PutReply
2026/05/03 01:59:10 RSM node1: Submit received result for op.ID={1 23} queued.CommandIndex=23: error=OK result={ErrVersion}
2026/05/03 01:59:10 RSM node0: READER: applying op. applyOp.ID={1 23} applyOp.index=23 applyOp.command=rpc.PutArgs applyOp.command={Key:k0 Value:{"Id":0,"V":62} Version:62}
2026/05/03 01:59:10 RSM node2: READER: applying op. applyOp.ID={1 23} applyOp.index=23 applyOp.command=rpc.PutArgs applyOp.command={Key:k0 Value:{"Id":0,"V":62} Version:62}
2026/05/03 01:59:10 RSM node0: Start executed for op.ID={0 27} op.command={Key:k0}. index=-1, term=2, isLeader=false
2026/05/03 01:59:10 RSM node0: Start executed for op.ID={0 4} op.command={Shard:0 Num:14}. index=-1, term=2, isLeader=false
2026/05/03 01:59:10 RSM node1: Start executed for op.ID={1 24} op.command={Key:k0}. index=24, term=2, isLeader=true
2026/05/03 01:59:10 RSM node1: Submit enqueued. op.ID={1 24} index=24 term=2 queued.len=1
2026/05/03 01:59:10 RSM node1: READER: applying op. applyOp.ID={1 24} applyOp.index=24 applyOp.command=rpc.GetArgs applyOp.command={Key:k0}
2026/05/03 01:59:10 RSM node1: READER: dequeuing matched submit. applyOp.ID={1 24} index=24 queued.id={1 24} queued.index=24 queued.len(after)=0
2026/05/03 01:59:10 RSM node1: READER: sending OK response. applyOp.command={Key:k0} applyOp.command.type=rpc.GetArgs applyOp.ID={1 24} applyOp.index=24; queueed.command={Key:k0} queued.id={1 24} queued.index=24; DoOP.result={Value:{"Id":0,"V":62} Version:63 Err:OK} DoOP.result.type=rpc.GetReply
2026/05/03 01:59:10 RSM node1: Submit received result for op.ID={1 24} queued.CommandIndex=24: error=OK result={{"Id":0,"V":62} 63 OK}
2026/05/03 01:59:10 RSM node1: Start executed for op.ID={1 2} op.command={Shard:0 Num:14}. index=4, term=2, isLeader=true
2026/05/03 01:59:10 RSM node1: Submit enqueued. op.ID={1 2} index=4 term=2 queued.len=1
2026/05/03 01:59:10 RSM node1: READER: applying op. applyOp.ID={1 2} applyOp.index=4 applyOp.command=shardrpc.FreezeShardArgs applyOp.command={Shard:0 Num:14}
2026/05/03 01:59:10 RSM node1: READER: dequeuing matched submit. applyOp.ID={1 2} index=4 queued.id={1 2} queued.index=4 queued.len(after)=0
2026/05/03 01:59:10 RSM node1: Submit received result for op.ID={1 2} queued.CommandIndex=4: error=OK result={[15 255 167 4 1 2 255 168 0 1 12 1 255 166 0 0 34 255 165 3 1 2 255 166 0 1 2 1 5 86 97 108 117 101 1 12 0 1 7 86 101 114 115 105 111 110 1 6 0 0 0 4 255 168 0 0] 14 OK}
2026/05/03 01:59:10 RSM node1: READER: sending OK response. applyOp.command={Shard:0 Num:14} applyOp.command.type=shardrpc.FreezeShardArgs applyOp.ID={1 2} applyOp.index=4; queueed.command={Shard:0 Num:14} queued.id={1 2} queued.index=4; DoOP.result={State:[15 255 167 4 1 2 255 168 0 1 12 1 255 166 0 0 34 255 165 3 1 2 255 166 0 1 2 1 5 86 97 108 117 101 1 12 0 1 7 86 101 114 115 105 111 110 1 6 0 0 0 4 255 168 0 0] Num:14 Err:OK} DoOP.result.type=shardrpc.FreezeShardReply
2026/05/03 01:59:10 RSM node2: READER: applying op. applyOp.ID={1 24} applyOp.index=24 applyOp.command=rpc.GetArgs applyOp.command={Key:k0}
2026/05/03 01:59:10 RSM node0: READER: applying op. applyOp.ID={1 2} applyOp.index=4 applyOp.command=shardrpc.FreezeShardArgs applyOp.command={Shard:0 Num:14}
2026/05/03 01:59:10 RSM node2: READER: applying op. applyOp.ID={1 2} applyOp.index=4 applyOp.command=shardrpc.FreezeShardArgs applyOp.command={Shard:0 Num:14}
2026/05/03 01:59:10 RSM node0: READER: applying op. applyOp.ID={1 24} applyOp.index=24 applyOp.command=rpc.GetArgs applyOp.command={Key:k0}
2026/05/03 01:59:10 RSM node2: Start executed for op.ID={2 7} op.command={Key:k0}. index=-1, term=2, isLeader=false
2026/05/03 01:59:11 RSM node0: Start executed for op.ID={0 28} op.command={Key:k0}. index=-1, term=2, isLeader=false
2026/05/03 01:59:11 RSM node2: Start executed for op.ID={2 8} op.command={Shard:0 State:[15 255 167 4 1 2 255 168 0 1 12 1 255 166 0 0 34 255 165 3 1 2 255 166 0 1 2 1 5 86 97 108 117 101 1 12 0 1 7 86 101 114 115 105 111 110 1 6 0 0 0 4 255 168 0 0] Num:14}. index=-1, term=2, isLeader=false
2026/05/03 01:59:11 RSM node0: Start executed for op.ID={0 29} op.command={Shard:0 State:[15 255 167 4 1 2 255 168 0 1 12 1 255 166 0 0 34 255 165 3 1 2 255 166 0 1 2 1 5 86 97 108 117 101 1 12 0 1 7 86 101 114 115 105 111 110 1 6 0 0 0 4 255 168 0 0] Num:14}. index=-1, term=2, isLeader=false
2026/05/03 01:59:11 RSM node2: Start executed for op.ID={2 9} op.command={Key:k0}. index=-1, term=2, isLeader=false
2026/05/03 01:59:11 RSM node1: Start executed for op.ID={1 25} op.command={Shard:0 State:[15 255 167 4 1 2 255 168 0 1 12 1 255 166 0 0 34 255 165 3 1 2 255 166 0 1 2 1 5 86 97 108 117 101 1 12 0 1 7 86 101 114 115 105 111 110 1 6 0 0 0 4 255 168 0 0] Num:14}. index=25, term=2, isLeader=true
2026/05/03 01:59:11 RSM node1: Submit enqueued. op.ID={1 25} index=25 term=2 queued.len=1
2026/05/03 01:59:11 RSM node1: READER: applying op. applyOp.ID={1 25} applyOp.index=25 applyOp.command=shardrpc.InstallShardArgs applyOp.command={Shard:0 State:[15 255 167 4 1 2 255 168 0 1 12 1 255 166 0 0 34 255 165 3 1 2 255 166 0 1 2 1 5 86 97 108 117 101 1 12 0 1 7 86 101 114 115 105 111 110 1 6 0 0 0 4 255 168 0 0] Num:14}
2026/05/03 01:59:11 RSM node1: READER: dequeuing matched submit. applyOp.ID={1 25} index=25 queued.id={1 25} queued.index=25 queued.len(after)=0
2026/05/03 01:59:11 RSM node1: READER: sending OK response. applyOp.command={Shard:0 State:[15 255 167 4 1 2 255 168 0 1 12 1 255 166 0 0 34 255 165 3 1 2 255 166 0 1 2 1 5 86 97 108 117 101 1 12 0 1 7 86 101 114 115 105 111 110 1 6 0 0 0 4 255 168 0 0] Num:14} applyOp.command.type=shardrpc.InstallShardArgs applyOp.ID={1 25} applyOp.index=25; queueed.command={Shard:0 State:[15 255 167 4 1 2 255 168 0 1 12 1 255 166 0 0 34 255 165 3 1 2 255 166 0 1 2 1 5 86 97 108 117 101 1 12 0 1 7 86 101 114 115 105 111 110 1 6 0 0 0 4 255 168 0 0] Num:14} queued.id={1 25} queued.index=25; DoOP.result={Err:OK} DoOP.result.type=shardrpc.InstallShardReply
2026/05/03 01:59:11 RSM node1: Submit received result for op.ID={1 25} queued.CommandIndex=25: error=OK result={OK}
2026/05/03 01:59:11 RSM node1: Start executed for op.ID={1 3} op.command={Shard:0 Num:14}. index=5, term=2, isLeader=true
2026/05/03 01:59:11 RSM node1: Submit enqueued. op.ID={1 3} index=5 term=2 queued.len=1
2026/05/03 01:59:11 RSM node1: READER: applying op. applyOp.ID={1 3} applyOp.index=5 applyOp.command=shardrpc.DeleteShardArgs applyOp.command={Shard:0 Num:14}
2026/05/03 01:59:11 RSM node1: READER: dequeuing matched submit. applyOp.ID={1 3} index=5 queued.id={1 3} queued.index=5 queued.len(after)=0
2026/05/03 01:59:11 RSM node1: READER: sending OK response. applyOp.command={Shard:0 Num:14} applyOp.command.type=shardrpc.DeleteShardArgs applyOp.ID={1 3} applyOp.index=5; queueed.command={Shard:0 Num:14} queued.id={1 3} queued.index=5; DoOP.result={Err:OK} DoOP.result.type=shardrpc.DeleteShardReply
2026/05/03 01:59:11 RSM node1: Submit received result for op.ID={1 3} queued.CommandIndex=5: error=OK result={OK}
2026/05/03 01:59:11 RSM node2: READER: applying op. applyOp.ID={1 25} applyOp.index=25 applyOp.command=shardrpc.InstallShardArgs applyOp.command={Shard:0 State:[15 255 167 4 1 2 255 168 0 1 12 1 255 166 0 0 34 255 165 3 1 2 255 166 0 1 2 1 5 86 97 108 117 101 1 12 0 1 7 86 101 114 115 105 111 110 1 6 0 0 0 4 255 168 0 0] Num:14}
2026/05/03 01:59:11 RSM node0: Start executed for op.ID={0 5} op.command={Shard:1 Num:14}. index=-1, term=2, isLeader=false
2026/05/03 01:59:11 RSM node0: READER: applying op. applyOp.ID={1 25} applyOp.index=25 applyOp.command=shardrpc.InstallShardArgs applyOp.command={Shard:0 State:[15 255 167 4 1 2 255 168 0 1 12 1 255 166 0 0 34 255 165 3 1 2 255 166 0 1 2 1 5 86 97 108 117 101 1 12 0 1 7 86 101 114 115 105 111 110 1 6 0 0 0 4 255 168 0 0] Num:14}
2026/05/03 01:59:11 RSM node0: Start executed for op.ID={0 30} op.command={Key:k0}. index=-1, term=2, isLeader=false
2026/05/03 01:59:11 RSM node0: READER: applying op. applyOp.ID={1 3} applyOp.index=5 applyOp.command=shardrpc.DeleteShardArgs applyOp.command={Shard:0 Num:14}
2026/05/03 01:59:11 RSM node2: READER: applying op. applyOp.ID={1 3} applyOp.index=5 applyOp.command=shardrpc.DeleteShardArgs applyOp.command={Shard:0 Num:14}
2026/05/03 01:59:11 RSM node1: Start executed for op.ID={1 4} op.command={Shard:1 Num:14}. index=6, term=2, isLeader=true
2026/05/03 01:59:11 RSM node1: Submit enqueued. op.ID={1 4} index=6 term=2 queued.len=1
2026/05/03 01:59:11 RSM node1: READER: applying op. applyOp.ID={1 4} applyOp.index=6 applyOp.command=shardrpc.FreezeShardArgs applyOp.command={Shard:1 Num:14}
2026/05/03 01:59:11 RSM node1: READER: dequeuing matched submit. applyOp.ID={1 4} index=6 queued.id={1 4} queued.index=6 queued.len(after)=0
2026/05/03 01:59:11 RSM node1: READER: sending OK response. applyOp.command={Shard:1 Num:14} applyOp.command.type=shardrpc.FreezeShardArgs applyOp.ID={1 4} applyOp.index=6; queueed.command={Shard:1 Num:14} queued.id={1 4} queued.index=6; DoOP.result={State:[15 255 167 4 1 2 255 168 0 1 12 1 255 166 0 0 34 255 165 3 1 2 255 166 0 1 2 1 5 86 97 108 117 101 1 12 0 1 7 86 101 114 115 105 111 110 1 6 0 0 0 4 255 168 0 0] Num:14 Err:OK} DoOP.result.type=shardrpc.FreezeShardReply
2026/05/03 01:59:11 RSM node1: Submit received result for op.ID={1 4} queued.CommandIndex=6: error=OK result={[15 255 167 4 1 2 255 168 0 1 12 1 255 166 0 0 34 255 165 3 1 2 255 166 0 1 2 1 5 86 97 108 117 101 1 12 0 1 7 86 101 114 115 105 111 110 1 6 0 0 0 4 255 168 0 0] 14 OK}
2026/05/03 01:59:11 RSM node0: Start executed for op.ID={0 3} op.command={Shard:1 State:[15 255 167 4 1 2 255 168 0 1 12 1 255 166 0 0 34 255 165 3 1 2 255 166 0 1 2 1 5 86 97 108 117 101 1 12 0 1 7 86 101 114 115 105 111 110 1 6 0 0 0 4 255 168 0 0] Num:14}. index=3, term=2, isLeader=true
2026/05/03 01:59:11 RSM node0: Submit enqueued. op.ID={0 3} index=3 term=2 queued.len=1
2026/05/03 01:59:11 RSM node0: READER: applying op. applyOp.ID={0 3} applyOp.index=3 applyOp.command=shardrpc.InstallShardArgs applyOp.command={Shard:1 State:[15 255 167 4 1 2 255 168 0 1 12 1 255 166 0 0 34 255 165 3 1 2 255 166 0 1 2 1 5 86 97 108 117 101 1 12 0 1 7 86 101 114 115 105 111 110 1 6 0 0 0 4 255 168 0 0] Num:14}
2026/05/03 01:59:11 RSM node0: READER: dequeuing matched submit. applyOp.ID={0 3} index=3 queued.id={0 3} queued.index=3 queued.len(after)=0
2026/05/03 01:59:11 RSM node0: READER: sending OK response. applyOp.command={Shard:1 State:[15 255 167 4 1 2 255 168 0 1 12 1 255 166 0 0 34 255 165 3 1 2 255 166 0 1 2 1 5 86 97 108 117 101 1 12 0 1 7 86 101 114 115 105 111 110 1 6 0 0 0 4 255 168 0 0] Num:14} applyOp.command.type=shardrpc.InstallShardArgs applyOp.ID={0 3} applyOp.index=3; queueed.command={Shard:1 State:[15 255 167 4 1 2 255 168 0 1 12 1 255 166 0 0 34 255 165 3 1 2 255 166 0 1 2 1 5 86 97 108 117 101 1 12 0 1 7 86 101 114 115 105 111 110 1 6 0 0 0 4 255 168 0 0] Num:14} queued.id={0 3} queued.index=3; DoOP.result={Err:OK} DoOP.result.type=shardrpc.InstallShardReply
2026/05/03 01:59:11 RSM node0: Submit received result for op.ID={0 3} queued.CommandIndex=3: error=OK result={OK}
2026/05/03 01:59:11 RSM node1: Start executed for op.ID={1 26} op.command={Key:k0}. index=26, term=2, isLeader=true
2026/05/03 01:59:11 RSM node1: Submit enqueued. op.ID={1 26} index=26 term=2 queued.len=1
2026/05/03 01:59:11 RSM node1: Start executed for op.ID={1 5} op.command={Shard:1 Num:14}. index=7, term=2, isLeader=true
2026/05/03 01:59:11 RSM node1: Submit enqueued. op.ID={1 5} index=7 term=2 queued.len=1
2026/05/03 01:59:11 RSM node1: READER: applying op. applyOp.ID={1 26} applyOp.index=26 applyOp.command=rpc.GetArgs applyOp.command={Key:k0}
2026/05/03 01:59:11 RSM node1: READER: dequeuing matched submit. applyOp.ID={1 26} index=26 queued.id={1 26} queued.index=26 queued.len(after)=0
2026/05/03 01:59:11 RSM node1: READER: sending OK response. applyOp.command={Key:k0} applyOp.command.type=rpc.GetArgs applyOp.ID={1 26} applyOp.index=26; queueed.command={Key:k0} queued.id={1 26} queued.index=26; DoOP.result={Value:{"Id":0,"V":62} Version:63 Err:OK} DoOP.result.type=rpc.GetReply
2026/05/03 01:59:11 RSM node1: Submit received result for op.ID={1 26} queued.CommandIndex=26: error=OK result={{"Id":0,"V":62} 63 OK}
2026/05/03 01:59:11 RSM node2: READER: applying op. applyOp.ID={1 4} applyOp.index=6 applyOp.command=shardrpc.FreezeShardArgs applyOp.command={Shard:1 Num:14}
2026/05/03 01:59:11 RSM node0: Start executed for op.ID={0 31} op.command={Key:k0 Value:{"Id":0,"V":63} Version:63}. index=-1, term=2, isLeader=false
2026/05/03 01:59:11 RSM node1: READER: applying op. applyOp.ID={1 5} applyOp.index=7 applyOp.command=shardrpc.DeleteShardArgs applyOp.command={Shard:1 Num:14}
2026/05/03 01:59:11 RSM node1: READER: dequeuing matched submit. applyOp.ID={1 5} index=7 queued.id={1 5} queued.index=7 queued.len(after)=0
2026/05/03 01:59:11 RSM node1: READER: sending OK response. applyOp.command={Shard:1 Num:14} applyOp.command.type=shardrpc.DeleteShardArgs applyOp.ID={1 5} applyOp.index=7; queueed.command={Shard:1 Num:14} queued.id={1 5} queued.index=7; DoOP.result={Err:OK} DoOP.result.type=shardrpc.DeleteShardReply
2026/05/03 01:59:11 RSM node1: Submit received result for op.ID={1 5} queued.CommandIndex=7: error=OK result={OK}
2026/05/03 01:59:11 RSM node0: READER: applying op. applyOp.ID={1 4} applyOp.index=6 applyOp.command=shardrpc.FreezeShardArgs applyOp.command={Shard:1 Num:14}
2026/05/03 01:59:11 RSM node0: Start executed for op.ID={0 6} op.command={Shard:9 Num:14}. index=-1, term=2, isLeader=false
2026/05/03 01:59:11 RSM node1: READER: applying op. applyOp.ID={0 3} applyOp.index=3 applyOp.command=shardrpc.InstallShardArgs applyOp.command={Shard:1 State:[15 255 167 4 1 2 255 168 0 1 12 1 255 166 0 0 34 255 165 3 1 2 255 166 0 1 2 1 5 86 97 108 117 101 1 12 0 1 7 86 101 114 115 105 111 110 1 6 0 0 0 4 255 168 0 0] Num:14}
2026/05/03 01:59:11 RSM node0: READER: applying op. applyOp.ID={1 26} applyOp.index=26 applyOp.command=rpc.GetArgs applyOp.command={Key:k0}
2026/05/03 01:59:11 RSM node2: READER: applying op. applyOp.ID={1 26} applyOp.index=26 applyOp.command=rpc.GetArgs applyOp.command={Key:k0}
2026/05/03 01:59:11 RSM node2: READER: applying op. applyOp.ID={1 5} applyOp.index=7 applyOp.command=shardrpc.DeleteShardArgs applyOp.command={Shard:1 Num:14}
2026/05/03 01:59:11 RSM node0: READER: applying op. applyOp.ID={1 5} applyOp.index=7 applyOp.command=shardrpc.DeleteShardArgs applyOp.command={Shard:1 Num:14}
2026/05/03 01:59:11 RSM node2: READER: applying op. applyOp.ID={0 3} applyOp.index=3 applyOp.command=shardrpc.InstallShardArgs applyOp.command={Shard:1 State:[15 255 167 4 1 2 255 168 0 1 12 1 255 166 0 0 34 255 165 3 1 2 255 166 0 1 2 1 5 86 97 108 117 101 1 12 0 1 7 86 101 114 115 105 111 110 1 6 0 0 0 4 255 168 0 0] Num:14}
2026/05/03 01:59:11 RSM node1: Start executed for op.ID={1 27} op.command={Key:k0 Value:{"Id":0,"V":63} Version:63}. index=27, term=2, isLeader=true
2026/05/03 01:59:11 RSM node1: Submit enqueued. op.ID={1 27} index=27 term=2 queued.len=1
2026/05/03 01:59:11 RSM node1: READER: applying op. applyOp.ID={1 27} applyOp.index=27 applyOp.command=rpc.PutArgs applyOp.command={Key:k0 Value:{"Id":0,"V":63} Version:63}
2026/05/03 01:59:11 RSM node1: READER: dequeuing matched submit. applyOp.ID={1 27} index=27 queued.id={1 27} queued.index=27 queued.len(after)=0
2026/05/03 01:59:11 RSM node1: READER: sending OK response. applyOp.command={Key:k0 Value:{"Id":0,"V":63} Version:63} applyOp.command.type=rpc.PutArgs applyOp.ID={1 27} applyOp.index=27; queueed.command={Key:k0 Value:{"Id":0,"V":63} Version:63} queued.id={1 27} queued.index=27; DoOP.result={Err:OK} DoOP.result.type=rpc.PutReply
2026/05/03 01:59:11 RSM node1: Submit received result for op.ID={1 27} queued.CommandIndex=27: error=OK result={OK}
2026/05/03 01:59:11 RSM node1: Start executed for op.ID={1 6} op.command={Shard:9 Num:14}. index=8, term=2, isLeader=true
2026/05/03 01:59:11 RSM node1: Submit enqueued. op.ID={1 6} index=8 term=2 queued.len=1
2026/05/03 01:59:11 RSM node1: READER: applying op. applyOp.ID={1 6} applyOp.index=8 applyOp.command=shardrpc.FreezeShardArgs applyOp.command={Shard:9 Num:14}
2026/05/03 01:59:11 RSM node1: READER: dequeuing matched submit. applyOp.ID={1 6} index=8 queued.id={1 6} queued.index=8 queued.len(after)=0
2026/05/03 01:59:11 RSM node1: READER: sending OK response. applyOp.command={Shard:9 Num:14} applyOp.command.type=shardrpc.FreezeShardArgs applyOp.ID={1 6} applyOp.index=8; queueed.command={Shard:9 Num:14} queued.id={1 6} queued.index=8; DoOP.result={State:[15 255 167 4 1 2 255 168 0 1 12 1 255 166 0 0 34 255 165 3 1 2 255 166 0 1 2 1 5 86 97 108 117 101 1 12 0 1 7 86 101 114 115 105 111 110 1 6 0 0 0 4 255 168 0 0] Num:14 Err:OK} DoOP.result.type=shardrpc.FreezeShardReply
2026/05/03 01:59:11 RSM node1: Submit received result for op.ID={1 6} queued.CommandIndex=8: error=OK result={[15 255 167 4 1 2 255 168 0 1 12 1 255 166 0 0 34 255 165 3 1 2 255 166 0 1 2 1 5 86 97 108 117 101 1 12 0 1 7 86 101 114 115 105 111 110 1 6 0 0 0 4 255 168 0 0] 14 OK}
2026/05/03 01:59:11 RSM node2: READER: applying op. applyOp.ID={1 27} applyOp.index=27 applyOp.command=rpc.PutArgs applyOp.command={Key:k0 Value:{"Id":0,"V":63} Version:63}
2026/05/03 01:59:11 RSM node0: READER: applying op. applyOp.ID={1 27} applyOp.index=27 applyOp.command=rpc.PutArgs applyOp.command={Key:k0 Value:{"Id":0,"V":63} Version:63}
2026/05/03 01:59:11 RSM node0: READER: applying op. applyOp.ID={1 6} applyOp.index=8 applyOp.command=shardrpc.FreezeShardArgs applyOp.command={Shard:9 Num:14}
2026/05/03 01:59:11 RSM node0: Start executed for op.ID={0 32} op.command={Key:k0}. index=-1, term=2, isLeader=false
2026/05/03 01:59:11 RSM node2: READER: applying op. applyOp.ID={1 6} applyOp.index=8 applyOp.command=shardrpc.FreezeShardArgs applyOp.command={Shard:9 Num:14}
2026/05/03 01:59:11 RSM node2: Start executed for op.ID={2 1} op.command={Shard:9 Num:14}. index=-1, term=2, isLeader=false
2026/05/03 01:59:11 RSM node1: Start executed for op.ID={1 28} op.command={Key:k0}. index=28, term=2, isLeader=true
2026/05/03 01:59:11 RSM node1: Submit enqueued. op.ID={1 28} index=28 term=2 queued.len=1
2026/05/03 01:59:11 RSM node1: READER: applying op. applyOp.ID={1 28} applyOp.index=28 applyOp.command=rpc.GetArgs applyOp.command={Key:k0}
2026/05/03 01:59:11 RSM node1: READER: dequeuing matched submit. applyOp.ID={1 28} index=28 queued.id={1 28} queued.index=28 queued.len(after)=0
2026/05/03 01:59:11 RSM node1: READER: sending OK response. applyOp.command={Key:k0} applyOp.command.type=rpc.GetArgs applyOp.ID={1 28} applyOp.index=28; queueed.command={Key:k0} queued.id={1 28} queued.index=28; DoOP.result={Value:{"Id":0,"V":63} Version:64 Err:OK} DoOP.result.type=rpc.GetReply
2026/05/03 01:59:11 RSM node1: Submit received result for op.ID={1 28} queued.CommandIndex=28: error=OK result={{"Id":0,"V":63} 64 OK}
2026/05/03 01:59:11 RSM node0: Start executed for op.ID={0 7} op.command={Shard:9 Num:14}. index=-1, term=2, isLeader=false
2026/05/03 01:59:11 RSM node2: READER: applying op. applyOp.ID={1 28} applyOp.index=28 applyOp.command=rpc.GetArgs applyOp.command={Key:k0}
2026/05/03 01:59:11 RSM node0: READER: applying op. applyOp.ID={1 28} applyOp.index=28 applyOp.command=rpc.GetArgs applyOp.command={Key:k0}
2026/05/03 01:59:12 RSM node2: Start executed for op.ID={2 10} op.command={Key:k0}. index=-1, term=2, isLeader=false
2026/05/03 01:59:12 RSM node1: Start executed for op.ID={1 7} op.command={Shard:9 Num:14}. index=9, term=2, isLeader=true
2026/05/03 01:59:12 RSM node1: Submit enqueued. op.ID={1 7} index=9 term=2 queued.len=1
2026/05/03 01:59:12 RSM node1: READER: applying op. applyOp.ID={1 7} applyOp.index=9 applyOp.command=shardrpc.FreezeShardArgs applyOp.command={Shard:9 Num:14}
2026/05/03 01:59:12 RSM node1: READER: dequeuing matched submit. applyOp.ID={1 7} index=9 queued.id={1 7} queued.index=9 queued.len(after)=0
2026/05/03 01:59:12 RSM node1: READER: sending OK response. applyOp.command={Shard:9 Num:14} applyOp.command.type=shardrpc.FreezeShardArgs applyOp.ID={1 7} applyOp.index=9; queueed.command={Shard:9 Num:14} queued.id={1 7} queued.index=9; DoOP.result={State:[15 255 167 4 1 2 255 168 0 1 12 1 255 166 0 0 34 255 165 3 1 2 255 166 0 1 2 1 5 86 97 108 117 101 1 12 0 1 7 86 101 114 115 105 111 110 1 6 0 0 0 4 255 168 0 0] Num:14 Err:OK} DoOP.result.type=shardrpc.FreezeShardReply
2026/05/03 01:59:12 RSM node1: Submit received result for op.ID={1 7} queued.CommandIndex=9: error=OK result={[15 255 167 4 1 2 255 168 0 1 12 1 255 166 0 0 34 255 165 3 1 2 255 166 0 1 2 1 5 86 97 108 117 101 1 12 0 1 7 86 101 114 115 105 111 110 1 6 0 0 0 4 255 168 0 0] 14 OK}
2026/05/03 01:59:12 RSM node0: Start executed for op.ID={0 3} op.command={Shard:9 State:[15 255 167 4 1 2 255 168 0 1 12 1 255 166 0 0 34 255 165 3 1 2 255 166 0 1 2 1 5 86 97 108 117 101 1 12 0 1 7 86 101 114 115 105 111 110 1 6 0 0 0 4 255 168 0 0] Num:14}. index=3, term=3, isLeader=true
2026/05/03 01:59:12 RSM node0: Submit enqueued. op.ID={0 3} index=3 term=3 queued.len=1
2026/05/03 01:59:12 RSM node0: READER: applying op. applyOp.ID={0 3} applyOp.index=3 applyOp.command=shardrpc.InstallShardArgs applyOp.command={Shard:9 State:[15 255 167 4 1 2 255 168 0 1 12 1 255 166 0 0 34 255 165 3 1 2 255 166 0 1 2 1 5 86 97 108 117 101 1 12 0 1 7 86 101 114 115 105 111 110 1 6 0 0 0 4 255 168 0 0] Num:14}
2026/05/03 01:59:12 RSM node0: READER: dequeuing matched submit. applyOp.ID={0 3} index=3 queued.id={0 3} queued.index=3 queued.len(after)=0
2026/05/03 01:59:12 RSM node0: READER: sending OK response. applyOp.command={Shard:9 State:[15 255 167 4 1 2 255 168 0 1 12 1 255 166 0 0 34 255 165 3 1 2 255 166 0 1 2 1 5 86 97 108 117 101 1 12 0 1 7 86 101 114 115 105 111 110 1 6 0 0 0 4 255 168 0 0] Num:14} applyOp.command.type=shardrpc.InstallShardArgs applyOp.ID={0 3} applyOp.index=3; queueed.command={Shard:9 State:[15 255 167 4 1 2 255 168 0 1 12 1 255 166 0 0 34 255 165 3 1 2 255 166 0 1 2 1 5 86 97 108 117 101 1 12 0 1 7 86 101 114 115 105 111 110 1 6 0 0 0 4 255 168 0 0] Num:14} queued.id={0 3} queued.index=3; DoOP.result={Err:OK} DoOP.result.type=shardrpc.InstallShardReply
2026/05/03 01:59:12 RSM node0: Submit received result for op.ID={0 3} queued.CommandIndex=3: error=OK result={OK}
2026/05/03 01:59:12 RSM node2: READER: applying op. applyOp.ID={1 7} applyOp.index=9 applyOp.command=shardrpc.FreezeShardArgs applyOp.command={Shard:9 Num:14}
2026/05/03 01:59:12 RSM node1: Start executed for op.ID={1 8} op.command={Shard:9 Num:14}. index=10, term=2, isLeader=true
2026/05/03 01:59:12 RSM node1: Submit enqueued. op.ID={1 8} index=10 term=2 queued.len=1
2026/05/03 01:59:12 RSM node0: READER: applying op. applyOp.ID={1 7} applyOp.index=9 applyOp.command=shardrpc.FreezeShardArgs applyOp.command={Shard:9 Num:14}
2026/05/03 01:59:12 RSM node1: READER: applying op. applyOp.ID={1 8} applyOp.index=10 applyOp.command=shardrpc.DeleteShardArgs applyOp.command={Shard:9 Num:14}
2026/05/03 01:59:12 RSM node1: READER: dequeuing matched submit. applyOp.ID={1 8} index=10 queued.id={1 8} queued.index=10 queued.len(after)=0
2026/05/03 01:59:12 RSM node1: READER: sending OK response. applyOp.command={Shard:9 Num:14} applyOp.command.type=shardrpc.DeleteShardArgs applyOp.ID={1 8} applyOp.index=10; queueed.command={Shard:9 Num:14} queued.id={1 8} queued.index=10; DoOP.result={Err:OK} DoOP.result.type=shardrpc.DeleteShardReply
2026/05/03 01:59:12 RSM node1: Submit received result for op.ID={1 8} queued.CommandIndex=10: error=OK result={OK}
2026/05/03 01:59:12 RSM node1: READER: applying op. applyOp.ID={0 3} applyOp.index=3 applyOp.command=shardrpc.InstallShardArgs applyOp.command={Shard:9 State:[15 255 167 4 1 2 255 168 0 1 12 1 255 166 0 0 34 255 165 3 1 2 255 166 0 1 2 1 5 86 97 108 117 101 1 12 0 1 7 86 101 114 115 105 111 110 1 6 0 0 0 4 255 168 0 0] Num:14}
2026/05/03 01:59:12 RSM node2: READER: applying op. applyOp.ID={0 3} applyOp.index=3 applyOp.command=shardrpc.InstallShardArgs applyOp.command={Shard:9 State:[15 255 167 4 1 2 255 168 0 1 12 1 255 166 0 0 34 255 165 3 1 2 255 166 0 1 2 1 5 86 97 108 117 101 1 12 0 1 7 86 101 114 115 105 111 110 1 6 0 0 0 4 255 168 0 0] Num:14}
2026/05/03 01:59:12 RSM node0: READER: applying op. applyOp.ID={1 8} applyOp.index=10 applyOp.command=shardrpc.DeleteShardArgs applyOp.command={Shard:9 Num:14}
2026/05/03 01:59:12 RSM node2: READER: applying op. applyOp.ID={1 8} applyOp.index=10 applyOp.command=shardrpc.DeleteShardArgs applyOp.command={Shard:9 Num:14}
2026/05/03 01:59:12 RSM node1: Start executed for op.ID={1 29} op.command={Key:k0}. index=29, term=2, isLeader=true
2026/05/03 01:59:12 RSM node1: Submit enqueued. op.ID={1 29} index=29 term=2 queued.len=1
2026/05/03 01:59:12 RSM node1: READER: applying op. applyOp.ID={1 29} applyOp.index=29 applyOp.command=rpc.GetArgs applyOp.command={Key:k0}
2026/05/03 01:59:12 RSM node1: READER: dequeuing matched submit. applyOp.ID={1 29} index=29 queued.id={1 29} queued.index=29 queued.len(after)=0
2026/05/03 01:59:12 RSM node1: READER: sending OK response. applyOp.command={Key:k0} applyOp.command.type=rpc.GetArgs applyOp.ID={1 29} applyOp.index=29; queueed.command={Key:k0} queued.id={1 29} queued.index=29; DoOP.result={Value:{"Id":0,"V":63} Version:64 Err:OK} DoOP.result.type=rpc.GetReply
2026/05/03 01:59:12 RSM node1: Submit received result for op.ID={1 29} queued.CommandIndex=29: error=OK result={{"Id":0,"V":63} 64 OK}
2026/05/03 01:59:12 RSM node0: READER: applying op. applyOp.ID={1 29} applyOp.index=29 applyOp.command=rpc.GetArgs applyOp.command={Key:k0}
2026/05/03 01:59:12 RSM node2: READER: applying op. applyOp.ID={1 29} applyOp.index=29 applyOp.command=rpc.GetArgs applyOp.command={Key:k0}
2026/05/03 01:59:12 RSM node0: Start executed for op.ID={0 33} op.command={Key:k0 Value:{"Id":0,"V":64} Version:64}. index=-1, term=2, isLeader=false
2026/05/03 01:59:12 RSM node1: Start executed for op.ID={1 30} op.command={Key:k0 Value:{"Id":0,"V":64} Version:64}. index=30, term=2, isLeader=true
2026/05/03 01:59:12 RSM node1: Submit enqueued. op.ID={1 30} index=30 term=2 queued.len=1
2026/05/03 01:59:12 RSM node1: READER: applying op. applyOp.ID={1 30} applyOp.index=30 applyOp.command=rpc.PutArgs applyOp.command={Key:k0 Value:{"Id":0,"V":64} Version:64}
2026/05/03 01:59:12 RSM node1: READER: dequeuing matched submit. applyOp.ID={1 30} index=30 queued.id={1 30} queued.index=30 queued.len(after)=0
2026/05/03 01:59:12 RSM node1: READER: sending OK response. applyOp.command={Key:k0 Value:{"Id":0,"V":64} Version:64} applyOp.command.type=rpc.PutArgs applyOp.ID={1 30} applyOp.index=30; queueed.command={Key:k0 Value:{"Id":0,"V":64} Version:64} queued.id={1 30} queued.index=30; DoOP.result={Err:OK} DoOP.result.type=rpc.PutReply
2026/05/03 01:59:12 RSM node1: Submit received result for op.ID={1 30} queued.CommandIndex=30: error=OK result={OK}
2026/05/03 01:59:12 RSM node0: Start executed for op.ID={0 34} op.command={Key:k0}. index=-1, term=2, isLeader=false
2026/05/03 01:59:12 RSM node0: READER: applying op. applyOp.ID={1 30} applyOp.index=30 applyOp.command=rpc.PutArgs applyOp.command={Key:k0 Value:{"Id":0,"V":64} Version:64}
2026/05/03 01:59:12 RSM node2: READER: applying op. applyOp.ID={1 30} applyOp.index=30 applyOp.command=rpc.PutArgs applyOp.command={Key:k0 Value:{"Id":0,"V":64} Version:64}
2026/05/03 01:59:12 RSM node0: Start executed for op.ID={0 35} op.command={Shard:0 Num:15}. index=-1, term=2, isLeader=false
2026/05/03 01:59:12 RSM node1: Start executed for op.ID={1 31} op.command={Key:k0}. index=31, term=2, isLeader=true
2026/05/03 01:59:12 RSM node1: Submit enqueued. op.ID={1 31} index=31 term=2 queued.len=1
2026/05/03 01:59:12 RSM node1: READER: applying op. applyOp.ID={1 31} applyOp.index=31 applyOp.command=rpc.GetArgs applyOp.command={Key:k0}
2026/05/03 01:59:12 RSM node1: READER: dequeuing matched submit. applyOp.ID={1 31} index=31 queued.id={1 31} queued.index=31 queued.len(after)=0
2026/05/03 01:59:12 RSM node1: READER: sending OK response. applyOp.command={Key:k0} applyOp.command.type=rpc.GetArgs applyOp.ID={1 31} applyOp.index=31; queueed.command={Key:k0} queued.id={1 31} queued.index=31; DoOP.result={Value:{"Id":0,"V":64} Version:65 Err:OK} DoOP.result.type=rpc.GetReply
2026/05/03 01:59:12 RSM node1: Submit received result for op.ID={1 31} queued.CommandIndex=31: error=OK result={{"Id":0,"V":64} 65 OK}
2026/05/03 01:59:12 RSM node0: Start executed for op.ID={0 36} op.command={Key:k0 Value:{"Id":0,"V":65} Version:65}. index=-1, term=2, isLeader=false
2026/05/03 01:59:12 RSM node2: READER: applying op. applyOp.ID={1 31} applyOp.index=31 applyOp.command=rpc.GetArgs applyOp.command={Key:k0}
2026/05/03 01:59:12 RSM node1: Start executed for op.ID={1 32} op.command={Shard:0 Num:15}. index=32, term=2, isLeader=true
2026/05/03 01:59:12 RSM node1: Submit enqueued. op.ID={1 32} index=32 term=2 queued.len=1
2026/05/03 01:59:12 RSM node0: READER: applying op. applyOp.ID={1 31} applyOp.index=31 applyOp.command=rpc.GetArgs applyOp.command={Key:k0}
2026/05/03 01:59:12 RSM node1: READER: applying op. applyOp.ID={1 32} applyOp.index=32 applyOp.command=shardrpc.FreezeShardArgs applyOp.command={Shard:0 Num:15}
2026/05/03 01:59:12 RSM node1: READER: dequeuing matched submit. applyOp.ID={1 32} index=32 queued.id={1 32} queued.index=32 queued.len(after)=0
2026/05/03 01:59:12 RSM node1: READER: sending OK response. applyOp.command={Shard:0 Num:15} applyOp.command.type=shardrpc.FreezeShardArgs applyOp.ID={1 32} applyOp.index=32; queueed.command={Shard:0 Num:15} queued.id={1 32} queued.index=32; DoOP.result={State:[15 255 175 4 1 2 255 176 0 1 12 1 255 174 0 0 34 255 173 3 1 2 255 174 0 1 2 1 5 86 97 108 117 101 1 12 0 1 7 86 101 114 115 105 111 110 1 6 0 0 0 4 255 176 0 0] Num:15 Err:OK} DoOP.result.type=shardrpc.FreezeShardReply
2026/05/03 01:59:12 RSM node1: Submit received result for op.ID={1 32} queued.CommandIndex=32: error=OK result={[15 255 175 4 1 2 255 176 0 1 12 1 255 174 0 0 34 255 173 3 1 2 255 174 0 1 2 1 5 86 97 108 117 101 1 12 0 1 7 86 101 114 115 105 111 110 1 6 0 0 0 4 255 176 0 0] 15 OK}
2026/05/03 01:59:12 RSM node0: Start executed for op.ID={0 149} op.command={Shard:0 State:[15 255 175 4 1 2 255 176 0 1 12 1 255 174 0 0 34 255 173 3 1 2 255 174 0 1 2 1 5 86 97 108 117 101 1 12 0 1 7 86 101 114 115 105 111 110 1 6 0 0 0 4 255 176 0 0] Num:15}. index=149, term=1, isLeader=true
2026/05/03 01:59:12 RSM node0: Submit enqueued. op.ID={0 149} index=149 term=1 queued.len=1
2026/05/03 01:59:12 RSM node0: READER: applying op. applyOp.ID={0 149} applyOp.index=149 applyOp.command=shardrpc.InstallShardArgs applyOp.command={Shard:0 State:[15 255 175 4 1 2 255 176 0 1 12 1 255 174 0 0 34 255 173 3 1 2 255 174 0 1 2 1 5 86 97 108 117 101 1 12 0 1 7 86 101 114 115 105 111 110 1 6 0 0 0 4 255 176 0 0] Num:15}
2026/05/03 01:59:12 RSM node0: READER: dequeuing matched submit. applyOp.ID={0 149} index=149 queued.id={0 149} queued.index=149 queued.len(after)=0
2026/05/03 01:59:12 RSM node0: Submit received result for op.ID={0 149} queued.CommandIndex=149: error=OK result={OK}
2026/05/03 01:59:12 RSM node0: READER: sending OK response. applyOp.command={Shard:0 State:[15 255 175 4 1 2 255 176 0 1 12 1 255 174 0 0 34 255 173 3 1 2 255 174 0 1 2 1 5 86 97 108 117 101 1 12 0 1 7 86 101 114 115 105 111 110 1 6 0 0 0 4 255 176 0 0] Num:15} applyOp.command.type=shardrpc.InstallShardArgs applyOp.ID={0 149} applyOp.index=149; queueed.command={Shard:0 State:[15 255 175 4 1 2 255 176 0 1 12 1 255 174 0 0 34 255 173 3 1 2 255 174 0 1 2 1 5 86 97 108 117 101 1 12 0 1 7 86 101 114 115 105 111 110 1 6 0 0 0 4 255 176 0 0] Num:15} queued.id={0 149} queued.index=149; DoOP.result={Err:OK} DoOP.result.type=shardrpc.InstallShardReply
2026/05/03 01:59:12 RSM node0: READER: applying op. applyOp.ID={1 32} applyOp.index=32 applyOp.command=shardrpc.FreezeShardArgs applyOp.command={Shard:0 Num:15}
2026/05/03 01:59:12 RSM node2: READER: applying op. applyOp.ID={0 149} applyOp.index=149 applyOp.command=shardrpc.InstallShardArgs applyOp.command={Shard:0 State:[15 255 175 4 1 2 255 176 0 1 12 1 255 174 0 0 34 255 173 3 1 2 255 174 0 1 2 1 5 86 97 108 117 101 1 12 0 1 7 86 101 114 115 105 111 110 1 6 0 0 0 4 255 176 0 0] Num:15}
2026/05/03 01:59:12 RSM node1: Start executed for op.ID={1 33} op.command={Shard:0 Num:15}. index=33, term=2, isLeader=true
2026/05/03 01:59:12 RSM node1: Submit enqueued. op.ID={1 33} index=33 term=2 queued.len=1
2026/05/03 01:59:12 RSM node2: READER: applying op. applyOp.ID={1 32} applyOp.index=32 applyOp.command=shardrpc.FreezeShardArgs applyOp.command={Shard:0 Num:15}
2026/05/03 01:59:12 RSM node1: READER: applying op. applyOp.ID={0 149} applyOp.index=149 applyOp.command=shardrpc.InstallShardArgs applyOp.command={Shard:0 State:[15 255 175 4 1 2 255 176 0 1 12 1 255 174 0 0 34 255 173 3 1 2 255 174 0 1 2 1 5 86 97 108 117 101 1 12 0 1 7 86 101 114 115 105 111 110 1 6 0 0 0 4 255 176 0 0] Num:15}
2026/05/03 01:59:12 RSM node1: READER: applying op. applyOp.ID={1 33} applyOp.index=33 applyOp.command=shardrpc.DeleteShardArgs applyOp.command={Shard:0 Num:15}
2026/05/03 01:59:12 RSM node1: READER: dequeuing matched submit. applyOp.ID={1 33} index=33 queued.id={1 33} queued.index=33 queued.len(after)=0
2026/05/03 01:59:12 RSM node1: READER: sending OK response. applyOp.command={Shard:0 Num:15} applyOp.command.type=shardrpc.DeleteShardArgs applyOp.ID={1 33} applyOp.index=33; queueed.command={Shard:0 Num:15} queued.id={1 33} queued.index=33; DoOP.result={Err:OK} DoOP.result.type=shardrpc.DeleteShardReply
2026/05/03 01:59:12 RSM node1: Submit received result for op.ID={1 33} queued.CommandIndex=33: error=OK result={OK}
2026/05/03 01:59:12 RSM node1: Start executed for op.ID={1 34} op.command={Key:k0 Value:{"Id":0,"V":65} Version:65}. index=34, term=2, isLeader=true
2026/05/03 01:59:12 RSM node1: Submit enqueued. op.ID={1 34} index=34 term=2 queued.len=1
2026/05/03 01:59:12 RSM node2: READER: applying op. applyOp.ID={1 33} applyOp.index=33 applyOp.command=shardrpc.DeleteShardArgs applyOp.command={Shard:0 Num:15}
2026/05/03 01:59:12 RSM node1: READER: applying op. applyOp.ID={1 34} applyOp.index=34 applyOp.command=rpc.PutArgs applyOp.command={Key:k0 Value:{"Id":0,"V":65} Version:65}
2026/05/03 01:59:12 RSM node1: READER: dequeuing matched submit. applyOp.ID={1 34} index=34 queued.id={1 34} queued.index=34 queued.len(after)=0
2026/05/03 01:59:12 RSM node1: READER: sending OK response. applyOp.command={Key:k0 Value:{"Id":0,"V":65} Version:65} applyOp.command.type=rpc.PutArgs applyOp.ID={1 34} applyOp.index=34; queueed.command={Key:k0 Value:{"Id":0,"V":65} Version:65} queued.id={1 34} queued.index=34; DoOP.result={Err:OK} DoOP.result.type=rpc.PutReply
2026/05/03 01:59:12 RSM node1: Submit received result for op.ID={1 34} queued.CommandIndex=34: error=OK result={OK}
2026/05/03 01:59:12 RSM node0: READER: applying op. applyOp.ID={1 33} applyOp.index=33 applyOp.command=shardrpc.DeleteShardArgs applyOp.command={Shard:0 Num:15}
2026/05/03 01:59:12 RSM node0: Start executed for op.ID={0 37} op.command={Key:k0}. index=-1, term=2, isLeader=false
2026/05/03 01:59:12 RSM node0: READER: applying op. applyOp.ID={1 34} applyOp.index=34 applyOp.command=rpc.PutArgs applyOp.command={Key:k0 Value:{"Id":0,"V":65} Version:65}
2026/05/03 01:59:12 RSM node2: READER: applying op. applyOp.ID={1 34} applyOp.index=34 applyOp.command=rpc.PutArgs applyOp.command={Key:k0 Value:{"Id":0,"V":65} Version:65}
2026/05/03 01:59:12 RSM node1: Start executed for op.ID={1 35} op.command={Shard:7 Num:15}. index=35, term=2, isLeader=true
2026/05/03 01:59:12 RSM node1: Submit enqueued. op.ID={1 35} index=35 term=2 queued.len=1
2026/05/03 01:59:12 RSM node1: READER: applying op. applyOp.ID={1 35} applyOp.index=35 applyOp.command=shardrpc.FreezeShardArgs applyOp.command={Shard:7 Num:15}
2026/05/03 01:59:12 RSM node1: READER: dequeuing matched submit. applyOp.ID={1 35} index=35 queued.id={1 35} queued.index=35 queued.len(after)=0
2026/05/03 01:59:12 RSM node1: READER: sending OK response. applyOp.command={Shard:7 Num:15} applyOp.command.type=shardrpc.FreezeShardArgs applyOp.ID={1 35} applyOp.index=35; queueed.command={Shard:7 Num:15} queued.id={1 35} queued.index=35; DoOP.result={State:[15 255 175 4 1 2 255 176 0 1 12 1 255 174 0 0 34 255 173 3 1 2 255 174 0 1 2 1 5 86 97 108 117 101 1 12 0 1 7 86 101 114 115 105 111 110 1 6 0 0 0 4 255 176 0 0] Num:15 Err:OK} DoOP.result.type=shardrpc.FreezeShardReply
2026/05/03 01:59:12 RSM node1: Submit received result for op.ID={1 35} queued.CommandIndex=35: error=OK result={[15 255 175 4 1 2 255 176 0 1 12 1 255 174 0 0 34 255 173 3 1 2 255 174 0 1 2 1 5 86 97 108 117 101 1 12 0 1 7 86 101 114 115 105 111 110 1 6 0 0 0 4 255 176 0 0] 15 OK}
2026/05/03 01:59:12 RSM node2: READER: applying op. applyOp.ID={1 35} applyOp.index=35 applyOp.command=shardrpc.FreezeShardArgs applyOp.command={Shard:7 Num:15}
2026/05/03 01:59:12 RSM node1: Start executed for op.ID={1 36} op.command={Key:k0}. index=36, term=2, isLeader=true
2026/05/03 01:59:12 RSM node1: Submit enqueued. op.ID={1 36} index=36 term=2 queued.len=1
2026/05/03 01:59:12 RSM node0: READER: applying op. applyOp.ID={1 35} applyOp.index=35 applyOp.command=shardrpc.FreezeShardArgs applyOp.command={Shard:7 Num:15}
2026/05/03 01:59:12 RSM node1: READER: applying op. applyOp.ID={1 36} applyOp.index=36 applyOp.command=rpc.GetArgs applyOp.command={Key:k0}
2026/05/03 01:59:12 RSM node1: READER: dequeuing matched submit. applyOp.ID={1 36} index=36 queued.id={1 36} queued.index=36 queued.len(after)=0
2026/05/03 01:59:12 RSM node1: READER: sending OK response. applyOp.command={Key:k0} applyOp.command.type=rpc.GetArgs applyOp.ID={1 36} applyOp.index=36; queueed.command={Key:k0} queued.id={1 36} queued.index=36; DoOP.result={Value:{"Id":0,"V":65} Version:66 Err:OK} DoOP.result.type=rpc.GetReply
2026/05/03 01:59:12 RSM node1: Submit received result for op.ID={1 36} queued.CommandIndex=36: error=OK result={{"Id":0,"V":65} 66 OK}
2026/05/03 01:59:12 RSM node2: READER: applying op. applyOp.ID={1 36} applyOp.index=36 applyOp.command=rpc.GetArgs applyOp.command={Key:k0}
2026/05/03 01:59:12 RSM node0: Start executed for op.ID={0 38} op.command={Key:k0 Value:{"Id":0,"V":66} Version:66}. index=-1, term=2, isLeader=false
2026/05/03 01:59:12 RSM node0: READER: applying op. applyOp.ID={1 36} applyOp.index=36 applyOp.command=rpc.GetArgs applyOp.command={Key:k0}
2026/05/03 01:59:12 RSM node1: Start executed for op.ID={1 1} op.command={Shard:7 State:[15 255 175 4 1 2 255 176 0 1 12 1 255 174 0 0 34 255 173 3 1 2 255 174 0 1 2 1 5 86 97 108 117 101 1 12 0 1 7 86 101 114 115 105 111 110 1 6 0 0 0 4 255 176 0 0] Num:15}. index=-1, term=2, isLeader=false
2026/05/03 01:59:13 RSM node1: Start executed for op.ID={1 37} op.command={Key:k0 Value:{"Id":0,"V":66} Version:66}. index=37, term=2, isLeader=true
2026/05/03 01:59:13 RSM node1: Submit enqueued. op.ID={1 37} index=37 term=2 queued.len=1
2026/05/03 01:59:13 RSM node1: READER: applying op. applyOp.ID={1 37} applyOp.index=37 applyOp.command=rpc.PutArgs applyOp.command={Key:k0 Value:{"Id":0,"V":66} Version:66}
2026/05/03 01:59:13 RSM node1: READER: dequeuing matched submit. applyOp.ID={1 37} index=37 queued.id={1 37} queued.index=37 queued.len(after)=0
2026/05/03 01:59:13 RSM node1: READER: sending OK response. applyOp.command={Key:k0 Value:{"Id":0,"V":66} Version:66} applyOp.command.type=rpc.PutArgs applyOp.ID={1 37} applyOp.index=37; queueed.command={Key:k0 Value:{"Id":0,"V":66} Version:66} queued.id={1 37} queued.index=37; DoOP.result={Err:OK} DoOP.result.type=rpc.PutReply
2026/05/03 01:59:13 RSM node1: Submit received result for op.ID={1 37} queued.CommandIndex=37: error=OK result={OK}
2026/05/03 01:59:13 RSM node2: READER: applying op. applyOp.ID={1 37} applyOp.index=37 applyOp.command=rpc.PutArgs applyOp.command={Key:k0 Value:{"Id":0,"V":66} Version:66}
2026/05/03 01:59:13 RSM node2: Start executed for op.ID={2 1} op.command={Shard:7 State:[15 255 175 4 1 2 255 176 0 1 12 1 255 174 0 0 34 255 173 3 1 2 255 174 0 1 2 1 5 86 97 108 117 101 1 12 0 1 7 86 101 114 115 105 111 110 1 6 0 0 0 4 255 176 0 0] Num:15}. index=-1, term=2, isLeader=false
2026/05/03 01:59:13 RSM node0: READER: applying op. applyOp.ID={1 37} applyOp.index=37 applyOp.command=rpc.PutArgs applyOp.command={Key:k0 Value:{"Id":0,"V":66} Version:66}
2026/05/03 01:59:13 RSM node0: Start executed for op.ID={0 39} op.command={Key:k0}. index=-1, term=2, isLeader=false
2026/05/03 01:59:13 RSM node0: Start executed for op.ID={0 4} op.command={Shard:7 State:[15 255 175 4 1 2 255 176 0 1 12 1 255 174 0 0 34 255 173 3 1 2 255 174 0 1 2 1 5 86 97 108 117 101 1 12 0 1 7 86 101 114 115 105 111 110 1 6 0 0 0 4 255 176 0 0] Num:15}. index=4, term=2, isLeader=true
2026/05/03 01:59:13 RSM node0: Submit enqueued. op.ID={0 4} index=4 term=2 queued.len=1
2026/05/03 01:59:13 RSM node1: Start executed for op.ID={1 38} op.command={Key:k0}. index=38, term=2, isLeader=true
2026/05/03 01:59:13 RSM node1: Submit enqueued. op.ID={1 38} index=38 term=2 queued.len=1
2026/05/03 01:59:13 RSM node0: READER: applying op. applyOp.ID={0 4} applyOp.index=4 applyOp.command=shardrpc.InstallShardArgs applyOp.command={Shard:7 State:[15 255 175 4 1 2 255 176 0 1 12 1 255 174 0 0 34 255 173 3 1 2 255 174 0 1 2 1 5 86 97 108 117 101 1 12 0 1 7 86 101 114 115 105 111 110 1 6 0 0 0 4 255 176 0 0] Num:15}
2026/05/03 01:59:13 RSM node0: READER: dequeuing matched submit. applyOp.ID={0 4} index=4 queued.id={0 4} queued.index=4 queued.len(after)=0
2026/05/03 01:59:13 RSM node0: Submit received result for op.ID={0 4} queued.CommandIndex=4: error=OK result={OK}
2026/05/03 01:59:13 RSM node0: READER: sending OK response. applyOp.command={Shard:7 State:[15 255 175 4 1 2 255 176 0 1 12 1 255 174 0 0 34 255 173 3 1 2 255 174 0 1 2 1 5 86 97 108 117 101 1 12 0 1 7 86 101 114 115 105 111 110 1 6 0 0 0 4 255 176 0 0] Num:15} applyOp.command.type=shardrpc.InstallShardArgs applyOp.ID={0 4} applyOp.index=4; queueed.command={Shard:7 State:[15 255 175 4 1 2 255 176 0 1 12 1 255 174 0 0 34 255 173 3 1 2 255 174 0 1 2 1 5 86 97 108 117 101 1 12 0 1 7 86 101 114 115 105 111 110 1 6 0 0 0 4 255 176 0 0] Num:15} queued.id={0 4} queued.index=4; DoOP.result={Err:OK} DoOP.result.type=shardrpc.InstallShardReply
2026/05/03 01:59:13 RSM node1: READER: applying op. applyOp.ID={1 38} applyOp.index=38 applyOp.command=rpc.GetArgs applyOp.command={Key:k0}
2026/05/03 01:59:13 RSM node1: READER: dequeuing matched submit. applyOp.ID={1 38} index=38 queued.id={1 38} queued.index=38 queued.len(after)=0
2026/05/03 01:59:13 RSM node1: READER: sending OK response. applyOp.command={Key:k0} applyOp.command.type=rpc.GetArgs applyOp.ID={1 38} applyOp.index=38; queueed.command={Key:k0} queued.id={1 38} queued.index=38; DoOP.result={Value:{"Id":0,"V":66} Version:67 Err:OK} DoOP.result.type=rpc.GetReply
2026/05/03 01:59:13 RSM node1: Submit received result for op.ID={1 38} queued.CommandIndex=38: error=OK result={{"Id":0,"V":66} 67 OK}
2026/05/03 01:59:13 RSM node1: READER: applying op. applyOp.ID={0 4} applyOp.index=4 applyOp.command=shardrpc.InstallShardArgs applyOp.command={Shard:7 State:[15 255 175 4 1 2 255 176 0 1 12 1 255 174 0 0 34 255 173 3 1 2 255 174 0 1 2 1 5 86 97 108 117 101 1 12 0 1 7 86 101 114 115 105 111 110 1 6 0 0 0 4 255 176 0 0] Num:15}
2026/05/03 01:59:13 RSM node2: READER: applying op. applyOp.ID={1 38} applyOp.index=38 applyOp.command=rpc.GetArgs applyOp.command={Key:k0}
2026/05/03 01:59:13 RSM node0: Start executed for op.ID={0 40} op.command={Key:k0 Value:{"Id":0,"V":67} Version:67}. index=-1, term=2, isLeader=false
2026/05/03 01:59:13 RSM node2: READER: applying op. applyOp.ID={0 4} applyOp.index=4 applyOp.command=shardrpc.InstallShardArgs applyOp.command={Shard:7 State:[15 255 175 4 1 2 255 176 0 1 12 1 255 174 0 0 34 255 173 3 1 2 255 174 0 1 2 1 5 86 97 108 117 101 1 12 0 1 7 86 101 114 115 105 111 110 1 6 0 0 0 4 255 176 0 0] Num:15}
2026/05/03 01:59:13 RSM node0: READER: applying op. applyOp.ID={1 38} applyOp.index=38 applyOp.command=rpc.GetArgs applyOp.command={Key:k0}
2026/05/03 01:59:13 RSM node1: Start executed for op.ID={1 2} op.command={Shard:7 State:[15 255 175 4 1 2 255 176 0 1 12 1 255 174 0 0 34 255 173 3 1 2 255 174 0 1 2 1 5 86 97 108 117 101 1 12 0 1 7 86 101 114 115 105 111 110 1 6 0 0 0 4 255 176 0 0] Num:15}. index=-1, term=2, isLeader=false
2026/05/03 01:59:13 RSM node1: Start executed for op.ID={1 39} op.command={Key:k0 Value:{"Id":0,"V":67} Version:67}. index=39, term=2, isLeader=true
2026/05/03 01:59:13 RSM node1: Submit enqueued. op.ID={1 39} index=39 term=2 queued.len=1
2026/05/03 01:59:13 RSM node1: READER: applying op. applyOp.ID={1 39} applyOp.index=39 applyOp.command=rpc.PutArgs applyOp.command={Key:k0 Value:{"Id":0,"V":67} Version:67}
2026/05/03 01:59:13 RSM node1: READER: dequeuing matched submit. applyOp.ID={1 39} index=39 queued.id={1 39} queued.index=39 queued.len(after)=0
2026/05/03 01:59:13 RSM node1: READER: sending OK response. applyOp.command={Key:k0 Value:{"Id":0,"V":67} Version:67} applyOp.command.type=rpc.PutArgs applyOp.ID={1 39} applyOp.index=39; queueed.command={Key:k0 Value:{"Id":0,"V":67} Version:67} queued.id={1 39} queued.index=39; DoOP.result={Err:OK} DoOP.result.type=rpc.PutReply
2026/05/03 01:59:13 RSM node1: Submit received result for op.ID={1 39} queued.CommandIndex=39: error=OK result={OK}
2026/05/03 01:59:13 RSM node0: READER: applying op. applyOp.ID={1 39} applyOp.index=39 applyOp.command=rpc.PutArgs applyOp.command={Key:k0 Value:{"Id":0,"V":67} Version:67}
2026/05/03 01:59:13 RSM node2: READER: applying op. applyOp.ID={1 39} applyOp.index=39 applyOp.command=rpc.PutArgs applyOp.command={Key:k0 Value:{"Id":0,"V":67} Version:67}
2026/05/03 01:59:13 RSM node2: Start executed for op.ID={2 2} op.command={Shard:7 State:[15 255 175 4 1 2 255 176 0 1 12 1 255 174 0 0 34 255 173 3 1 2 255 174 0 1 2 1 5 86 97 108 117 101 1 12 0 1 7 86 101 114 115 105 111 110 1 6 0 0 0 4 255 176 0 0] Num:15}. index=-1, term=2, isLeader=false
2026/05/03 01:59:13 RSM node0: Start executed for op.ID={0 41} op.command={Key:k0}. index=-1, term=2, isLeader=false
2026/05/03 01:59:13 RSM node0: Start executed for op.ID={0 5} op.command={Shard:7 State:[15 255 175 4 1 2 255 176 0 1 12 1 255 174 0 0 34 255 173 3 1 2 255 174 0 1 2 1 5 86 97 108 117 101 1 12 0 1 7 86 101 114 115 105 111 110 1 6 0 0 0 4 255 176 0 0] Num:15}. index=5, term=2, isLeader=true
2026/05/03 01:59:13 RSM node0: Submit enqueued. op.ID={0 5} index=5 term=2 queued.len=1
2026/05/03 01:59:13 RSM node1: Start executed for op.ID={1 40} op.command={Key:k0}. index=40, term=2, isLeader=true
2026/05/03 01:59:13 RSM node1: Submit enqueued. op.ID={1 40} index=40 term=2 queued.len=1
2026/05/03 01:59:13 RSM node1: READER: applying op. applyOp.ID={1 40} applyOp.index=40 applyOp.command=rpc.GetArgs applyOp.command={Key:k0}
2026/05/03 01:59:13 RSM node1: READER: dequeuing matched submit. applyOp.ID={1 40} index=40 queued.id={1 40} queued.index=40 queued.len(after)=0
2026/05/03 01:59:13 RSM node1: READER: sending OK response. applyOp.command={Key:k0} applyOp.command.type=rpc.GetArgs applyOp.ID={1 40} applyOp.index=40; queueed.command={Key:k0} queued.id={1 40} queued.index=40; DoOP.result={Value:{"Id":0,"V":67} Version:68 Err:OK} DoOP.result.type=rpc.GetReply
2026/05/03 01:59:13 RSM node1: Submit received result for op.ID={1 40} queued.CommandIndex=40: error=OK result={{"Id":0,"V":67} 68 OK}
2026/05/03 01:59:13 RSM node0: READER: applying op. applyOp.ID={0 5} applyOp.index=5 applyOp.command=shardrpc.InstallShardArgs applyOp.command={Shard:7 State:[15 255 175 4 1 2 255 176 0 1 12 1 255 174 0 0 34 255 173 3 1 2 255 174 0 1 2 1 5 86 97 108 117 101 1 12 0 1 7 86 101 114 115 105 111 110 1 6 0 0 0 4 255 176 0 0] Num:15}
2026/05/03 01:59:13 RSM node0: READER: dequeuing matched submit. applyOp.ID={0 5} index=5 queued.id={0 5} queued.index=5 queued.len(after)=0
2026/05/03 01:59:13 RSM node0: Submit received result for op.ID={0 5} queued.CommandIndex=5: error=OK result={OK}
2026/05/03 01:59:13 RSM node0: READER: sending OK response. applyOp.command={Shard:7 State:[15 255 175 4 1 2 255 176 0 1 12 1 255 174 0 0 34 255 173 3 1 2 255 174 0 1 2 1 5 86 97 108 117 101 1 12 0 1 7 86 101 114 115 105 111 110 1 6 0 0 0 4 255 176 0 0] Num:15} applyOp.command.type=shardrpc.InstallShardArgs applyOp.ID={0 5} applyOp.index=5; queueed.command={Shard:7 State:[15 255 175 4 1 2 255 176 0 1 12 1 255 174 0 0 34 255 173 3 1 2 255 174 0 1 2 1 5 86 97 108 117 101 1 12 0 1 7 86 101 114 115 105 111 110 1 6 0 0 0 4 255 176 0 0] Num:15} queued.id={0 5} queued.index=5; DoOP.result={Err:OK} DoOP.result.type=shardrpc.InstallShardReply
2026/05/03 01:59:13 RSM node1: Start executed for op.ID={1 41} op.command={Shard:7 Num:15}. index=41, term=2, isLeader=true
2026/05/03 01:59:13 RSM node1: Submit enqueued. op.ID={1 41} index=41 term=2 queued.len=1
2026/05/03 01:59:13 RSM node0: Start executed for op.ID={0 42} op.command={Key:k0 Value:{"Id":0,"V":68} Version:68}. index=-1, term=2, isLeader=false
2026/05/03 01:59:13 RSM node0: READER: applying op. applyOp.ID={1 40} applyOp.index=40 applyOp.command=rpc.GetArgs applyOp.command={Key:k0}
2026/05/03 01:59:13 RSM node1: READER: applying op. applyOp.ID={1 41} applyOp.index=41 applyOp.command=shardrpc.DeleteShardArgs applyOp.command={Shard:7 Num:15}
2026/05/03 01:59:13 RSM node1: READER: dequeuing matched submit. applyOp.ID={1 41} index=41 queued.id={1 41} queued.index=41 queued.len(after)=0
2026/05/03 01:59:13 RSM node1: READER: sending OK response. applyOp.command={Shard:7 Num:15} applyOp.command.type=shardrpc.DeleteShardArgs applyOp.ID={1 41} applyOp.index=41; queueed.command={Shard:7 Num:15} queued.id={1 41} queued.index=41; DoOP.result={Err:OK} DoOP.result.type=shardrpc.DeleteShardReply
2026/05/03 01:59:13 RSM node1: Submit received result for op.ID={1 41} queued.CommandIndex=41: error=OK result={OK}
2026/05/03 01:59:13 RSM node2: READER: applying op. applyOp.ID={1 40} applyOp.index=40 applyOp.command=rpc.GetArgs applyOp.command={Key:k0}
2026/05/03 01:59:13 RSM node1: READER: applying op. applyOp.ID={0 5} applyOp.index=5 applyOp.command=shardrpc.InstallShardArgs applyOp.command={Shard:7 State:[15 255 175 4 1 2 255 176 0 1 12 1 255 174 0 0 34 255 173 3 1 2 255 174 0 1 2 1 5 86 97 108 117 101 1 12 0 1 7 86 101 114 115 105 111 110 1 6 0 0 0 4 255 176 0 0] Num:15}
2026/05/03 01:59:13 RSM node2: READER: applying op. applyOp.ID={0 5} applyOp.index=5 applyOp.command=shardrpc.InstallShardArgs applyOp.command={Shard:7 State:[15 255 175 4 1 2 255 176 0 1 12 1 255 174 0 0 34 255 173 3 1 2 255 174 0 1 2 1 5 86 97 108 117 101 1 12 0 1 7 86 101 114 115 105 111 110 1 6 0 0 0 4 255 176 0 0] Num:15}
2026/05/03 01:59:13 RSM node0: READER: applying op. applyOp.ID={1 41} applyOp.index=41 applyOp.command=shardrpc.DeleteShardArgs applyOp.command={Shard:7 Num:15}
2026/05/03 01:59:13 RSM node0: Start executed for op.ID={0 43} op.command={Shard:10 Num:15}. index=-1, term=2, isLeader=false
2026/05/03 01:59:13 RSM node2: READER: applying op. applyOp.ID={1 41} applyOp.index=41 applyOp.command=shardrpc.DeleteShardArgs applyOp.command={Shard:7 Num:15}
2026/05/03 01:59:13 RSM node1: Start executed for op.ID={1 42} op.command={Key:k0 Value:{"Id":0,"V":68} Version:68}. index=42, term=2, isLeader=true
2026/05/03 01:59:13 RSM node1: Submit enqueued. op.ID={1 42} index=42 term=2 queued.len=1
2026/05/03 01:59:13 RSM node1: READER: applying op. applyOp.ID={1 42} applyOp.index=42 applyOp.command=rpc.PutArgs applyOp.command={Key:k0 Value:{"Id":0,"V":68} Version:68}
2026/05/03 01:59:13 RSM node1: READER: dequeuing matched submit. applyOp.ID={1 42} index=42 queued.id={1 42} queued.index=42 queued.len(after)=0
2026/05/03 01:59:13 RSM node1: READER: sending OK response. applyOp.command={Key:k0 Value:{"Id":0,"V":68} Version:68} applyOp.command.type=rpc.PutArgs applyOp.ID={1 42} applyOp.index=42; queueed.command={Key:k0 Value:{"Id":0,"V":68} Version:68} queued.id={1 42} queued.index=42; DoOP.result={Err:OK} DoOP.result.type=rpc.PutReply
2026/05/03 01:59:13 RSM node1: Submit received result for op.ID={1 42} queued.CommandIndex=42: error=OK result={OK}
2026/05/03 01:59:13 RSM node1: Start executed for op.ID={1 43} op.command={Shard:10 Num:15}. index=43, term=2, isLeader=true
2026/05/03 01:59:13 RSM node1: Submit enqueued. op.ID={1 43} index=43 term=2 queued.len=1
2026/05/03 01:59:13 RSM node0: READER: applying op. applyOp.ID={1 42} applyOp.index=42 applyOp.command=rpc.PutArgs applyOp.command={Key:k0 Value:{"Id":0,"V":68} Version:68}
2026/05/03 01:59:13 RSM node2: READER: applying op. applyOp.ID={1 42} applyOp.index=42 applyOp.command=rpc.PutArgs applyOp.command={Key:k0 Value:{"Id":0,"V":68} Version:68}
2026/05/03 01:59:13 RSM node1: READER: applying op. applyOp.ID={1 43} applyOp.index=43 applyOp.command=shardrpc.FreezeShardArgs applyOp.command={Shard:10 Num:15}
2026/05/03 01:59:13 RSM node1: READER: dequeuing matched submit. applyOp.ID={1 43} index=43 queued.id={1 43} queued.index=43 queued.len(after)=0
2026/05/03 01:59:13 RSM node1: READER: sending OK response. applyOp.command={Shard:10 Num:15} applyOp.command.type=shardrpc.FreezeShardArgs applyOp.ID={1 43} applyOp.index=43; queueed.command={Shard:10 Num:15} queued.id={1 43} queued.index=43; DoOP.result={State:[15 255 175 4 1 2 255 176 0 1 12 1 255 174 0 0 34 255 173 3 1 2 255 174 0 1 2 1 5 86 97 108 117 101 1 12 0 1 7 86 101 114 115 105 111 110 1 6 0 0 0 27 255 176 0 1 2 107 48 1 15 123 34 73 100 34 58 48 44 34 86 34 58 54 56 125 1 69 0] Num:15 Err:OK} DoOP.result.type=shardrpc.FreezeShardReply
2026/05/03 01:59:13 RSM node1: Submit received result for op.ID={1 43} queued.CommandIndex=43: error=OK result={[15 255 175 4 1 2 255 176 0 1 12 1 255 174 0 0 34 255 173 3 1 2 255 174 0 1 2 1 5 86 97 108 117 101 1 12 0 1 7 86 101 114 115 105 111 110 1 6 0 0 0 27 255 176 0 1 2 107 48 1 15 123 34 73 100 34 58 48 44 34 86 34 58 54 56 125 1 69 0] 15 OK}
2026/05/03 01:59:13 RSM node0: Start executed for op.ID={0 4} op.command={Shard:10 State:[15 255 175 4 1 2 255 176 0 1 12 1 255 174 0 0 34 255 173 3 1 2 255 174 0 1 2 1 5 86 97 108 117 101 1 12 0 1 7 86 101 114 115 105 111 110 1 6 0 0 0 27 255 176 0 1 2 107 48 1 15 123 34 73 100 34 58 48 44 34 86 34 58 54 56 125 1 69 0] Num:15}. index=4, term=3, isLeader=true
2026/05/03 01:59:13 RSM node0: Submit enqueued. op.ID={0 4} index=4 term=3 queued.len=1
2026/05/03 01:59:13 RSM node0: READER: applying op. applyOp.ID={0 4} applyOp.index=4 applyOp.command=shardrpc.InstallShardArgs applyOp.command={Shard:10 State:[15 255 175 4 1 2 255 176 0 1 12 1 255 174 0 0 34 255 173 3 1 2 255 174 0 1 2 1 5 86 97 108 117 101 1 12 0 1 7 86 101 114 115 105 111 110 1 6 0 0 0 27 255 176 0 1 2 107 48 1 15 123 34 73 100 34 58 48 44 34 86 34 58 54 56 125 1 69 0] Num:15}
2026/05/03 01:59:13 RSM node0: READER: dequeuing matched submit. applyOp.ID={0 4} index=4 queued.id={0 4} queued.index=4 queued.len(after)=0
2026/05/03 01:59:13 RSM node0: READER: sending OK response. applyOp.command={Shard:10 State:[15 255 175 4 1 2 255 176 0 1 12 1 255 174 0 0 34 255 173 3 1 2 255 174 0 1 2 1 5 86 97 108 117 101 1 12 0 1 7 86 101 114 115 105 111 110 1 6 0 0 0 27 255 176 0 1 2 107 48 1 15 123 34 73 100 34 58 48 44 34 86 34 58 54 56 125 1 69 0] Num:15} applyOp.command.type=shardrpc.InstallShardArgs applyOp.ID={0 4} applyOp.index=4; queueed.command={Shard:10 State:[15 255 175 4 1 2 255 176 0 1 12 1 255 174 0 0 34 255 173 3 1 2 255 174 0 1 2 1 5 86 97 108 117 101 1 12 0 1 7 86 101 114 115 105 111 110 1 6 0 0 0 27 255 176 0 1 2 107 48 1 15 123 34 73 100 34 58 48 44 34 86 34 58 54 56 125 1 69 0] Num:15} queued.id={0 4} queued.index=4; DoOP.result={Err:OK} DoOP.result.type=shardrpc.InstallShardReply
2026/05/03 01:59:13 RSM node0: Submit received result for op.ID={0 4} queued.CommandIndex=4: error=OK result={OK}
2026/05/03 01:59:13 RSM node1: Start executed for op.ID={1 44} op.command={Shard:10 Num:15}. index=44, term=2, isLeader=true
2026/05/03 01:59:13 RSM node1: Submit enqueued. op.ID={1 44} index=44 term=2 queued.len=1
2026/05/03 01:59:13 RSM node2: READER: applying op. applyOp.ID={1 43} applyOp.index=43 applyOp.command=shardrpc.FreezeShardArgs applyOp.command={Shard:10 Num:15}
2026/05/03 01:59:13 RSM node1: READER: applying op. applyOp.ID={1 44} applyOp.index=44 applyOp.command=shardrpc.DeleteShardArgs applyOp.command={Shard:10 Num:15}
2026/05/03 01:59:13 RSM node1: READER: dequeuing matched submit. applyOp.ID={1 44} index=44 queued.id={1 44} queued.index=44 queued.len(after)=0
2026/05/03 01:59:13 RSM node1: READER: sending OK response. applyOp.command={Shard:10 Num:15} applyOp.command.type=shardrpc.DeleteShardArgs applyOp.ID={1 44} applyOp.index=44; queueed.command={Shard:10 Num:15} queued.id={1 44} queued.index=44; DoOP.result={Err:OK} DoOP.result.type=shardrpc.DeleteShardReply
2026/05/03 01:59:13 RSM node1: Submit received result for op.ID={1 44} queued.CommandIndex=44: error=OK result={OK}
2026/05/03 01:59:13 RSM node0: READER: applying op. applyOp.ID={1 43} applyOp.index=43 applyOp.command=shardrpc.FreezeShardArgs applyOp.command={Shard:10 Num:15}
2026/05/03 01:59:13 RSM node2: READER: applying op. applyOp.ID={0 4} applyOp.index=4 applyOp.command=shardrpc.InstallShardArgs applyOp.command={Shard:10 State:[15 255 175 4 1 2 255 176 0 1 12 1 255 174 0 0 34 255 173 3 1 2 255 174 0 1 2 1 5 86 97 108 117 101 1 12 0 1 7 86 101 114 115 105 111 110 1 6 0 0 0 27 255 176 0 1 2 107 48 1 15 123 34 73 100 34 58 48 44 34 86 34 58 54 56 125 1 69 0] Num:15}
2026/05/03 01:59:13 RSM node2: READER: applying op. applyOp.ID={1 44} applyOp.index=44 applyOp.command=shardrpc.DeleteShardArgs applyOp.command={Shard:10 Num:15}
2026/05/03 01:59:13 RSM node2: Start executed for op.ID={2 11} op.command={Key:k0 Value:{"Id":0,"V":68} Version:68}. index=-1, term=2, isLeader=false
2026/05/03 01:59:13 RSM node0: READER: applying op. applyOp.ID={1 44} applyOp.index=44 applyOp.command=shardrpc.DeleteShardArgs applyOp.command={Shard:10 Num:15}
2026/05/03 01:59:13 RSM node1: READER: applying op. applyOp.ID={0 4} applyOp.index=4 applyOp.command=shardrpc.InstallShardArgs applyOp.command={Shard:10 State:[15 255 175 4 1 2 255 176 0 1 12 1 255 174 0 0 34 255 173 3 1 2 255 174 0 1 2 1 5 86 97 108 117 101 1 12 0 1 7 86 101 114 115 105 111 110 1 6 0 0 0 27 255 176 0 1 2 107 48 1 15 123 34 73 100 34 58 48 44 34 86 34 58 54 56 125 1 69 0] Num:15}
2026/05/03 01:59:14 RSM node0: Start executed for op.ID={0 6} op.command={Shard:1 Num:16}. index=6, term=2, isLeader=true
2026/05/03 01:59:14 RSM node0: Submit enqueued. op.ID={0 6} index=6 term=2 queued.len=1
2026/05/03 01:59:14 RSM node0: READER: applying op. applyOp.ID={0 6} applyOp.index=6 applyOp.command=shardrpc.FreezeShardArgs applyOp.command={Shard:1 Num:16}
2026/05/03 01:59:14 RSM node0: READER: dequeuing matched submit. applyOp.ID={0 6} index=6 queued.id={0 6} queued.index=6 queued.len(after)=0
2026/05/03 01:59:14 RSM node0: READER: sending OK response. applyOp.command={Shard:1 Num:16} applyOp.command.type=shardrpc.FreezeShardArgs applyOp.ID={0 6} applyOp.index=6; queueed.command={Shard:1 Num:16} queued.id={0 6} queued.index=6; DoOP.result={State:[15 255 163 4 1 2 255 164 0 1 12 1 255 162 0 0 34 255 161 3 1 2 255 162 0 1 2 1 5 86 97 108 117 101 1 12 0 1 7 86 101 114 115 105 111 110 1 6 0 0 0 4 255 164 0 0] Num:16 Err:OK} DoOP.result.type=shardrpc.FreezeShardReply
2026/05/03 01:59:14 RSM node0: Submit received result for op.ID={0 6} queued.CommandIndex=6: error=OK result={[15 255 163 4 1 2 255 164 0 1 12 1 255 162 0 0 34 255 161 3 1 2 255 162 0 1 2 1 5 86 97 108 117 101 1 12 0 1 7 86 101 114 115 105 111 110 1 6 0 0 0 4 255 164 0 0] 16 OK}
2026/05/03 01:59:14 RSM node0: Start executed for op.ID={0 150} op.command={Shard:1 State:[15 255 163 4 1 2 255 164 0 1 12 1 255 162 0 0 34 255 161 3 1 2 255 162 0 1 2 1 5 86 97 108 117 101 1 12 0 1 7 86 101 114 115 105 111 110 1 6 0 0 0 4 255 164 0 0] Num:16}. index=150, term=1, isLeader=true
2026/05/03 01:59:14 RSM node0: Submit enqueued. op.ID={0 150} index=150 term=1 queued.len=1
2026/05/03 01:59:14 RSM node2: READER: applying op. applyOp.ID={0 6} applyOp.index=6 applyOp.command=shardrpc.FreezeShardArgs applyOp.command={Shard:1 Num:16}
2026/05/03 01:59:14 RSM node1: READER: applying op. applyOp.ID={0 6} applyOp.index=6 applyOp.command=shardrpc.FreezeShardArgs applyOp.command={Shard:1 Num:16}
2026/05/03 01:59:14 RSM node0: READER: applying op. applyOp.ID={0 150} applyOp.index=150 applyOp.command=shardrpc.InstallShardArgs applyOp.command={Shard:1 State:[15 255 163 4 1 2 255 164 0 1 12 1 255 162 0 0 34 255 161 3 1 2 255 162 0 1 2 1 5 86 97 108 117 101 1 12 0 1 7 86 101 114 115 105 111 110 1 6 0 0 0 4 255 164 0 0] Num:16}
2026/05/03 01:59:14 RSM node0: READER: dequeuing matched submit. applyOp.ID={0 150} index=150 queued.id={0 150} queued.index=150 queued.len(after)=0
2026/05/03 01:59:14 RSM node0: Submit received result for op.ID={0 150} queued.CommandIndex=150: error=OK result={OK}
2026/05/03 01:59:14 RSM node0: READER: sending OK response. applyOp.command={Shard:1 State:[15 255 163 4 1 2 255 164 0 1 12 1 255 162 0 0 34 255 161 3 1 2 255 162 0 1 2 1 5 86 97 108 117 101 1 12 0 1 7 86 101 114 115 105 111 110 1 6 0 0 0 4 255 164 0 0] Num:16} applyOp.command.type=shardrpc.InstallShardArgs applyOp.ID={0 150} applyOp.index=150; queueed.command={Shard:1 State:[15 255 163 4 1 2 255 164 0 1 12 1 255 162 0 0 34 255 161 3 1 2 255 162 0 1 2 1 5 86 97 108 117 101 1 12 0 1 7 86 101 114 115 105 111 110 1 6 0 0 0 4 255 164 0 0] Num:16} queued.id={0 150} queued.index=150; DoOP.result={Err:OK} DoOP.result.type=shardrpc.InstallShardReply
2026/05/03 01:59:14 RSM node2: READER: applying op. applyOp.ID={0 150} applyOp.index=150 applyOp.command=shardrpc.InstallShardArgs applyOp.command={Shard:1 State:[15 255 163 4 1 2 255 164 0 1 12 1 255 162 0 0 34 255 161 3 1 2 255 162 0 1 2 1 5 86 97 108 117 101 1 12 0 1 7 86 101 114 115 105 111 110 1 6 0 0 0 4 255 164 0 0] Num:16}
2026/05/03 01:59:14 RSM node1: READER: applying op. applyOp.ID={0 150} applyOp.index=150 applyOp.command=shardrpc.InstallShardArgs applyOp.command={Shard:1 State:[15 255 163 4 1 2 255 164 0 1 12 1 255 162 0 0 34 255 161 3 1 2 255 162 0 1 2 1 5 86 97 108 117 101 1 12 0 1 7 86 101 114 115 105 111 110 1 6 0 0 0 4 255 164 0 0] Num:16}
2026/05/03 01:59:14 RSM node1: Start executed for op.ID={1 27} op.command={Shard:1 State:[15 255 163 4 1 2 255 164 0 1 12 1 255 162 0 0 34 255 161 3 1 2 255 162 0 1 2 1 5 86 97 108 117 101 1 12 0 1 7 86 101 114 115 105 111 110 1 6 0 0 0 4 255 164 0 0] Num:16}. index=-1, term=1, isLeader=false
2026/05/03 01:59:14 RSM node2: Start executed for op.ID={2 26} op.command={Shard:1 State:[15 255 163 4 1 2 255 164 0 1 12 1 255 162 0 0 34 255 161 3 1 2 255 162 0 1 2 1 5 86 97 108 117 101 1 12 0 1 7 86 101 114 115 105 111 110 1 6 0 0 0 4 255 164 0 0] Num:16}. index=-1, term=1, isLeader=false
2026/05/03 01:59:14 RSM node0: Start executed for op.ID={0 151} op.command={Shard:1 State:[15 255 163 4 1 2 255 164 0 1 12 1 255 162 0 0 34 255 161 3 1 2 255 162 0 1 2 1 5 86 97 108 117 101 1 12 0 1 7 86 101 114 115 105 111 110 1 6 0 0 0 4 255 164 0 0] Num:16}. index=151, term=1, isLeader=true
2026/05/03 01:59:14 RSM node0: Submit enqueued. op.ID={0 151} index=151 term=1 queued.len=1
2026/05/03 01:59:14 RSM node0: READER: applying op. applyOp.ID={0 151} applyOp.index=151 applyOp.command=shardrpc.InstallShardArgs applyOp.command={Shard:1 State:[15 255 163 4 1 2 255 164 0 1 12 1 255 162 0 0 34 255 161 3 1 2 255 162 0 1 2 1 5 86 97 108 117 101 1 12 0 1 7 86 101 114 115 105 111 110 1 6 0 0 0 4 255 164 0 0] Num:16}
2026/05/03 01:59:14 RSM node0: READER: dequeuing matched submit. applyOp.ID={0 151} index=151 queued.id={0 151} queued.index=151 queued.len(after)=0
2026/05/03 01:59:14 RSM node0: Submit received result for op.ID={0 151} queued.CommandIndex=151: error=OK result={OK}
2026/05/03 01:59:14 RSM node0: READER: sending OK response. applyOp.command={Shard:1 State:[15 255 163 4 1 2 255 164 0 1 12 1 255 162 0 0 34 255 161 3 1 2 255 162 0 1 2 1 5 86 97 108 117 101 1 12 0 1 7 86 101 114 115 105 111 110 1 6 0 0 0 4 255 164 0 0] Num:16} applyOp.command.type=shardrpc.InstallShardArgs applyOp.ID={0 151} applyOp.index=151; queueed.command={Shard:1 State:[15 255 163 4 1 2 255 164 0 1 12 1 255 162 0 0 34 255 161 3 1 2 255 162 0 1 2 1 5 86 97 108 117 101 1 12 0 1 7 86 101 114 115 105 111 110 1 6 0 0 0 4 255 164 0 0] Num:16} queued.id={0 151} queued.index=151; DoOP.result={Err:OK} DoOP.result.type=shardrpc.InstallShardReply
2026/05/03 01:59:14 RSM node0: Start executed for op.ID={0 7} op.command={Shard:1 Num:16}. index=7, term=2, isLeader=true
2026/05/03 01:59:14 RSM node0: Submit enqueued. op.ID={0 7} index=7 term=2 queued.len=1
2026/05/03 01:59:14 RSM node0: READER: applying op. applyOp.ID={0 7} applyOp.index=7 applyOp.command=shardrpc.DeleteShardArgs applyOp.command={Shard:1 Num:16}
2026/05/03 01:59:14 RSM node0: READER: dequeuing matched submit. applyOp.ID={0 7} index=7 queued.id={0 7} queued.index=7 queued.len(after)=0
2026/05/03 01:59:14 RSM node0: READER: sending OK response. applyOp.command={Shard:1 Num:16} applyOp.command.type=shardrpc.DeleteShardArgs applyOp.ID={0 7} applyOp.index=7; queueed.command={Shard:1 Num:16} queued.id={0 7} queued.index=7; DoOP.result={Err:OK} DoOP.result.type=shardrpc.DeleteShardReply
2026/05/03 01:59:14 RSM node0: Submit received result for op.ID={0 7} queued.CommandIndex=7: error=OK result={OK}
2026/05/03 01:59:14 RSM node0: Start executed for op.ID={0 8} op.command={Shard:2 Num:16}. index=8, term=2, isLeader=true
2026/05/03 01:59:14 RSM node0: Submit enqueued. op.ID={0 8} index=8 term=2 queued.len=1
2026/05/03 01:59:14 RSM node1: READER: applying op. applyOp.ID={0 151} applyOp.index=151 applyOp.command=shardrpc.InstallShardArgs applyOp.command={Shard:1 State:[15 255 163 4 1 2 255 164 0 1 12 1 255 162 0 0 34 255 161 3 1 2 255 162 0 1 2 1 5 86 97 108 117 101 1 12 0 1 7 86 101 114 115 105 111 110 1 6 0 0 0 4 255 164 0 0] Num:16}
2026/05/03 01:59:14 RSM node2: READER: applying op. applyOp.ID={0 7} applyOp.index=7 applyOp.command=shardrpc.DeleteShardArgs applyOp.command={Shard:1 Num:16}
2026/05/03 01:59:14 RSM node0: READER: applying op. applyOp.ID={0 8} applyOp.index=8 applyOp.command=shardrpc.FreezeShardArgs applyOp.command={Shard:2 Num:16}
2026/05/03 01:59:14 RSM node0: READER: dequeuing matched submit. applyOp.ID={0 8} index=8 queued.id={0 8} queued.index=8 queued.len(after)=0
2026/05/03 01:59:14 RSM node0: READER: sending OK response. applyOp.command={Shard:2 Num:16} applyOp.command.type=shardrpc.FreezeShardArgs applyOp.ID={0 8} applyOp.index=8; queueed.command={Shard:2 Num:16} queued.id={0 8} queued.index=8; DoOP.result={State:[15 255 163 4 1 2 255 164 0 1 12 1 255 162 0 0 34 255 161 3 1 2 255 162 0 1 2 1 5 86 97 108 117 101 1 12 0 1 7 86 101 114 115 105 111 110 1 6 0 0 0 4 255 164 0 0] Num:16 Err:OK} DoOP.result.type=shardrpc.FreezeShardReply
2026/05/03 01:59:14 RSM node0: Submit received result for op.ID={0 8} queued.CommandIndex=8: error=OK result={[15 255 163 4 1 2 255 164 0 1 12 1 255 162 0 0 34 255 161 3 1 2 255 162 0 1 2 1 5 86 97 108 117 101 1 12 0 1 7 86 101 114 115 105 111 110 1 6 0 0 0 4 255 164 0 0] 16 OK}
2026/05/03 01:59:14 RSM node1: READER: applying op. applyOp.ID={0 7} applyOp.index=7 applyOp.command=shardrpc.DeleteShardArgs applyOp.command={Shard:1 Num:16}
2026/05/03 01:59:14 RSM node0: Start executed for op.ID={0 5} op.command={Shard:2 State:[15 255 163 4 1 2 255 164 0 1 12 1 255 162 0 0 34 255 161 3 1 2 255 162 0 1 2 1 5 86 97 108 117 101 1 12 0 1 7 86 101 114 115 105 111 110 1 6 0 0 0 4 255 164 0 0] Num:16}. index=5, term=3, isLeader=true
2026/05/03 01:59:14 RSM node0: Submit enqueued. op.ID={0 5} index=5 term=3 queued.len=1
2026/05/03 01:59:14 RSM node2: READER: applying op. applyOp.ID={0 151} applyOp.index=151 applyOp.command=shardrpc.InstallShardArgs applyOp.command={Shard:1 State:[15 255 163 4 1 2 255 164 0 1 12 1 255 162 0 0 34 255 161 3 1 2 255 162 0 1 2 1 5 86 97 108 117 101 1 12 0 1 7 86 101 114 115 105 111 110 1 6 0 0 0 4 255 164 0 0] Num:16}
2026/05/03 01:59:14 RSM node0: READER: applying op. applyOp.ID={0 5} applyOp.index=5 applyOp.command=shardrpc.InstallShardArgs applyOp.command={Shard:2 State:[15 255 163 4 1 2 255 164 0 1 12 1 255 162 0 0 34 255 161 3 1 2 255 162 0 1 2 1 5 86 97 108 117 101 1 12 0 1 7 86 101 114 115 105 111 110 1 6 0 0 0 4 255 164 0 0] Num:16}
2026/05/03 01:59:14 RSM node0: READER: dequeuing matched submit. applyOp.ID={0 5} index=5 queued.id={0 5} queued.index=5 queued.len(after)=0
2026/05/03 01:59:14 RSM node0: READER: sending OK response. applyOp.command={Shard:2 State:[15 255 163 4 1 2 255 164 0 1 12 1 255 162 0 0 34 255 161 3 1 2 255 162 0 1 2 1 5 86 97 108 117 101 1 12 0 1 7 86 101 114 115 105 111 110 1 6 0 0 0 4 255 164 0 0] Num:16} applyOp.command.type=shardrpc.InstallShardArgs applyOp.ID={0 5} applyOp.index=5; queueed.command={Shard:2 State:[15 255 163 4 1 2 255 164 0 1 12 1 255 162 0 0 34 255 161 3 1 2 255 162 0 1 2 1 5 86 97 108 117 101 1 12 0 1 7 86 101 114 115 105 111 110 1 6 0 0 0 4 255 164 0 0] Num:16} queued.id={0 5} queued.index=5; DoOP.result={Err:OK} DoOP.result.type=shardrpc.InstallShardReply
2026/05/03 01:59:14 RSM node0: Submit received result for op.ID={0 5} queued.CommandIndex=5: error=OK result={OK}
2026/05/03 01:59:14 RSM node0: Start executed for op.ID={0 9} op.command={Shard:2 Num:16}. index=9, term=2, isLeader=true
2026/05/03 01:59:14 RSM node0: Submit enqueued. op.ID={0 9} index=9 term=2 queued.len=1
2026/05/03 01:59:14 RSM node2: READER: applying op. applyOp.ID={0 8} applyOp.index=8 applyOp.command=shardrpc.FreezeShardArgs applyOp.command={Shard:2 Num:16}
2026/05/03 01:59:14 RSM node1: READER: applying op. applyOp.ID={0 5} applyOp.index=5 applyOp.command=shardrpc.InstallShardArgs applyOp.command={Shard:2 State:[15 255 163 4 1 2 255 164 0 1 12 1 255 162 0 0 34 255 161 3 1 2 255 162 0 1 2 1 5 86 97 108 117 101 1 12 0 1 7 86 101 114 115 105 111 110 1 6 0 0 0 4 255 164 0 0] Num:16}
2026/05/03 01:59:14 RSM node1: READER: applying op. applyOp.ID={0 8} applyOp.index=8 applyOp.command=shardrpc.FreezeShardArgs applyOp.command={Shard:2 Num:16}
2026/05/03 01:59:14 RSM node0: READER: applying op. applyOp.ID={0 9} applyOp.index=9 applyOp.command=shardrpc.DeleteShardArgs applyOp.command={Shard:2 Num:16}
2026/05/03 01:59:14 RSM node0: READER: dequeuing matched submit. applyOp.ID={0 9} index=9 queued.id={0 9} queued.index=9 queued.len(after)=0
2026/05/03 01:59:14 RSM node0: READER: sending OK response. applyOp.command={Shard:2 Num:16} applyOp.command.type=shardrpc.DeleteShardArgs applyOp.ID={0 9} applyOp.index=9; queueed.command={Shard:2 Num:16} queued.id={0 9} queued.index=9; DoOP.result={Err:OK} DoOP.result.type=shardrpc.DeleteShardReply
2026/05/03 01:59:14 RSM node0: Submit received result for op.ID={0 9} queued.CommandIndex=9: error=OK result={OK}
2026/05/03 01:59:14 RSM node2: READER: applying op. applyOp.ID={0 5} applyOp.index=5 applyOp.command=shardrpc.InstallShardArgs applyOp.command={Shard:2 State:[15 255 163 4 1 2 255 164 0 1 12 1 255 162 0 0 34 255 161 3 1 2 255 162 0 1 2 1 5 86 97 108 117 101 1 12 0 1 7 86 101 114 115 105 111 110 1 6 0 0 0 4 255 164 0 0] Num:16}
2026/05/03 01:59:14 RSM node2: READER: applying op. applyOp.ID={0 9} applyOp.index=9 applyOp.command=shardrpc.DeleteShardArgs applyOp.command={Shard:2 Num:16}
2026/05/03 01:59:14 RSM node1: READER: applying op. applyOp.ID={0 9} applyOp.index=9 applyOp.command=shardrpc.DeleteShardArgs applyOp.command={Shard:2 Num:16}
2026/05/03 01:59:14 RSM node1: Start executed for op.ID={1 3} op.command={Shard:2 Num:16}. index=-1, term=2, isLeader=false
2026/05/03 01:59:15 RSM node0: Start executed for op.ID={0 10} op.command={Shard:2 Num:16}. index=10, term=2, isLeader=true
2026/05/03 01:59:15 RSM node0: Submit enqueued. op.ID={0 10} index=10 term=2 queued.len=1
2026/05/03 01:59:15 RSM node0: READER: applying op. applyOp.ID={0 10} applyOp.index=10 applyOp.command=shardrpc.DeleteShardArgs applyOp.command={Shard:2 Num:16}
2026/05/03 01:59:15 RSM node0: READER: dequeuing matched submit. applyOp.ID={0 10} index=10 queued.id={0 10} queued.index=10 queued.len(after)=0
2026/05/03 01:59:15 RSM node0: READER: sending OK response. applyOp.command={Shard:2 Num:16} applyOp.command.type=shardrpc.DeleteShardArgs applyOp.ID={0 10} applyOp.index=10; queueed.command={Shard:2 Num:16} queued.id={0 10} queued.index=10; DoOP.result={Err:OK} DoOP.result.type=shardrpc.DeleteShardReply
2026/05/03 01:59:15 RSM node0: Submit received result for op.ID={0 10} queued.CommandIndex=10: error=OK result={OK}
2026/05/03 01:59:15 RSM node0: Start executed for op.ID={0 11} op.command={Shard:4 Num:16}. index=11, term=2, isLeader=true
2026/05/03 01:59:15 RSM node0: Submit enqueued. op.ID={0 11} index=11 term=2 queued.len=1
2026/05/03 01:59:15 RSM node2: READER: applying op. applyOp.ID={0 10} applyOp.index=10 applyOp.command=shardrpc.DeleteShardArgs applyOp.command={Shard:2 Num:16}
2026/05/03 01:59:15 RSM node0: READER: applying op. applyOp.ID={0 11} applyOp.index=11 applyOp.command=shardrpc.FreezeShardArgs applyOp.command={Shard:4 Num:16}
2026/05/03 01:59:15 RSM node0: READER: dequeuing matched submit. applyOp.ID={0 11} index=11 queued.id={0 11} queued.index=11 queued.len(after)=0
2026/05/03 01:59:15 RSM node0: READER: sending OK response. applyOp.command={Shard:4 Num:16} applyOp.command.type=shardrpc.FreezeShardArgs applyOp.ID={0 11} applyOp.index=11; queueed.command={Shard:4 Num:16} queued.id={0 11} queued.index=11; DoOP.result={State:[15 255 163 4 1 2 255 164 0 1 12 1 255 162 0 0 34 255 161 3 1 2 255 162 0 1 2 1 5 86 97 108 117 101 1 12 0 1 7 86 101 114 115 105 111 110 1 6 0 0 0 4 255 164 0 0] Num:16 Err:OK} DoOP.result.type=shardrpc.FreezeShardReply
2026/05/03 01:59:15 RSM node0: Submit received result for op.ID={0 11} queued.CommandIndex=11: error=OK result={[15 255 163 4 1 2 255 164 0 1 12 1 255 162 0 0 34 255 161 3 1 2 255 162 0 1 2 1 5 86 97 108 117 101 1 12 0 1 7 86 101 114 115 105 111 110 1 6 0 0 0 4 255 164 0 0] 16 OK}
2026/05/03 01:59:15 RSM node1: READER: applying op. applyOp.ID={0 10} applyOp.index=10 applyOp.command=shardrpc.DeleteShardArgs applyOp.command={Shard:2 Num:16}
2026/05/03 01:59:15 RSM node0: Start executed for op.ID={0 152} op.command={Shard:4 State:[15 255 163 4 1 2 255 164 0 1 12 1 255 162 0 0 34 255 161 3 1 2 255 162 0 1 2 1 5 86 97 108 117 101 1 12 0 1 7 86 101 114 115 105 111 110 1 6 0 0 0 4 255 164 0 0] Num:16}. index=152, term=1, isLeader=true
2026/05/03 01:59:15 RSM node0: Submit enqueued. op.ID={0 152} index=152 term=1 queued.len=1
2026/05/03 01:59:15 RSM node0: READER: applying op. applyOp.ID={0 152} applyOp.index=152 applyOp.command=shardrpc.InstallShardArgs applyOp.command={Shard:4 State:[15 255 163 4 1 2 255 164 0 1 12 1 255 162 0 0 34 255 161 3 1 2 255 162 0 1 2 1 5 86 97 108 117 101 1 12 0 1 7 86 101 114 115 105 111 110 1 6 0 0 0 4 255 164 0 0] Num:16}
2026/05/03 01:59:15 RSM node0: READER: dequeuing matched submit. applyOp.ID={0 152} index=152 queued.id={0 152} queued.index=152 queued.len(after)=0
2026/05/03 01:59:15 RSM node0: READER: sending OK response. applyOp.command={Shard:4 State:[15 255 163 4 1 2 255 164 0 1 12 1 255 162 0 0 34 255 161 3 1 2 255 162 0 1 2 1 5 86 97 108 117 101 1 12 0 1 7 86 101 114 115 105 111 110 1 6 0 0 0 4 255 164 0 0] Num:16} applyOp.command.type=shardrpc.InstallShardArgs applyOp.ID={0 152} applyOp.index=152; queueed.command={Shard:4 State:[15 255 163 4 1 2 255 164 0 1 12 1 255 162 0 0 34 255 161 3 1 2 255 162 0 1 2 1 5 86 97 108 117 101 1 12 0 1 7 86 101 114 115 105 111 110 1 6 0 0 0 4 255 164 0 0] Num:16} queued.id={0 152} queued.index=152; DoOP.result={Err:OK} DoOP.result.type=shardrpc.InstallShardReply
2026/05/03 01:59:15 RSM node0: Submit received result for op.ID={0 152} queued.CommandIndex=152: error=OK result={OK}
2026/05/03 01:59:15 RSM node1: READER: applying op. applyOp.ID={0 11} applyOp.index=11 applyOp.command=shardrpc.FreezeShardArgs applyOp.command={Shard:4 Num:16}
2026/05/03 01:59:15 RSM node0: Start executed for op.ID={0 12} op.command={Shard:4 Num:16}. index=12, term=2, isLeader=true
2026/05/03 01:59:15 RSM node0: Submit enqueued. op.ID={0 12} index=12 term=2 queued.len=1
2026/05/03 01:59:15 RSM node0: READER: applying op. applyOp.ID={0 12} applyOp.index=12 applyOp.command=shardrpc.DeleteShardArgs applyOp.command={Shard:4 Num:16}
2026/05/03 01:59:15 RSM node0: READER: dequeuing matched submit. applyOp.ID={0 12} index=12 queued.id={0 12} queued.index=12 queued.len(after)=0
2026/05/03 01:59:15 RSM node0: READER: sending OK response. applyOp.command={Shard:4 Num:16} applyOp.command.type=shardrpc.DeleteShardArgs applyOp.ID={0 12} applyOp.index=12; queueed.command={Shard:4 Num:16} queued.id={0 12} queued.index=12; DoOP.result={Err:OK} DoOP.result.type=shardrpc.DeleteShardReply
2026/05/03 01:59:15 RSM node0: Submit received result for op.ID={0 12} queued.CommandIndex=12: error=OK result={OK}
2026/05/03 01:59:15 RSM node1: READER: applying op. applyOp.ID={0 152} applyOp.index=152 applyOp.command=shardrpc.InstallShardArgs applyOp.command={Shard:4 State:[15 255 163 4 1 2 255 164 0 1 12 1 255 162 0 0 34 255 161 3 1 2 255 162 0 1 2 1 5 86 97 108 117 101 1 12 0 1 7 86 101 114 115 105 111 110 1 6 0 0 0 4 255 164 0 0] Num:16}
2026/05/03 01:59:15 RSM node2: READER: applying op. applyOp.ID={0 152} applyOp.index=152 applyOp.command=shardrpc.InstallShardArgs applyOp.command={Shard:4 State:[15 255 163 4 1 2 255 164 0 1 12 1 255 162 0 0 34 255 161 3 1 2 255 162 0 1 2 1 5 86 97 108 117 101 1 12 0 1 7 86 101 114 115 105 111 110 1 6 0 0 0 4 255 164 0 0] Num:16}
2026/05/03 01:59:15 RSM node0: Start executed for op.ID={0 13} op.command={Shard:7 Num:16}. index=13, term=2, isLeader=true
2026/05/03 01:59:15 RSM node0: Submit enqueued. op.ID={0 13} index=13 term=2 queued.len=1
2026/05/03 01:59:15 RSM node2: READER: applying op. applyOp.ID={0 11} applyOp.index=11 applyOp.command=shardrpc.FreezeShardArgs applyOp.command={Shard:4 Num:16}
2026/05/03 01:59:15 RSM node2: READER: applying op. applyOp.ID={0 12} applyOp.index=12 applyOp.command=shardrpc.DeleteShardArgs applyOp.command={Shard:4 Num:16}
2026/05/03 01:59:15 RSM node0: READER: applying op. applyOp.ID={0 13} applyOp.index=13 applyOp.command=shardrpc.FreezeShardArgs applyOp.command={Shard:7 Num:16}
2026/05/03 01:59:15 RSM node0: READER: dequeuing matched submit. applyOp.ID={0 13} index=13 queued.id={0 13} queued.index=13 queued.len(after)=0
2026/05/03 01:59:15 RSM node0: READER: sending OK response. applyOp.command={Shard:7 Num:16} applyOp.command.type=shardrpc.FreezeShardArgs applyOp.ID={0 13} applyOp.index=13; queueed.command={Shard:7 Num:16} queued.id={0 13} queued.index=13; DoOP.result={State:[15 255 163 4 1 2 255 164 0 1 12 1 255 162 0 0 34 255 161 3 1 2 255 162 0 1 2 1 5 86 97 108 117 101 1 12 0 1 7 86 101 114 115 105 111 110 1 6 0 0 0 4 255 164 0 0] Num:16 Err:OK} DoOP.result.type=shardrpc.FreezeShardReply
2026/05/03 01:59:15 RSM node0: Submit received result for op.ID={0 13} queued.CommandIndex=13: error=OK result={[15 255 163 4 1 2 255 164 0 1 12 1 255 162 0 0 34 255 161 3 1 2 255 162 0 1 2 1 5 86 97 108 117 101 1 12 0 1 7 86 101 114 115 105 111 110 1 6 0 0 0 4 255 164 0 0] 16 OK}
2026/05/03 01:59:15 RSM node1: READER: applying op. applyOp.ID={0 12} applyOp.index=12 applyOp.command=shardrpc.DeleteShardArgs applyOp.command={Shard:4 Num:16}
2026/05/03 01:59:15 RSM node0: Start executed for op.ID={0 6} op.command={Shard:7 State:[15 255 163 4 1 2 255 164 0 1 12 1 255 162 0 0 34 255 161 3 1 2 255 162 0 1 2 1 5 86 97 108 117 101 1 12 0 1 7 86 101 114 115 105 111 110 1 6 0 0 0 4 255 164 0 0] Num:16}. index=6, term=3, isLeader=true
2026/05/03 01:59:15 RSM node0: Submit enqueued. op.ID={0 6} index=6 term=3 queued.len=1
2026/05/03 01:59:15 RSM node1: READER: applying op. applyOp.ID={0 13} applyOp.index=13 applyOp.command=shardrpc.FreezeShardArgs applyOp.command={Shard:7 Num:16}
2026/05/03 01:59:15 RSM node0: READER: applying op. applyOp.ID={0 6} applyOp.index=6 applyOp.command=shardrpc.InstallShardArgs applyOp.command={Shard:7 State:[15 255 163 4 1 2 255 164 0 1 12 1 255 162 0 0 34 255 161 3 1 2 255 162 0 1 2 1 5 86 97 108 117 101 1 12 0 1 7 86 101 114 115 105 111 110 1 6 0 0 0 4 255 164 0 0] Num:16}
2026/05/03 01:59:15 RSM node0: READER: dequeuing matched submit. applyOp.ID={0 6} index=6 queued.id={0 6} queued.index=6 queued.len(after)=0
2026/05/03 01:59:15 RSM node0: Submit received result for op.ID={0 6} queued.CommandIndex=6: error=OK result={OK}
2026/05/03 01:59:15 RSM node0: READER: sending OK response. applyOp.command={Shard:7 State:[15 255 163 4 1 2 255 164 0 1 12 1 255 162 0 0 34 255 161 3 1 2 255 162 0 1 2 1 5 86 97 108 117 101 1 12 0 1 7 86 101 114 115 105 111 110 1 6 0 0 0 4 255 164 0 0] Num:16} applyOp.command.type=shardrpc.InstallShardArgs applyOp.ID={0 6} applyOp.index=6; queueed.command={Shard:7 State:[15 255 163 4 1 2 255 164 0 1 12 1 255 162 0 0 34 255 161 3 1 2 255 162 0 1 2 1 5 86 97 108 117 101 1 12 0 1 7 86 101 114 115 105 111 110 1 6 0 0 0 4 255 164 0 0] Num:16} queued.id={0 6} queued.index=6; DoOP.result={Err:OK} DoOP.result.type=shardrpc.InstallShardReply
2026/05/03 01:59:15 RSM node2: READER: applying op. applyOp.ID={0 13} applyOp.index=13 applyOp.command=shardrpc.FreezeShardArgs applyOp.command={Shard:7 Num:16}
2026/05/03 01:59:15 RSM node0: Start executed for op.ID={0 14} op.command={Shard:7 Num:16}. index=14, term=2, isLeader=true
2026/05/03 01:59:15 RSM node0: Submit enqueued. op.ID={0 14} index=14 term=2 queued.len=1
2026/05/03 01:59:15 RSM node0: READER: applying op. applyOp.ID={0 14} applyOp.index=14 applyOp.command=shardrpc.DeleteShardArgs applyOp.command={Shard:7 Num:16}
2026/05/03 01:59:15 RSM node0: READER: dequeuing matched submit. applyOp.ID={0 14} index=14 queued.id={0 14} queued.index=14 queued.len(after)=0
2026/05/03 01:59:15 RSM node0: READER: sending OK response. applyOp.command={Shard:7 Num:16} applyOp.command.type=shardrpc.DeleteShardArgs applyOp.ID={0 14} applyOp.index=14; queueed.command={Shard:7 Num:16} queued.id={0 14} queued.index=14; DoOP.result={Err:OK} DoOP.result.type=shardrpc.DeleteShardReply
2026/05/03 01:59:15 RSM node0: Submit received result for op.ID={0 14} queued.CommandIndex=14: error=OK result={OK}
2026/05/03 01:59:15 RSM node2: READER: applying op. applyOp.ID={0 14} applyOp.index=14 applyOp.command=shardrpc.DeleteShardArgs applyOp.command={Shard:7 Num:16}
2026/05/03 01:59:15 RSM node1: READER: applying op. applyOp.ID={0 14} applyOp.index=14 applyOp.command=shardrpc.DeleteShardArgs applyOp.command={Shard:7 Num:16}
2026/05/03 01:59:15 RSM node1: READER: applying op. applyOp.ID={0 6} applyOp.index=6 applyOp.command=shardrpc.InstallShardArgs applyOp.command={Shard:7 State:[15 255 163 4 1 2 255 164 0 1 12 1 255 162 0 0 34 255 161 3 1 2 255 162 0 1 2 1 5 86 97 108 117 101 1 12 0 1 7 86 101 114 115 105 111 110 1 6 0 0 0 4 255 164 0 0] Num:16}
2026/05/03 01:59:15 RSM node2: READER: applying op. applyOp.ID={0 6} applyOp.index=6 applyOp.command=shardrpc.InstallShardArgs applyOp.command={Shard:7 State:[15 255 163 4 1 2 255 164 0 1 12 1 255 162 0 0 34 255 161 3 1 2 255 162 0 1 2 1 5 86 97 108 117 101 1 12 0 1 7 86 101 114 115 105 111 110 1 6 0 0 0 4 255 164 0 0] Num:16}
2026/05/03 01:59:15 RSM node0: Start executed for op.ID={0 7} op.command={Shard:2 Num:17}. index=7, term=3, isLeader=true
2026/05/03 01:59:15 RSM node0: Submit enqueued. op.ID={0 7} index=7 term=3 queued.len=1
2026/05/03 01:59:15 RSM node0: READER: applying op. applyOp.ID={0 7} applyOp.index=7 applyOp.command=shardrpc.FreezeShardArgs applyOp.command={Shard:2 Num:17}
2026/05/03 01:59:15 RSM node0: READER: dequeuing matched submit. applyOp.ID={0 7} index=7 queued.id={0 7} queued.index=7 queued.len(after)=0
2026/05/03 01:59:15 RSM node0: READER: sending OK response. applyOp.command={Shard:2 Num:17} applyOp.command.type=shardrpc.FreezeShardArgs applyOp.ID={0 7} applyOp.index=7; queueed.command={Shard:2 Num:17} queued.id={0 7} queued.index=7; DoOP.result={State:[15 255 163 4 1 2 255 164 0 1 12 1 255 162 0 0 34 255 161 3 1 2 255 162 0 1 2 1 5 86 97 108 117 101 1 12 0 1 7 86 101 114 115 105 111 110 1 6 0 0 0 4 255 164 0 0] Num:17 Err:OK} DoOP.result.type=shardrpc.FreezeShardReply
2026/05/03 01:59:15 RSM node0: Submit received result for op.ID={0 7} queued.CommandIndex=7: error=OK result={[15 255 163 4 1 2 255 164 0 1 12 1 255 162 0 0 34 255 161 3 1 2 255 162 0 1 2 1 5 86 97 108 117 101 1 12 0 1 7 86 101 114 115 105 111 110 1 6 0 0 0 4 255 164 0 0] 17 OK}
2026/05/03 01:59:15 RSM node0: Start executed for op.ID={0 153} op.command={Shard:2 State:[15 255 163 4 1 2 255 164 0 1 12 1 255 162 0 0 34 255 161 3 1 2 255 162 0 1 2 1 5 86 97 108 117 101 1 12 0 1 7 86 101 114 115 105 111 110 1 6 0 0 0 4 255 164 0 0] Num:17}. index=153, term=1, isLeader=true
2026/05/03 01:59:15 RSM node0: Submit enqueued. op.ID={0 153} index=153 term=1 queued.len=1
2026/05/03 01:59:15 RSM node2: READER: applying op. applyOp.ID={0 7} applyOp.index=7 applyOp.command=shardrpc.FreezeShardArgs applyOp.command={Shard:2 Num:17}
2026/05/03 01:59:15 RSM node0: READER: applying op. applyOp.ID={0 153} applyOp.index=153 applyOp.command=shardrpc.InstallShardArgs applyOp.command={Shard:2 State:[15 255 163 4 1 2 255 164 0 1 12 1 255 162 0 0 34 255 161 3 1 2 255 162 0 1 2 1 5 86 97 108 117 101 1 12 0 1 7 86 101 114 115 105 111 110 1 6 0 0 0 4 255 164 0 0] Num:17}
2026/05/03 01:59:15 RSM node0: READER: dequeuing matched submit. applyOp.ID={0 153} index=153 queued.id={0 153} queued.index=153 queued.len(after)=0
2026/05/03 01:59:15 RSM node0: Submit received result for op.ID={0 153} queued.CommandIndex=153: error=OK result={OK}
2026/05/03 01:59:15 RSM node0: READER: sending OK response. applyOp.command={Shard:2 State:[15 255 163 4 1 2 255 164 0 1 12 1 255 162 0 0 34 255 161 3 1 2 255 162 0 1 2 1 5 86 97 108 117 101 1 12 0 1 7 86 101 114 115 105 111 110 1 6 0 0 0 4 255 164 0 0] Num:17} applyOp.command.type=shardrpc.InstallShardArgs applyOp.ID={0 153} applyOp.index=153; queueed.command={Shard:2 State:[15 255 163 4 1 2 255 164 0 1 12 1 255 162 0 0 34 255 161 3 1 2 255 162 0 1 2 1 5 86 97 108 117 101 1 12 0 1 7 86 101 114 115 105 111 110 1 6 0 0 0 4 255 164 0 0] Num:17} queued.id={0 153} queued.index=153; DoOP.result={Err:OK} DoOP.result.type=shardrpc.InstallShardReply
2026/05/03 01:59:15 RSM node0: Start executed for op.ID={0 8} op.command={Shard:2 Num:17}. index=8, term=3, isLeader=true
2026/05/03 01:59:15 RSM node0: Submit enqueued. op.ID={0 8} index=8 term=3 queued.len=1
2026/05/03 01:59:15 RSM node1: READER: applying op. applyOp.ID={0 7} applyOp.index=7 applyOp.command=shardrpc.FreezeShardArgs applyOp.command={Shard:2 Num:17}
2026/05/03 01:59:15 RSM node0: READER: applying op. applyOp.ID={0 8} applyOp.index=8 applyOp.command=shardrpc.DeleteShardArgs applyOp.command={Shard:2 Num:17}
2026/05/03 01:59:15 RSM node0: READER: dequeuing matched submit. applyOp.ID={0 8} index=8 queued.id={0 8} queued.index=8 queued.len(after)=0
2026/05/03 01:59:15 RSM node0: READER: sending OK response. applyOp.command={Shard:2 Num:17} applyOp.command.type=shardrpc.DeleteShardArgs applyOp.ID={0 8} applyOp.index=8; queueed.command={Shard:2 Num:17} queued.id={0 8} queued.index=8; DoOP.result={Err:OK} DoOP.result.type=shardrpc.DeleteShardReply
2026/05/03 01:59:15 RSM node0: Submit received result for op.ID={0 8} queued.CommandIndex=8: error=OK result={OK}
2026/05/03 01:59:15 RSM node2: READER: applying op. applyOp.ID={0 8} applyOp.index=8 applyOp.command=shardrpc.DeleteShardArgs applyOp.command={Shard:2 Num:17}
2026/05/03 01:59:15 RSM node0: Start executed for op.ID={0 9} op.command={Shard:6 Num:17}. index=9, term=3, isLeader=true
2026/05/03 01:59:15 RSM node0: Submit enqueued. op.ID={0 9} index=9 term=3 queued.len=1
2026/05/03 01:59:15 RSM node1: READER: applying op. applyOp.ID={0 153} applyOp.index=153 applyOp.command=shardrpc.InstallShardArgs applyOp.command={Shard:2 State:[15 255 163 4 1 2 255 164 0 1 12 1 255 162 0 0 34 255 161 3 1 2 255 162 0 1 2 1 5 86 97 108 117 101 1 12 0 1 7 86 101 114 115 105 111 110 1 6 0 0 0 4 255 164 0 0] Num:17}
2026/05/03 01:59:15 RSM node0: READER: applying op. applyOp.ID={0 9} applyOp.index=9 applyOp.command=shardrpc.FreezeShardArgs applyOp.command={Shard:6 Num:17}
2026/05/03 01:59:15 RSM node0: READER: dequeuing matched submit. applyOp.ID={0 9} index=9 queued.id={0 9} queued.index=9 queued.len(after)=0
2026/05/03 01:59:15 RSM node0: READER: sending OK response. applyOp.command={Shard:6 Num:17} applyOp.command.type=shardrpc.FreezeShardArgs applyOp.ID={0 9} applyOp.index=9; queueed.command={Shard:6 Num:17} queued.id={0 9} queued.index=9; DoOP.result={State:[15 255 163 4 1 2 255 164 0 1 12 1 255 162 0 0 34 255 161 3 1 2 255 162 0 1 2 1 5 86 97 108 117 101 1 12 0 1 7 86 101 114 115 105 111 110 1 6 0 0 0 4 255 164 0 0] Num:17 Err:OK} DoOP.result.type=shardrpc.FreezeShardReply
2026/05/03 01:59:15 RSM node0: Submit received result for op.ID={0 9} queued.CommandIndex=9: error=OK result={[15 255 163 4 1 2 255 164 0 1 12 1 255 162 0 0 34 255 161 3 1 2 255 162 0 1 2 1 5 86 97 108 117 101 1 12 0 1 7 86 101 114 115 105 111 110 1 6 0 0 0 4 255 164 0 0] 17 OK}
2026/05/03 01:59:15 RSM node1: READER: applying op. applyOp.ID={0 8} applyOp.index=8 applyOp.command=shardrpc.DeleteShardArgs applyOp.command={Shard:2 Num:17}
2026/05/03 01:59:15 RSM node1: READER: applying op. applyOp.ID={0 9} applyOp.index=9 applyOp.command=shardrpc.FreezeShardArgs applyOp.command={Shard:6 Num:17}
2026/05/03 01:59:15 RSM node2: READER: applying op. applyOp.ID={0 153} applyOp.index=153 applyOp.command=shardrpc.InstallShardArgs applyOp.command={Shard:2 State:[15 255 163 4 1 2 255 164 0 1 12 1 255 162 0 0 34 255 161 3 1 2 255 162 0 1 2 1 5 86 97 108 117 101 1 12 0 1 7 86 101 114 115 105 111 110 1 6 0 0 0 4 255 164 0 0] Num:17}
2026/05/03 01:59:15 RSM node2: READER: applying op. applyOp.ID={0 9} applyOp.index=9 applyOp.command=shardrpc.FreezeShardArgs applyOp.command={Shard:6 Num:17}
2026/05/03 01:59:15 RSM node1: Start executed for op.ID={1 1} op.command={Shard:6 Num:17}. index=-1, term=3, isLeader=false
2026/05/03 01:59:15 RSM node0: Start executed for op.ID={0 10} op.command={Shard:6 Num:17}. index=10, term=3, isLeader=true
2026/05/03 01:59:15 RSM node0: Submit enqueued. op.ID={0 10} index=10 term=3 queued.len=1
2026/05/03 01:59:15 RSM node0: READER: applying op. applyOp.ID={0 10} applyOp.index=10 applyOp.command=shardrpc.FreezeShardArgs applyOp.command={Shard:6 Num:17}
2026/05/03 01:59:15 RSM node0: READER: dequeuing matched submit. applyOp.ID={0 10} index=10 queued.id={0 10} queued.index=10 queued.len(after)=0
2026/05/03 01:59:15 RSM node0: READER: sending OK response. applyOp.command={Shard:6 Num:17} applyOp.command.type=shardrpc.FreezeShardArgs applyOp.ID={0 10} applyOp.index=10; queueed.command={Shard:6 Num:17} queued.id={0 10} queued.index=10; DoOP.result={State:[15 255 163 4 1 2 255 164 0 1 12 1 255 162 0 0 34 255 161 3 1 2 255 162 0 1 2 1 5 86 97 108 117 101 1 12 0 1 7 86 101 114 115 105 111 110 1 6 0 0 0 4 255 164 0 0] Num:17 Err:OK} DoOP.result.type=shardrpc.FreezeShardReply
2026/05/03 01:59:15 RSM node0: Submit received result for op.ID={0 10} queued.CommandIndex=10: error=OK result={[15 255 163 4 1 2 255 164 0 1 12 1 255 162 0 0 34 255 161 3 1 2 255 162 0 1 2 1 5 86 97 108 117 101 1 12 0 1 7 86 101 114 115 105 111 110 1 6 0 0 0 4 255 164 0 0] 17 OK}
2026/05/03 01:59:15 RSM node2: READER: applying op. applyOp.ID={0 10} applyOp.index=10 applyOp.command=shardrpc.FreezeShardArgs applyOp.command={Shard:6 Num:17}
2026/05/03 01:59:15 RSM node1: READER: applying op. applyOp.ID={0 10} applyOp.index=10 applyOp.command=shardrpc.FreezeShardArgs applyOp.command={Shard:6 Num:17}
2026/05/03 01:59:16 RSM node1: Start executed for op.ID={1 2} op.command={Shard:6 Num:17}. index=-1, term=3, isLeader=false
2026/05/03 01:59:16 RSM node2: Start executed for op.ID={2 1} op.command={Shard:6 Num:17}. index=-1, term=3, isLeader=false
2026/05/03 01:59:16 RSM node0: Start executed for op.ID={0 11} op.command={Shard:6 Num:17}. index=11, term=3, isLeader=true
2026/05/03 01:59:16 RSM node0: Submit enqueued. op.ID={0 11} index=11 term=3 queued.len=1
2026/05/03 01:59:16 RSM node0: READER: applying op. applyOp.ID={0 11} applyOp.index=11 applyOp.command=shardrpc.FreezeShardArgs applyOp.command={Shard:6 Num:17}
2026/05/03 01:59:16 RSM node0: READER: dequeuing matched submit. applyOp.ID={0 11} index=11 queued.id={0 11} queued.index=11 queued.len(after)=0
2026/05/03 01:59:16 RSM node0: READER: sending OK response. applyOp.command={Shard:6 Num:17} applyOp.command.type=shardrpc.FreezeShardArgs applyOp.ID={0 11} applyOp.index=11; queueed.command={Shard:6 Num:17} queued.id={0 11} queued.index=11; DoOP.result={State:[15 255 163 4 1 2 255 164 0 1 12 1 255 162 0 0 34 255 161 3 1 2 255 162 0 1 2 1 5 86 97 108 117 101 1 12 0 1 7 86 101 114 115 105 111 110 1 6 0 0 0 4 255 164 0 0] Num:17 Err:OK} DoOP.result.type=shardrpc.FreezeShardReply
2026/05/03 01:59:16 RSM node0: Submit received result for op.ID={0 11} queued.CommandIndex=11: error=OK result={[15 255 163 4 1 2 255 164 0 1 12 1 255 162 0 0 34 255 161 3 1 2 255 162 0 1 2 1 5 86 97 108 117 101 1 12 0 1 7 86 101 114 115 105 111 110 1 6 0 0 0 4 255 164 0 0] 17 OK}
2026/05/03 01:59:16 RSM node0: Start executed for op.ID={0 154} op.command={Shard:6 State:[15 255 163 4 1 2 255 164 0 1 12 1 255 162 0 0 34 255 161 3 1 2 255 162 0 1 2 1 5 86 97 108 117 101 1 12 0 1 7 86 101 114 115 105 111 110 1 6 0 0 0 4 255 164 0 0] Num:17}. index=154, term=1, isLeader=true
2026/05/03 01:59:16 RSM node0: Submit enqueued. op.ID={0 154} index=154 term=1 queued.len=1
2026/05/03 01:59:16 RSM node1: READER: applying op. applyOp.ID={0 11} applyOp.index=11 applyOp.command=shardrpc.FreezeShardArgs applyOp.command={Shard:6 Num:17}
2026/05/03 01:59:16 RSM node0: READER: applying op. applyOp.ID={0 154} applyOp.index=154 applyOp.command=shardrpc.InstallShardArgs applyOp.command={Shard:6 State:[15 255 163 4 1 2 255 164 0 1 12 1 255 162 0 0 34 255 161 3 1 2 255 162 0 1 2 1 5 86 97 108 117 101 1 12 0 1 7 86 101 114 115 105 111 110 1 6 0 0 0 4 255 164 0 0] Num:17}
2026/05/03 01:59:16 RSM node0: READER: dequeuing matched submit. applyOp.ID={0 154} index=154 queued.id={0 154} queued.index=154 queued.len(after)=0
2026/05/03 01:59:16 RSM node0: READER: sending OK response. applyOp.command={Shard:6 State:[15 255 163 4 1 2 255 164 0 1 12 1 255 162 0 0 34 255 161 3 1 2 255 162 0 1 2 1 5 86 97 108 117 101 1 12 0 1 7 86 101 114 115 105 111 110 1 6 0 0 0 4 255 164 0 0] Num:17} applyOp.command.type=shardrpc.InstallShardArgs applyOp.ID={0 154} applyOp.index=154; queueed.command={Shard:6 State:[15 255 163 4 1 2 255 164 0 1 12 1 255 162 0 0 34 255 161 3 1 2 255 162 0 1 2 1 5 86 97 108 117 101 1 12 0 1 7 86 101 114 115 105 111 110 1 6 0 0 0 4 255 164 0 0] Num:17} queued.id={0 154} queued.index=154; DoOP.result={Err:OK} DoOP.result.type=shardrpc.InstallShardReply
2026/05/03 01:59:16 RSM node0: Submit received result for op.ID={0 154} queued.CommandIndex=154: error=OK result={OK}
2026/05/03 01:59:16 RSM node2: READER: applying op. applyOp.ID={0 11} applyOp.index=11 applyOp.command=shardrpc.FreezeShardArgs applyOp.command={Shard:6 Num:17}
2026/05/03 01:59:16 RSM node0: Start executed for op.ID={0 12} op.command={Shard:6 Num:17}. index=12, term=3, isLeader=true
2026/05/03 01:59:16 RSM node0: Submit enqueued. op.ID={0 12} index=12 term=3 queued.len=1
2026/05/03 01:59:16 RSM node0: READER: applying op. applyOp.ID={0 12} applyOp.index=12 applyOp.command=shardrpc.DeleteShardArgs applyOp.command={Shard:6 Num:17}
2026/05/03 01:59:16 RSM node0: READER: dequeuing matched submit. applyOp.ID={0 12} index=12 queued.id={0 12} queued.index=12 queued.len(after)=0
2026/05/03 01:59:16 RSM node0: READER: sending OK response. applyOp.command={Shard:6 Num:17} applyOp.command.type=shardrpc.DeleteShardArgs applyOp.ID={0 12} applyOp.index=12; queueed.command={Shard:6 Num:17} queued.id={0 12} queued.index=12; DoOP.result={Err:OK} DoOP.result.type=shardrpc.DeleteShardReply
2026/05/03 01:59:16 RSM node0: Submit received result for op.ID={0 12} queued.CommandIndex=12: error=OK result={OK}
2026/05/03 01:59:16 RSM node0: Start executed for op.ID={0 13} op.command={Shard:7 Num:17}. index=13, term=3, isLeader=true
2026/05/03 01:59:16 RSM node0: Submit enqueued. op.ID={0 13} index=13 term=3 queued.len=1
2026/05/03 01:59:16 RSM node2: READER: applying op. applyOp.ID={0 12} applyOp.index=12 applyOp.command=shardrpc.DeleteShardArgs applyOp.command={Shard:6 Num:17}
2026/05/03 01:59:16 RSM node2: READER: applying op. applyOp.ID={0 154} applyOp.index=154 applyOp.command=shardrpc.InstallShardArgs applyOp.command={Shard:6 State:[15 255 163 4 1 2 255 164 0 1 12 1 255 162 0 0 34 255 161 3 1 2 255 162 0 1 2 1 5 86 97 108 117 101 1 12 0 1 7 86 101 114 115 105 111 110 1 6 0 0 0 4 255 164 0 0] Num:17}
2026/05/03 01:59:16 RSM node0: READER: applying op. applyOp.ID={0 13} applyOp.index=13 applyOp.command=shardrpc.FreezeShardArgs applyOp.command={Shard:7 Num:17}
2026/05/03 01:59:16 RSM node0: READER: dequeuing matched submit. applyOp.ID={0 13} index=13 queued.id={0 13} queued.index=13 queued.len(after)=0
2026/05/03 01:59:16 RSM node0: READER: sending OK response. applyOp.command={Shard:7 Num:17} applyOp.command.type=shardrpc.FreezeShardArgs applyOp.ID={0 13} applyOp.index=13; queueed.command={Shard:7 Num:17} queued.id={0 13} queued.index=13; DoOP.result={State:[15 255 163 4 1 2 255 164 0 1 12 1 255 162 0 0 34 255 161 3 1 2 255 162 0 1 2 1 5 86 97 108 117 101 1 12 0 1 7 86 101 114 115 105 111 110 1 6 0 0 0 4 255 164 0 0] Num:17 Err:OK} DoOP.result.type=shardrpc.FreezeShardReply
2026/05/03 01:59:16 RSM node0: Submit received result for op.ID={0 13} queued.CommandIndex=13: error=OK result={[15 255 163 4 1 2 255 164 0 1 12 1 255 162 0 0 34 255 161 3 1 2 255 162 0 1 2 1 5 86 97 108 117 101 1 12 0 1 7 86 101 114 115 105 111 110 1 6 0 0 0 4 255 164 0 0] 17 OK}
2026/05/03 01:59:16 RSM node1: READER: applying op. applyOp.ID={0 12} applyOp.index=12 applyOp.command=shardrpc.DeleteShardArgs applyOp.command={Shard:6 Num:17}
2026/05/03 01:59:16 RSM node0: Start executed for op.ID={0 155} op.command={Shard:7 State:[15 255 163 4 1 2 255 164 0 1 12 1 255 162 0 0 34 255 161 3 1 2 255 162 0 1 2 1 5 86 97 108 117 101 1 12 0 1 7 86 101 114 115 105 111 110 1 6 0 0 0 4 255 164 0 0] Num:17}. index=155, term=1, isLeader=true
2026/05/03 01:59:16 RSM node0: Submit enqueued. op.ID={0 155} index=155 term=1 queued.len=1
2026/05/03 01:59:16 RSM node1: READER: applying op. applyOp.ID={0 154} applyOp.index=154 applyOp.command=shardrpc.InstallShardArgs applyOp.command={Shard:6 State:[15 255 163 4 1 2 255 164 0 1 12 1 255 162 0 0 34 255 161 3 1 2 255 162 0 1 2 1 5 86 97 108 117 101 1 12 0 1 7 86 101 114 115 105 111 110 1 6 0 0 0 4 255 164 0 0] Num:17}
2026/05/03 01:59:16 RSM node0: READER: applying op. applyOp.ID={0 155} applyOp.index=155 applyOp.command=shardrpc.InstallShardArgs applyOp.command={Shard:7 State:[15 255 163 4 1 2 255 164 0 1 12 1 255 162 0 0 34 255 161 3 1 2 255 162 0 1 2 1 5 86 97 108 117 101 1 12 0 1 7 86 101 114 115 105 111 110 1 6 0 0 0 4 255 164 0 0] Num:17}
2026/05/03 01:59:16 RSM node0: READER: dequeuing matched submit. applyOp.ID={0 155} index=155 queued.id={0 155} queued.index=155 queued.len(after)=0
2026/05/03 01:59:16 RSM node0: READER: sending OK response. applyOp.command={Shard:7 State:[15 255 163 4 1 2 255 164 0 1 12 1 255 162 0 0 34 255 161 3 1 2 255 162 0 1 2 1 5 86 97 108 117 101 1 12 0 1 7 86 101 114 115 105 111 110 1 6 0 0 0 4 255 164 0 0] Num:17} applyOp.command.type=shardrpc.InstallShardArgs applyOp.ID={0 155} applyOp.index=155; queueed.command={Shard:7 State:[15 255 163 4 1 2 255 164 0 1 12 1 255 162 0 0 34 255 161 3 1 2 255 162 0 1 2 1 5 86 97 108 117 101 1 12 0 1 7 86 101 114 115 105 111 110 1 6 0 0 0 4 255 164 0 0] Num:17} queued.id={0 155} queued.index=155; DoOP.result={Err:OK} DoOP.result.type=shardrpc.InstallShardReply
2026/05/03 01:59:16 RSM node0: Submit received result for op.ID={0 155} queued.CommandIndex=155: error=OK result={OK}
2026/05/03 01:59:16 RSM node1: READER: applying op. applyOp.ID={0 13} applyOp.index=13 applyOp.command=shardrpc.FreezeShardArgs applyOp.command={Shard:7 Num:17}
2026/05/03 01:59:16 RSM node2: READER: applying op. applyOp.ID={0 13} applyOp.index=13 applyOp.command=shardrpc.FreezeShardArgs applyOp.command={Shard:7 Num:17}
2026/05/03 01:59:16 RSM node0: Start executed for op.ID={0 14} op.command={Shard:7 Num:17}. index=14, term=3, isLeader=true
2026/05/03 01:59:16 RSM node0: Submit enqueued. op.ID={0 14} index=14 term=3 queued.len=1
2026/05/03 01:59:16 RSM node0: READER: applying op. applyOp.ID={0 14} applyOp.index=14 applyOp.command=shardrpc.DeleteShardArgs applyOp.command={Shard:7 Num:17}
2026/05/03 01:59:16 RSM node0: READER: dequeuing matched submit. applyOp.ID={0 14} index=14 queued.id={0 14} queued.index=14 queued.len(after)=0
2026/05/03 01:59:16 RSM node0: READER: sending OK response. applyOp.command={Shard:7 Num:17} applyOp.command.type=shardrpc.DeleteShardArgs applyOp.ID={0 14} applyOp.index=14; queueed.command={Shard:7 Num:17} queued.id={0 14} queued.index=14; DoOP.result={Err:OK} DoOP.result.type=shardrpc.DeleteShardReply
2026/05/03 01:59:16 RSM node0: Submit received result for op.ID={0 14} queued.CommandIndex=14: error=OK result={OK}
2026/05/03 01:59:16 RSM node0: Start executed for op.ID={0 15} op.command={Shard:8 Num:17}. index=15, term=3, isLeader=true
2026/05/03 01:59:16 RSM node0: Submit enqueued. op.ID={0 15} index=15 term=3 queued.len=1
2026/05/03 01:59:16 RSM node2: READER: applying op. applyOp.ID={0 14} applyOp.index=14 applyOp.command=shardrpc.DeleteShardArgs applyOp.command={Shard:7 Num:17}
2026/05/03 01:59:16 RSM node0: READER: applying op. applyOp.ID={0 15} applyOp.index=15 applyOp.command=shardrpc.FreezeShardArgs applyOp.command={Shard:8 Num:17}
2026/05/03 01:59:16 RSM node0: READER: dequeuing matched submit. applyOp.ID={0 15} index=15 queued.id={0 15} queued.index=15 queued.len(after)=0
2026/05/03 01:59:16 RSM node0: READER: sending OK response. applyOp.command={Shard:8 Num:17} applyOp.command.type=shardrpc.FreezeShardArgs applyOp.ID={0 15} applyOp.index=15; queueed.command={Shard:8 Num:17} queued.id={0 15} queued.index=15; DoOP.result={State:[15 255 163 4 1 2 255 164 0 1 12 1 255 162 0 0 34 255 161 3 1 2 255 162 0 1 2 1 5 86 97 108 117 101 1 12 0 1 7 86 101 114 115 105 111 110 1 6 0 0 0 4 255 164 0 0] Num:17 Err:OK} DoOP.result.type=shardrpc.FreezeShardReply
2026/05/03 01:59:16 RSM node0: Submit received result for op.ID={0 15} queued.CommandIndex=15: error=OK result={[15 255 163 4 1 2 255 164 0 1 12 1 255 162 0 0 34 255 161 3 1 2 255 162 0 1 2 1 5 86 97 108 117 101 1 12 0 1 7 86 101 114 115 105 111 110 1 6 0 0 0 4 255 164 0 0] 17 OK}
2026/05/03 01:59:16 RSM node1: READER: applying op. applyOp.ID={0 14} applyOp.index=14 applyOp.command=shardrpc.DeleteShardArgs applyOp.command={Shard:7 Num:17}
2026/05/03 01:59:16 RSM node1: READER: applying op. applyOp.ID={0 155} applyOp.index=155 applyOp.command=shardrpc.InstallShardArgs applyOp.command={Shard:7 State:[15 255 163 4 1 2 255 164 0 1 12 1 255 162 0 0 34 255 161 3 1 2 255 162 0 1 2 1 5 86 97 108 117 101 1 12 0 1 7 86 101 114 115 105 111 110 1 6 0 0 0 4 255 164 0 0] Num:17}
2026/05/03 01:59:16 RSM node2: READER: applying op. applyOp.ID={0 15} applyOp.index=15 applyOp.command=shardrpc.FreezeShardArgs applyOp.command={Shard:8 Num:17}
2026/05/03 01:59:16 RSM node2: READER: applying op. applyOp.ID={0 155} applyOp.index=155 applyOp.command=shardrpc.InstallShardArgs applyOp.command={Shard:7 State:[15 255 163 4 1 2 255 164 0 1 12 1 255 162 0 0 34 255 161 3 1 2 255 162 0 1 2 1 5 86 97 108 117 101 1 12 0 1 7 86 101 114 115 105 111 110 1 6 0 0 0 4 255 164 0 0] Num:17}
2026/05/03 01:59:16 RSM node1: READER: applying op. applyOp.ID={0 15} applyOp.index=15 applyOp.command=shardrpc.FreezeShardArgs applyOp.command={Shard:8 Num:17}
2026/05/03 01:59:16 RSM node1: Start executed for op.ID={1 28} op.command={Shard:8 State:[15 255 163 4 1 2 255 164 0 1 12 1 255 162 0 0 34 255 161 3 1 2 255 162 0 1 2 1 5 86 97 108 117 101 1 12 0 1 7 86 101 114 115 105 111 110 1 6 0 0 0 4 255 164 0 0] Num:17}. index=-1, term=1, isLeader=false
2026/05/03 01:59:16 RSM node2: Start executed for op.ID={2 27} op.command={Shard:8 State:[15 255 163 4 1 2 255 164 0 1 12 1 255 162 0 0 34 255 161 3 1 2 255 162 0 1 2 1 5 86 97 108 117 101 1 12 0 1 7 86 101 114 115 105 111 110 1 6 0 0 0 4 255 164 0 0] Num:17}. index=-1, term=1, isLeader=false
2026/05/03 01:59:16 RSM node0: Start executed for op.ID={0 156} op.command={Shard:8 State:[15 255 163 4 1 2 255 164 0 1 12 1 255 162 0 0 34 255 161 3 1 2 255 162 0 1 2 1 5 86 97 108 117 101 1 12 0 1 7 86 101 114 115 105 111 110 1 6 0 0 0 4 255 164 0 0] Num:17}. index=156, term=1, isLeader=true
2026/05/03 01:59:16 RSM node0: Submit enqueued. op.ID={0 156} index=156 term=1 queued.len=1
2026/05/03 01:59:16 RSM node0: READER: applying op. applyOp.ID={0 156} applyOp.index=156 applyOp.command=shardrpc.InstallShardArgs applyOp.command={Shard:8 State:[15 255 163 4 1 2 255 164 0 1 12 1 255 162 0 0 34 255 161 3 1 2 255 162 0 1 2 1 5 86 97 108 117 101 1 12 0 1 7 86 101 114 115 105 111 110 1 6 0 0 0 4 255 164 0 0] Num:17}
2026/05/03 01:59:16 RSM node0: READER: dequeuing matched submit. applyOp.ID={0 156} index=156 queued.id={0 156} queued.index=156 queued.len(after)=0
2026/05/03 01:59:16 RSM node0: Submit received result for op.ID={0 156} queued.CommandIndex=156: error=OK result={OK}
2026/05/03 01:59:16 RSM node0: READER: sending OK response. applyOp.command={Shard:8 State:[15 255 163 4 1 2 255 164 0 1 12 1 255 162 0 0 34 255 161 3 1 2 255 162 0 1 2 1 5 86 97 108 117 101 1 12 0 1 7 86 101 114 115 105 111 110 1 6 0 0 0 4 255 164 0 0] Num:17} applyOp.command.type=shardrpc.InstallShardArgs applyOp.ID={0 156} applyOp.index=156; queueed.command={Shard:8 State:[15 255 163 4 1 2 255 164 0 1 12 1 255 162 0 0 34 255 161 3 1 2 255 162 0 1 2 1 5 86 97 108 117 101 1 12 0 1 7 86 101 114 115 105 111 110 1 6 0 0 0 4 255 164 0 0] Num:17} queued.id={0 156} queued.index=156; DoOP.result={Err:OK} DoOP.result.type=shardrpc.InstallShardReply
2026/05/03 01:59:16 RSM node0: Start executed for op.ID={0 16} op.command={Shard:8 Num:17}. index=16, term=3, isLeader=true
2026/05/03 01:59:16 RSM node0: Submit enqueued. op.ID={0 16} index=16 term=3 queued.len=1
2026/05/03 01:59:16 RSM node0: READER: applying op. applyOp.ID={0 16} applyOp.index=16 applyOp.command=shardrpc.DeleteShardArgs applyOp.command={Shard:8 Num:17}
2026/05/03 01:59:16 RSM node0: READER: dequeuing matched submit. applyOp.ID={0 16} index=16 queued.id={0 16} queued.index=16 queued.len(after)=0
2026/05/03 01:59:16 RSM node0: READER: sending OK response. applyOp.command={Shard:8 Num:17} applyOp.command.type=shardrpc.DeleteShardArgs applyOp.ID={0 16} applyOp.index=16; queueed.command={Shard:8 Num:17} queued.id={0 16} queued.index=16; DoOP.result={Err:OK} DoOP.result.type=shardrpc.DeleteShardReply
2026/05/03 01:59:16 RSM node0: Submit received result for op.ID={0 16} queued.CommandIndex=16: error=OK result={OK}
2026/05/03 01:59:16 RSM node0: Start executed for op.ID={0 17} op.command={Shard:9 Num:17}. index=17, term=3, isLeader=true
2026/05/03 01:59:16 RSM node0: Submit enqueued. op.ID={0 17} index=17 term=3 queued.len=1
2026/05/03 01:59:16 RSM node2: READER: applying op. applyOp.ID={0 16} applyOp.index=16 applyOp.command=shardrpc.DeleteShardArgs applyOp.command={Shard:8 Num:17}
2026/05/03 01:59:16 RSM node1: READER: applying op. applyOp.ID={0 16} applyOp.index=16 applyOp.command=shardrpc.DeleteShardArgs applyOp.command={Shard:8 Num:17}
2026/05/03 01:59:16 RSM node0: READER: applying op. applyOp.ID={0 17} applyOp.index=17 applyOp.command=shardrpc.FreezeShardArgs applyOp.command={Shard:9 Num:17}
2026/05/03 01:59:16 RSM node0: READER: dequeuing matched submit. applyOp.ID={0 17} index=17 queued.id={0 17} queued.index=17 queued.len(after)=0
2026/05/03 01:59:16 RSM node0: READER: sending OK response. applyOp.command={Shard:9 Num:17} applyOp.command.type=shardrpc.FreezeShardArgs applyOp.ID={0 17} applyOp.index=17; queueed.command={Shard:9 Num:17} queued.id={0 17} queued.index=17; DoOP.result={State:[15 255 163 4 1 2 255 164 0 1 12 1 255 162 0 0 34 255 161 3 1 2 255 162 0 1 2 1 5 86 97 108 117 101 1 12 0 1 7 86 101 114 115 105 111 110 1 6 0 0 0 4 255 164 0 0] Num:17 Err:OK} DoOP.result.type=shardrpc.FreezeShardReply
2026/05/03 01:59:16 RSM node0: Submit received result for op.ID={0 17} queued.CommandIndex=17: error=OK result={[15 255 163 4 1 2 255 164 0 1 12 1 255 162 0 0 34 255 161 3 1 2 255 162 0 1 2 1 5 86 97 108 117 101 1 12 0 1 7 86 101 114 115 105 111 110 1 6 0 0 0 4 255 164 0 0] 17 OK}
2026/05/03 01:59:16 RSM node0: Start executed for op.ID={0 157} op.command={Shard:9 State:[15 255 163 4 1 2 255 164 0 1 12 1 255 162 0 0 34 255 161 3 1 2 255 162 0 1 2 1 5 86 97 108 117 101 1 12 0 1 7 86 101 114 115 105 111 110 1 6 0 0 0 4 255 164 0 0] Num:17}. index=157, term=1, isLeader=true
2026/05/03 01:59:16 RSM node0: Submit enqueued. op.ID={0 157} index=157 term=1 queued.len=1
2026/05/03 01:59:16 RSM node2: READER: applying op. applyOp.ID={0 17} applyOp.index=17 applyOp.command=shardrpc.FreezeShardArgs applyOp.command={Shard:9 Num:17}
2026/05/03 01:59:16 RSM node1: READER: applying op. applyOp.ID={0 17} applyOp.index=17 applyOp.command=shardrpc.FreezeShardArgs applyOp.command={Shard:9 Num:17}
2026/05/03 01:59:16 RSM node2: READER: applying op. applyOp.ID={0 156} applyOp.index=156 applyOp.command=shardrpc.InstallShardArgs applyOp.command={Shard:8 State:[15 255 163 4 1 2 255 164 0 1 12 1 255 162 0 0 34 255 161 3 1 2 255 162 0 1 2 1 5 86 97 108 117 101 1 12 0 1 7 86 101 114 115 105 111 110 1 6 0 0 0 4 255 164 0 0] Num:17}
2026/05/03 01:59:16 RSM node0: READER: applying op. applyOp.ID={0 157} applyOp.index=157 applyOp.command=shardrpc.InstallShardArgs applyOp.command={Shard:9 State:[15 255 163 4 1 2 255 164 0 1 12 1 255 162 0 0 34 255 161 3 1 2 255 162 0 1 2 1 5 86 97 108 117 101 1 12 0 1 7 86 101 114 115 105 111 110 1 6 0 0 0 4 255 164 0 0] Num:17}
2026/05/03 01:59:16 RSM node0: READER: dequeuing matched submit. applyOp.ID={0 157} index=157 queued.id={0 157} queued.index=157 queued.len(after)=0
2026/05/03 01:59:16 RSM node0: READER: sending OK response. applyOp.command={Shard:9 State:[15 255 163 4 1 2 255 164 0 1 12 1 255 162 0 0 34 255 161 3 1 2 255 162 0 1 2 1 5 86 97 108 117 101 1 12 0 1 7 86 101 114 115 105 111 110 1 6 0 0 0 4 255 164 0 0] Num:17} applyOp.command.type=shardrpc.InstallShardArgs applyOp.ID={0 157} applyOp.index=157; queueed.command={Shard:9 State:[15 255 163 4 1 2 255 164 0 1 12 1 255 162 0 0 34 255 161 3 1 2 255 162 0 1 2 1 5 86 97 108 117 101 1 12 0 1 7 86 101 114 115 105 111 110 1 6 0 0 0 4 255 164 0 0] Num:17} queued.id={0 157} queued.index=157; DoOP.result={Err:OK} DoOP.result.type=shardrpc.InstallShardReply
2026/05/03 01:59:16 RSM node0: Submit received result for op.ID={0 157} queued.CommandIndex=157: error=OK result={OK}
2026/05/03 01:59:16 RSM node1: READER: applying op. applyOp.ID={0 156} applyOp.index=156 applyOp.command=shardrpc.InstallShardArgs applyOp.command={Shard:8 State:[15 255 163 4 1 2 255 164 0 1 12 1 255 162 0 0 34 255 161 3 1 2 255 162 0 1 2 1 5 86 97 108 117 101 1 12 0 1 7 86 101 114 115 105 111 110 1 6 0 0 0 4 255 164 0 0] Num:17}
2026/05/03 01:59:16 RSM node1: READER: applying op. applyOp.ID={0 157} applyOp.index=157 applyOp.command=shardrpc.InstallShardArgs applyOp.command={Shard:9 State:[15 255 163 4 1 2 255 164 0 1 12 1 255 162 0 0 34 255 161 3 1 2 255 162 0 1 2 1 5 86 97 108 117 101 1 12 0 1 7 86 101 114 115 105 111 110 1 6 0 0 0 4 255 164 0 0] Num:17}
2026/05/03 01:59:16 RSM node2: READER: applying op. applyOp.ID={0 157} applyOp.index=157 applyOp.command=shardrpc.InstallShardArgs applyOp.command={Shard:9 State:[15 255 163 4 1 2 255 164 0 1 12 1 255 162 0 0 34 255 161 3 1 2 255 162 0 1 2 1 5 86 97 108 117 101 1 12 0 1 7 86 101 114 115 105 111 110 1 6 0 0 0 4 255 164 0 0] Num:17}
2026/05/03 01:59:16 RSM node1: Start executed for op.ID={1 3} op.command={Shard:9 Num:17}. index=-1, term=3, isLeader=false
2026/05/03 01:59:17 RSM node2: Start executed for op.ID={2 2} op.command={Shard:9 Num:17}. index=-1, term=3, isLeader=false
2026/05/03 01:59:17 RSM node1: Start executed for op.ID={1 4} op.command={Shard:9 Num:17}. index=-1, term=3, isLeader=false
2026/05/03 01:59:17 RSM node0: Start executed for op.ID={0 18} op.command={Key:k0 Value:{"Id":0,"V":68} Version:68}. index=18, term=3, isLeader=true
2026/05/03 01:59:17 RSM node0: Submit enqueued. op.ID={0 18} index=18 term=3 queued.len=1
2026/05/03 01:59:17 RSM node0: READER: applying op. applyOp.ID={0 18} applyOp.index=18 applyOp.command=rpc.PutArgs applyOp.command={Key:k0 Value:{"Id":0,"V":68} Version:68}
2026/05/03 01:59:17 RSM node0: READER: dequeuing matched submit. applyOp.ID={0 18} index=18 queued.id={0 18} queued.index=18 queued.len(after)=0
2026/05/03 01:59:17 RSM node0: READER: sending OK response. applyOp.command={Key:k0 Value:{"Id":0,"V":68} Version:68} applyOp.command.type=rpc.PutArgs applyOp.ID={0 18} applyOp.index=18; queueed.command={Key:k0 Value:{"Id":0,"V":68} Version:68} queued.id={0 18} queued.index=18; DoOP.result={Err:ErrVersion} DoOP.result.type=rpc.PutReply
2026/05/03 01:59:17 RSM node0: Submit received result for op.ID={0 18} queued.CommandIndex=18: error=OK result={ErrVersion}
2026/05/03 01:59:17 RSM node0: Start executed for op.ID={0 19} op.command={Key:k0}. index=19, term=3, isLeader=true
2026/05/03 01:59:17 RSM node0: Submit enqueued. op.ID={0 19} index=19 term=3 queued.len=1
2026/05/03 01:59:17 RSM node1: READER: applying op. applyOp.ID={0 18} applyOp.index=18 applyOp.command=rpc.PutArgs applyOp.command={Key:k0 Value:{"Id":0,"V":68} Version:68}
2026/05/03 01:59:17 RSM node0: READER: applying op. applyOp.ID={0 19} applyOp.index=19 applyOp.command=rpc.GetArgs applyOp.command={Key:k0}
2026/05/03 01:59:17 RSM node0: READER: dequeuing matched submit. applyOp.ID={0 19} index=19 queued.id={0 19} queued.index=19 queued.len(after)=0
2026/05/03 01:59:17 RSM node0: READER: sending OK response. applyOp.command={Key:k0} applyOp.command.type=rpc.GetArgs applyOp.ID={0 19} applyOp.index=19; queueed.command={Key:k0} queued.id={0 19} queued.index=19; DoOP.result={Value:{"Id":0,"V":68} Version:69 Err:OK} DoOP.result.type=rpc.GetReply
2026/05/03 01:59:17 RSM node0: Submit received result for op.ID={0 19} queued.CommandIndex=19: error=OK result={{"Id":0,"V":68} 69 OK}
2026/05/03 01:59:17 RSM node2: READER: applying op. applyOp.ID={0 18} applyOp.index=18 applyOp.command=rpc.PutArgs applyOp.command={Key:k0 Value:{"Id":0,"V":68} Version:68}
2026/05/03 01:59:17 RSM node2: READER: applying op. applyOp.ID={0 19} applyOp.index=19 applyOp.command=rpc.GetArgs applyOp.command={Key:k0}
2026/05/03 01:59:17 RSM node0: Start executed for op.ID={0 20} op.command={Key:k0 Value:{"Id":0,"V":69} Version:69}. index=20, term=3, isLeader=true
2026/05/03 01:59:17 RSM node0: Submit enqueued. op.ID={0 20} index=20 term=3 queued.len=1
2026/05/03 01:59:17 RSM node1: READER: applying op. applyOp.ID={0 19} applyOp.index=19 applyOp.command=rpc.GetArgs applyOp.command={Key:k0}
2026/05/03 01:59:17 RSM node0: READER: applying op. applyOp.ID={0 20} applyOp.index=20 applyOp.command=rpc.PutArgs applyOp.command={Key:k0 Value:{"Id":0,"V":69} Version:69}
2026/05/03 01:59:17 RSM node0: READER: dequeuing matched submit. applyOp.ID={0 20} index=20 queued.id={0 20} queued.index=20 queued.len(after)=0
2026/05/03 01:59:17 RSM node0: READER: sending OK response. applyOp.command={Key:k0 Value:{"Id":0,"V":69} Version:69} applyOp.command.type=rpc.PutArgs applyOp.ID={0 20} applyOp.index=20; queueed.command={Key:k0 Value:{"Id":0,"V":69} Version:69} queued.id={0 20} queued.index=20; DoOP.result={Err:OK} DoOP.result.type=rpc.PutReply
2026/05/03 01:59:17 RSM node0: Submit received result for op.ID={0 20} queued.CommandIndex=20: error=OK result={OK}
2026/05/03 01:59:17 RSM node2: READER: applying op. applyOp.ID={0 20} applyOp.index=20 applyOp.command=rpc.PutArgs applyOp.command={Key:k0 Value:{"Id":0,"V":69} Version:69}
2026/05/03 01:59:17 RSM node0: Start executed for op.ID={0 21} op.command={Key:k0}. index=21, term=3, isLeader=true
2026/05/03 01:59:17 RSM node0: Submit enqueued. op.ID={0 21} index=21 term=3 queued.len=1
2026/05/03 01:59:17 RSM node1: READER: applying op. applyOp.ID={0 20} applyOp.index=20 applyOp.command=rpc.PutArgs applyOp.command={Key:k0 Value:{"Id":0,"V":69} Version:69}
2026/05/03 01:59:17 RSM node0: READER: applying op. applyOp.ID={0 21} applyOp.index=21 applyOp.command=rpc.GetArgs applyOp.command={Key:k0}
2026/05/03 01:59:17 RSM node0: READER: dequeuing matched submit. applyOp.ID={0 21} index=21 queued.id={0 21} queued.index=21 queued.len(after)=0
2026/05/03 01:59:17 RSM node0: READER: sending OK response. applyOp.command={Key:k0} applyOp.command.type=rpc.GetArgs applyOp.ID={0 21} applyOp.index=21; queueed.command={Key:k0} queued.id={0 21} queued.index=21; DoOP.result={Value:{"Id":0,"V":69} Version:70 Err:OK} DoOP.result.type=rpc.GetReply
2026/05/03 01:59:17 RSM node0: Submit received result for op.ID={0 21} queued.CommandIndex=21: error=OK result={{"Id":0,"V":69} 70 OK}
2026/05/03 01:59:17 RSM node1: READER: applying op. applyOp.ID={0 21} applyOp.index=21 applyOp.command=rpc.GetArgs applyOp.command={Key:k0}
2026/05/03 01:59:17 RSM node0: Start executed for op.ID={0 22} op.command={Shard:9 Num:17}. index=22, term=3, isLeader=true
2026/05/03 01:59:17 RSM node0: Submit enqueued. op.ID={0 22} index=22 term=3 queued.len=1
2026/05/03 01:59:17 RSM node2: READER: applying op. applyOp.ID={0 21} applyOp.index=21 applyOp.command=rpc.GetArgs applyOp.command={Key:k0}
2026/05/03 01:59:17 RSM node0: READER: applying op. applyOp.ID={0 22} applyOp.index=22 applyOp.command=shardrpc.DeleteShardArgs applyOp.command={Shard:9 Num:17}
2026/05/03 01:59:17 RSM node0: READER: dequeuing matched submit. applyOp.ID={0 22} index=22 queued.id={0 22} queued.index=22 queued.len(after)=0
2026/05/03 01:59:17 RSM node0: Submit received result for op.ID={0 22} queued.CommandIndex=22: error=OK result={OK}
2026/05/03 01:59:17 RSM node0: READER: sending OK response. applyOp.command={Shard:9 Num:17} applyOp.command.type=shardrpc.DeleteShardArgs applyOp.ID={0 22} applyOp.index=22; queueed.command={Shard:9 Num:17} queued.id={0 22} queued.index=22; DoOP.result={Err:OK} DoOP.result.type=shardrpc.DeleteShardReply
2026/05/03 01:59:17 RSM node0: Start executed for op.ID={0 23} op.command={Shard:10 Num:17}. index=23, term=3, isLeader=true
2026/05/03 01:59:17 RSM node0: Submit enqueued. op.ID={0 23} index=23 term=3 queued.len=1
2026/05/03 01:59:17 RSM node2: READER: applying op. applyOp.ID={0 22} applyOp.index=22 applyOp.command=shardrpc.DeleteShardArgs applyOp.command={Shard:9 Num:17}
2026/05/03 01:59:17 RSM node0: READER: applying op. applyOp.ID={0 23} applyOp.index=23 applyOp.command=shardrpc.FreezeShardArgs applyOp.command={Shard:10 Num:17}
2026/05/03 01:59:17 RSM node0: READER: dequeuing matched submit. applyOp.ID={0 23} index=23 queued.id={0 23} queued.index=23 queued.len(after)=0
2026/05/03 01:59:17 RSM node1: READER: applying op. applyOp.ID={0 22} applyOp.index=22 applyOp.command=shardrpc.DeleteShardArgs applyOp.command={Shard:9 Num:17}
2026/05/03 01:59:17 RSM node0: READER: sending OK response. applyOp.command={Shard:10 Num:17} applyOp.command.type=shardrpc.FreezeShardArgs applyOp.ID={0 23} applyOp.index=23; queueed.command={Shard:10 Num:17} queued.id={0 23} queued.index=23; DoOP.result={State:[15 255 163 4 1 2 255 164 0 1 12 1 255 162 0 0 34 255 161 3 1 2 255 162 0 1 2 1 5 86 97 108 117 101 1 12 0 1 7 86 101 114 115 105 111 110 1 6 0 0 0 27 255 164 0 1 2 107 48 1 15 123 34 73 100 34 58 48 44 34 86 34 58 54 57 125 1 70 0] Num:17 Err:OK} DoOP.result.type=shardrpc.FreezeShardReply
2026/05/03 01:59:17 RSM node0: Submit received result for op.ID={0 23} queued.CommandIndex=23: error=OK result={[15 255 163 4 1 2 255 164 0 1 12 1 255 162 0 0 34 255 161 3 1 2 255 162 0 1 2 1 5 86 97 108 117 101 1 12 0 1 7 86 101 114 115 105 111 110 1 6 0 0 0 27 255 164 0 1 2 107 48 1 15 123 34 73 100 34 58 48 44 34 86 34 58 54 57 125 1 70 0] 17 OK}
2026/05/03 01:59:17 RSM node2: READER: applying op. applyOp.ID={0 23} applyOp.index=23 applyOp.command=shardrpc.FreezeShardArgs applyOp.command={Shard:10 Num:17}
2026/05/03 01:59:17 RSM node1: READER: applying op. applyOp.ID={0 23} applyOp.index=23 applyOp.command=shardrpc.FreezeShardArgs applyOp.command={Shard:10 Num:17}
2026/05/03 01:59:17 RSM node0: Start executed for op.ID={0 158} op.command={Shard:10 State:[15 255 163 4 1 2 255 164 0 1 12 1 255 162 0 0 34 255 161 3 1 2 255 162 0 1 2 1 5 86 97 108 117 101 1 12 0 1 7 86 101 114 115 105 111 110 1 6 0 0 0 27 255 164 0 1 2 107 48 1 15 123 34 73 100 34 58 48 44 34 86 34 58 54 57 125 1 70 0] Num:17}. index=158, term=1, isLeader=true
2026/05/03 01:59:17 RSM node0: Submit enqueued. op.ID={0 158} index=158 term=1 queued.len=1
2026/05/03 01:59:17 RSM node0: READER: applying op. applyOp.ID={0 158} applyOp.index=158 applyOp.command=shardrpc.InstallShardArgs applyOp.command={Shard:10 State:[15 255 163 4 1 2 255 164 0 1 12 1 255 162 0 0 34 255 161 3 1 2 255 162 0 1 2 1 5 86 97 108 117 101 1 12 0 1 7 86 101 114 115 105 111 110 1 6 0 0 0 27 255 164 0 1 2 107 48 1 15 123 34 73 100 34 58 48 44 34 86 34 58 54 57 125 1 70 0] Num:17}
2026/05/03 01:59:17 RSM node0: READER: dequeuing matched submit. applyOp.ID={0 158} index=158 queued.id={0 158} queued.index=158 queued.len(after)=0
2026/05/03 01:59:17 RSM node0: Submit received result for op.ID={0 158} queued.CommandIndex=158: error=OK result={OK}
2026/05/03 01:59:17 RSM node0: READER: sending OK response. applyOp.command={Shard:10 State:[15 255 163 4 1 2 255 164 0 1 12 1 255 162 0 0 34 255 161 3 1 2 255 162 0 1 2 1 5 86 97 108 117 101 1 12 0 1 7 86 101 114 115 105 111 110 1 6 0 0 0 27 255 164 0 1 2 107 48 1 15 123 34 73 100 34 58 48 44 34 86 34 58 54 57 125 1 70 0] Num:17} applyOp.command.type=shardrpc.InstallShardArgs applyOp.ID={0 158} applyOp.index=158; queueed.command={Shard:10 State:[15 255 163 4 1 2 255 164 0 1 12 1 255 162 0 0 34 255 161 3 1 2 255 162 0 1 2 1 5 86 97 108 117 101 1 12 0 1 7 86 101 114 115 105 111 110 1 6 0 0 0 27 255 164 0 1 2 107 48 1 15 123 34 73 100 34 58 48 44 34 86 34 58 54 57 125 1 70 0] Num:17} queued.id={0 158} queued.index=158; DoOP.result={Err:OK} DoOP.result.type=shardrpc.InstallShardReply
2026/05/03 01:59:17 RSM node0: Start executed for op.ID={0 24} op.command={Shard:10 Num:17}. index=24, term=3, isLeader=true
2026/05/03 01:59:17 RSM node0: Submit enqueued. op.ID={0 24} index=24 term=3 queued.len=1
2026/05/03 01:59:17 RSM node2: READER: applying op. applyOp.ID={0 158} applyOp.index=158 applyOp.command=shardrpc.InstallShardArgs applyOp.command={Shard:10 State:[15 255 163 4 1 2 255 164 0 1 12 1 255 162 0 0 34 255 161 3 1 2 255 162 0 1 2 1 5 86 97 108 117 101 1 12 0 1 7 86 101 114 115 105 111 110 1 6 0 0 0 27 255 164 0 1 2 107 48 1 15 123 34 73 100 34 58 48 44 34 86 34 58 54 57 125 1 70 0] Num:17}
2026/05/03 01:59:17 RSM node0: READER: applying op. applyOp.ID={0 24} applyOp.index=24 applyOp.command=shardrpc.DeleteShardArgs applyOp.command={Shard:10 Num:17}
2026/05/03 01:59:17 RSM node0: READER: dequeuing matched submit. applyOp.ID={0 24} index=24 queued.id={0 24} queued.index=24 queued.len(after)=0
2026/05/03 01:59:17 RSM node0: READER: sending OK response. applyOp.command={Shard:10 Num:17} applyOp.command.type=shardrpc.DeleteShardArgs applyOp.ID={0 24} applyOp.index=24; queueed.command={Shard:10 Num:17} queued.id={0 24} queued.index=24; DoOP.result={Err:OK} DoOP.result.type=shardrpc.DeleteShardReply
2026/05/03 01:59:17 RSM node0: Submit received result for op.ID={0 24} queued.CommandIndex=24: error=OK result={OK}
2026/05/03 01:59:17 RSM node1: READER: applying op. applyOp.ID={0 158} applyOp.index=158 applyOp.command=shardrpc.InstallShardArgs applyOp.command={Shard:10 State:[15 255 163 4 1 2 255 164 0 1 12 1 255 162 0 0 34 255 161 3 1 2 255 162 0 1 2 1 5 86 97 108 117 101 1 12 0 1 7 86 101 114 115 105 111 110 1 6 0 0 0 27 255 164 0 1 2 107 48 1 15 123 34 73 100 34 58 48 44 34 86 34 58 54 57 125 1 70 0] Num:17}
info: wrote history visualization to /tmp/porcupine-279624096.html
    porcupine.go:112: history is not linearizable
--- FAIL: TestOneConcurrentClerkUnreliable5A (24.08s)
FAIL
exit status 1
FAIL	6.5840/shardkv1	24.087s
